	gene_symbol
A1BG	A1BG
A1BG-AS1	A1BG-AS1
A1CF	A1CF
A2M	A2M
A2M-AS1	A2M-AS1
A2ML1	A2ML1
A2ML1-AS1	A2ML1-AS1
A3GALT2	A3GALT2
A4GALT	A4GALT
A4GNT	A4GNT
AAAS	AAAS
AACS	AACS
AADAC	AADAC
AADACL2	AADACL2
AADACL2-AS1	AADACL2-AS1
AADACL3	AADACL3
AADACL4	AADACL4
AADAT	AADAT
AAED1	AAED1
AAGAB	AAGAB
AAK1	AAK1
AAMDC	AAMDC
AAMP	AAMP
AANAT	AANAT
AAR2	AAR2
AARD	AARD
AARS	AARS
AARS2	AARS2
AARSD1	AARSD1
AASDH	AASDH
AASDHPPT	AASDHPPT
AASS	AASS
AATBC	AATBC
AATF	AATF
AATK	AATK
AB015752.1	AB015752.1
ABALON	ABALON
ABAT	ABAT
ABCA1	ABCA1
ABCA10	ABCA10
ABCA12	ABCA12
ABCA13	ABCA13
ABCA2	ABCA2
ABCA3	ABCA3
ABCA4	ABCA4
ABCA5	ABCA5
ABCA6	ABCA6
ABCA7	ABCA7
ABCA8	ABCA8
ABCA9	ABCA9
ABCA9-AS1	ABCA9-AS1
ABCB1	ABCB1
ABCB10	ABCB10
ABCB11	ABCB11
ABCB4	ABCB4
ABCB5	ABCB5
ABCB6	ABCB6
ABCB7	ABCB7
ABCB8	ABCB8
ABCB9	ABCB9
ABCC1	ABCC1
ABCC10	ABCC10
ABCC11	ABCC11
ABCC12	ABCC12
ABCC2	ABCC2
ABCC3	ABCC3
ABCC4	ABCC4
ABCC5	ABCC5
ABCC5-AS1	ABCC5-AS1
ABCC6	ABCC6
ABCC8	ABCC8
ABCC9	ABCC9
ABCD1	ABCD1
ABCD2	ABCD2
ABCD3	ABCD3
ABCD4	ABCD4
ABCE1	ABCE1
ABCF1	ABCF1
ABCF2	ABCF2
ABCF2.1	ABCF2.1
ABCF3	ABCF3
ABCG1	ABCG1
ABCG2	ABCG2
ABCG4	ABCG4
ABCG5	ABCG5
ABCG8	ABCG8
ABHD1	ABHD1
ABHD10	ABHD10
ABHD11	ABHD11
ABHD12	ABHD12
ABHD12B	ABHD12B
ABHD13	ABHD13
ABHD14A	ABHD14A
ABHD14A-ACY1	ABHD14A-ACY1
ABHD14B	ABHD14B
ABHD15	ABHD15
ABHD15-AS1	ABHD15-AS1
ABHD16A	ABHD16A
ABHD16B	ABHD16B
ABHD17A	ABHD17A
ABHD17B	ABHD17B
ABHD17C	ABHD17C
ABHD18	ABHD18
ABHD2	ABHD2
ABHD3	ABHD3
ABHD4	ABHD4
ABHD5	ABHD5
ABHD6	ABHD6
ABHD8	ABHD8
ABI1	ABI1
ABI2	ABI2
ABI3	ABI3
ABI3BP	ABI3BP
ABITRAM	ABITRAM
ABL1	ABL1
ABL2	ABL2
ABLIM1	ABLIM1
ABLIM2	ABLIM2
ABLIM3	ABLIM3
ABO	ABO
ABR	ABR
ABRA	ABRA
ABRACL	ABRACL
ABRAXAS1	ABRAXAS1
ABRAXAS2	ABRAXAS2
ABT1	ABT1
ABTB1	ABTB1
ABTB2	ABTB2
AC000032.1	AC000032.1
AC000035.1	AC000035.1
AC000036.1	AC000036.1
AC000050.1	AC000050.1
AC000058.1	AC000058.1
AC000061.1	AC000061.1
AC000065.1	AC000065.1
AC000065.2	AC000065.2
AC000067.1	AC000067.1
AC000068.1	AC000068.1
AC000068.2	AC000068.2
AC000068.3	AC000068.3
AC000072.1	AC000072.1
AC000082.1	AC000082.1
AC000085.1	AC000085.1
AC000093.1	AC000093.1
AC000099.1	AC000099.1
AC000113.1	AC000113.1
AC000120.1	AC000120.1
AC000123.1	AC000123.1
AC000124.1	AC000124.1
AC000372.1	AC000372.1
AC000403.1	AC000403.1
AC001226.1	AC001226.1
AC001226.2	AC001226.2
AC002044.1	AC002044.1
AC002056.2	AC002056.2
AC002057.1	AC002057.1
AC002057.2	AC002057.2
AC002059.1	AC002059.1
AC002064.1	AC002064.1
AC002064.2	AC002064.2
AC002066.1	AC002066.1
AC002069.2	AC002069.2
AC002070.1	AC002070.1
AC002072.1	AC002072.1
AC002074.1	AC002074.1
AC002074.2	AC002074.2
AC002091.1	AC002091.1
AC002091.2	AC002091.2
AC002094.2	AC002094.2
AC002094.3	AC002094.3
AC002094.4	AC002094.4
AC002101.1	AC002101.1
AC002115.1	AC002115.1
AC002116.2	AC002116.2
AC002127.2	AC002127.2
AC002128.1	AC002128.1
AC002128.2	AC002128.2
AC002306.1	AC002306.1
AC002310.1	AC002310.1
AC002310.2	AC002310.2
AC002310.4	AC002310.4
AC002310.5	AC002310.5
AC002331.1	AC002331.1
AC002347.1	AC002347.1
AC002347.2	AC002347.2
AC002351.1	AC002351.1
AC002368.1	AC002368.1
AC002375.1	AC002375.1
AC002377.1	AC002377.1
AC002378.1	AC002378.1
AC002383.1	AC002383.1
AC002384.1	AC002384.1
AC002386.1	AC002386.1
AC002398.1	AC002398.1
AC002398.2	AC002398.2
AC002401.1	AC002401.1
AC002401.2	AC002401.2
AC002401.3	AC002401.3
AC002401.4	AC002401.4
AC002407.1	AC002407.1
AC002428.1	AC002428.1
AC002428.2	AC002428.2
AC002429.2	AC002429.2
AC002451.1	AC002451.1
AC002454.1	AC002454.1
AC002456.1	AC002456.1
AC002458.1	AC002458.1
AC002460.2	AC002460.2
AC002463.1	AC002463.1
AC002465.1	AC002465.1
AC002465.2	AC002465.2
AC002467.1	AC002467.1
AC002470.1	AC002470.1
AC002472.1	AC002472.1
AC002480.1	AC002480.1
AC002480.2	AC002480.2
AC002480.3	AC002480.3
AC002480.4	AC002480.4
AC002511.1	AC002511.1
AC002511.2	AC002511.2
AC002519.1	AC002519.1
AC002529.1	AC002529.1
AC002542.6	AC002542.6
AC002546.1	AC002546.1
AC002550.1	AC002550.1
AC002550.2	AC002550.2
AC002551.1	AC002551.1
AC002553.1	AC002553.1
AC002553.2	AC002553.2
AC002558.2	AC002558.2
AC002558.3	AC002558.3
AC002563.1	AC002563.1
AC002985.1	AC002985.1
AC002996.1	AC002996.1
AC003001.1	AC003001.1
AC003002.1	AC003002.1
AC003002.2	AC003002.2
AC003005.1	AC003005.1
AC003005.2	AC003005.2
AC003006.1	AC003006.1
AC003035.1	AC003035.1
AC003035.2	AC003035.2
AC003043.1	AC003043.1
AC003043.2	AC003043.2
AC003044.1	AC003044.1
AC003070.2	AC003070.2
AC003077.1	AC003077.1
AC003084.1	AC003084.1
AC003086.1	AC003086.1
AC003087.1	AC003087.1
AC003092.1	AC003092.1
AC003092.2	AC003092.2
AC003093.1	AC003093.1
AC003101.1	AC003101.1
AC003101.2	AC003101.2
AC003102.1	AC003102.1
AC003659.1	AC003659.1
AC003666.1	AC003666.1
AC003681.1	AC003681.1
AC003682.1	AC003682.1
AC003684.1	AC003684.1
AC003687.1	AC003687.1
AC003688.1	AC003688.1
AC003950.1	AC003950.1
AC003956.1	AC003956.1
AC003958.2	AC003958.2
AC003965.1	AC003965.1
AC003965.2	AC003965.2
AC003973.1	AC003973.1
AC003973.2	AC003973.2
AC003975.1	AC003975.1
AC003982.1	AC003982.1
AC003984.1	AC003984.1
AC003985.1	AC003985.1
AC003986.1	AC003986.1
AC003986.2	AC003986.2
AC003986.3	AC003986.3
AC003988.1	AC003988.1
AC003991.1	AC003991.1
AC003991.2	AC003991.2
AC003992.1	AC003992.1
AC004000.1	AC004000.1
AC004009.1	AC004009.1
AC004012.1	AC004012.1
AC004014.1	AC004014.1
AC004023.1	AC004023.1
AC004034.1	AC004034.1
AC004039.1	AC004039.1
AC004047.1	AC004047.1
AC004052.1	AC004052.1
AC004053.1	AC004053.1
AC004054.1	AC004054.1
AC004066.2	AC004066.2
AC004067.1	AC004067.1
AC004069.1	AC004069.1
AC004076.1	AC004076.1
AC004076.2	AC004076.2
AC004080.2	AC004080.2
AC004083.1	AC004083.1
AC004112.1	AC004112.1
AC004130.1	AC004130.1
AC004130.2	AC004130.2
AC004147.1	AC004147.1
AC004147.2	AC004147.2
AC004147.3	AC004147.3
AC004147.5	AC004147.5
AC004148.1	AC004148.1
AC004148.2	AC004148.2
AC004149.1	AC004149.1
AC004156.1	AC004156.1
AC004158.1	AC004158.1
AC004160.1	AC004160.1
AC004160.2	AC004160.2
AC004217.1	AC004217.1
AC004221.1	AC004221.1
AC004223.2	AC004223.2
AC004223.3	AC004223.3
AC004223.4	AC004223.4
AC004231.1	AC004231.1
AC004231.3	AC004231.3
AC004232.1	AC004232.1
AC004232.2	AC004232.2
AC004233.1	AC004233.1
AC004233.2	AC004233.2
AC004233.3	AC004233.3
AC004233.4	AC004233.4
AC004241.1	AC004241.1
AC004241.2	AC004241.2
AC004241.3	AC004241.3
AC004241.4	AC004241.4
AC004253.1	AC004253.1
AC004257.1	AC004257.1
AC004263.1	AC004263.1
AC004263.2	AC004263.2
AC004264.1	AC004264.1
AC004381.1	AC004381.1
AC004408.1	AC004408.1
AC004415.1	AC004415.1
AC004448.1	AC004448.1
AC004448.2	AC004448.2
AC004448.3	AC004448.3
AC004448.5	AC004448.5
AC004449.1	AC004449.1
AC004461.2	AC004461.2
AC004464.1	AC004464.1
AC004466.1	AC004466.1
AC004466.2	AC004466.2
AC004466.3	AC004466.3
AC004470.1	AC004470.1
AC004471.1	AC004471.1
AC004471.2	AC004471.2
AC004477.1	AC004477.1
AC004477.2	AC004477.2
AC004477.3	AC004477.3
AC004485.1	AC004485.1
AC004490.1	AC004490.1
AC004492.1	AC004492.1
AC004494.1	AC004494.1
AC004520.1	AC004520.1
AC004522.2	AC004522.2
AC004522.3	AC004522.3
AC004522.4	AC004522.4
AC004522.5	AC004522.5
AC004528.1	AC004528.1
AC004528.2	AC004528.2
AC004540.1	AC004540.1
AC004540.2	AC004540.2
AC004542.1	AC004542.1
AC004542.2	AC004542.2
AC004543.1	AC004543.1
AC004549.1	AC004549.1
AC004551.1	AC004551.1
AC004554.2	AC004554.2
AC004556.1	AC004556.1
AC004556.3	AC004556.3
AC004584.1	AC004584.1
AC004584.3	AC004584.3
AC004585.1	AC004585.1
AC004590.1	AC004590.1
AC004593.1	AC004593.1
AC004593.2	AC004593.2
AC004593.3	AC004593.3
AC004594.1	AC004594.1
AC004596.1	AC004596.1
AC004597.1	AC004597.1
AC004637.1	AC004637.1
AC004672.1	AC004672.1
AC004672.2	AC004672.2
AC004674.1	AC004674.1
AC004687.1	AC004687.1
AC004687.3	AC004687.3
AC004690.2	AC004690.2
AC004691.1	AC004691.1
AC004691.2	AC004691.2
AC004692.2	AC004692.2
AC004702.1	AC004702.1
AC004704.1	AC004704.1
AC004706.1	AC004706.1
AC004706.3	AC004706.3
AC004707.1	AC004707.1
AC004765.1	AC004765.1
AC004771.1	AC004771.1
AC004771.2	AC004771.2
AC004771.3	AC004771.3
AC004771.4	AC004771.4
AC004771.5	AC004771.5
AC004775.1	AC004775.1
AC004784.1	AC004784.1
AC004797.1	AC004797.1
AC004801.3	AC004801.3
AC004801.4	AC004801.4
AC004801.6	AC004801.6
AC004803.1	AC004803.1
AC004805.1	AC004805.1
AC004812.2	AC004812.2
AC004816.1	AC004816.1
AC004816.2	AC004816.2
AC004817.1	AC004817.1
AC004817.2	AC004817.2
AC004817.3	AC004817.3
AC004817.4	AC004817.4
AC004817.5	AC004817.5
AC004824.1	AC004824.1
AC004825.2	AC004825.2
AC004825.3	AC004825.3
AC004828.1	AC004828.1
AC004828.2	AC004828.2
AC004830.1	AC004830.1
AC004830.2	AC004830.2
AC004832.1	AC004832.1
AC004832.3	AC004832.3
AC004832.4	AC004832.4
AC004832.5	AC004832.5
AC004832.6	AC004832.6
AC004834.1	AC004834.1
AC004835.1	AC004835.1
AC004837.2	AC004837.2
AC004837.4	AC004837.4
AC004839.1	AC004839.1
AC004839.2	AC004839.2
AC004846.1	AC004846.1
AC004846.2	AC004846.2
AC004847.1	AC004847.1
AC004852.2	AC004852.2
AC004854.2	AC004854.2
AC004862.1	AC004862.1
AC004865.2	AC004865.2
AC004869.1	AC004869.1
AC004870.2	AC004870.2
AC004870.3	AC004870.3
AC004870.4	AC004870.4
AC004875.1	AC004875.1
AC004877.1	AC004877.1
AC004879.1	AC004879.1
AC004882.1	AC004882.1
AC004882.3	AC004882.3
AC004884.2	AC004884.2
AC004888.1	AC004888.1
AC004889.1	AC004889.1
AC004893.3	AC004893.3
AC004895.1	AC004895.1
AC004900.1	AC004900.1
AC004906.1	AC004906.1
AC004908.1	AC004908.1
AC004908.2	AC004908.2
AC004908.3	AC004908.3
AC004917.1	AC004917.1
AC004918.1	AC004918.1
AC004918.4	AC004918.4
AC004921.1	AC004921.1
AC004921.2	AC004921.2
AC004922.1	AC004922.1
AC004923.4	AC004923.4
AC004930.1	AC004930.1
AC004936.1	AC004936.1
AC004938.2	AC004938.2
AC004941.1	AC004941.1
AC004943.1	AC004943.1
AC004943.2	AC004943.2
AC004943.3	AC004943.3
AC004946.1	AC004946.1
AC004946.2	AC004946.2
AC004947.1	AC004947.1
AC004947.3	AC004947.3
AC004948.1	AC004948.1
AC004949.1	AC004949.1
AC004951.1	AC004951.1
AC004969.1	AC004969.1
AC004973.1	AC004973.1
AC004974.1	AC004974.1
AC004982.1	AC004982.1
AC004982.2	AC004982.2
AC004988.1	AC004988.1
AC004990.1	AC004990.1
AC004994.1	AC004994.1
AC004997.1	AC004997.1
AC005005.3	AC005005.3
AC005005.4	AC005005.4
AC005006.1	AC005006.1
AC005008.2	AC005008.2
AC005009.1	AC005009.1
AC005009.2	AC005009.2
AC005013.1	AC005013.1
AC005014.2	AC005014.2
AC005014.3	AC005014.3
AC005014.4	AC005014.4
AC005019.2	AC005019.2
AC005020.2	AC005020.2
AC005021.1	AC005021.1
AC005034.2	AC005034.2
AC005034.3	AC005034.3
AC005034.4	AC005034.4
AC005034.5	AC005034.5
AC005034.6	AC005034.6
AC005037.1	AC005037.1
AC005040.2	AC005040.2
AC005041.1	AC005041.1
AC005041.3	AC005041.3
AC005041.4	AC005041.4
AC005041.5	AC005041.5
AC005042.2	AC005042.2
AC005046.1	AC005046.1
AC005050.1	AC005050.1
AC005050.3	AC005050.3
AC005052.2	AC005052.2
AC005062.1	AC005062.1
AC005064.1	AC005064.1
AC005070.3	AC005070.3
AC005071.1	AC005071.1
AC005072.1	AC005072.1
AC005076.1	AC005076.1
AC005081.1	AC005081.1
AC005082.1	AC005082.1
AC005082.2	AC005082.2
AC005083.1	AC005083.1
AC005086.1	AC005086.1
AC005086.2	AC005086.2
AC005089.1	AC005089.1
AC005090.1	AC005090.1
AC005091.1	AC005091.1
AC005096.1	AC005096.1
AC005100.1	AC005100.1
AC005100.2	AC005100.2
AC005104.1	AC005104.1
AC005104.3	AC005104.3
AC005144.1	AC005144.1
AC005150.1	AC005150.1
AC005153.1	AC005153.1
AC005154.4	AC005154.4
AC005154.5	AC005154.5
AC005154.6	AC005154.6
AC005162.1	AC005162.1
AC005162.2	AC005162.2
AC005162.3	AC005162.3
AC005165.1	AC005165.1
AC005165.3	AC005165.3
AC005180.1	AC005180.1
AC005180.2	AC005180.2
AC005186.1	AC005186.1
AC005197.1	AC005197.1
AC005208.1	AC005208.1
AC005209.1	AC005209.1
AC005220.1	AC005220.1
AC005224.1	AC005224.1
AC005224.2	AC005224.2
AC005224.3	AC005224.3
AC005225.1	AC005225.1
AC005225.2	AC005225.2
AC005225.3	AC005225.3
AC005229.4	AC005229.4
AC005229.5	AC005229.5
AC005234.1	AC005234.1
AC005234.2	AC005234.2
AC005237.1	AC005237.1
AC005244.2	AC005244.2
AC005252.4	AC005252.4
AC005253.1	AC005253.1
AC005253.2	AC005253.2
AC005258.1	AC005258.1
AC005261.1	AC005261.1
AC005261.2	AC005261.2
AC005261.3	AC005261.3
AC005264.1	AC005264.1
AC005277.1	AC005277.1
AC005277.2	AC005277.2
AC005280.1	AC005280.1
AC005280.2	AC005280.2
AC005288.1	AC005288.1
AC005291.1	AC005291.1
AC005291.2	AC005291.2
AC005293.1	AC005293.1
AC005301.2	AC005301.2
AC005303.1	AC005303.1
AC005304.1	AC005304.1
AC005304.2	AC005304.2
AC005304.3	AC005304.3
AC005306.1	AC005306.1
AC005307.1	AC005307.1
AC005323.1	AC005323.1
AC005323.2	AC005323.2
AC005324.1	AC005324.1
AC005324.3	AC005324.3
AC005324.4	AC005324.4
AC005324.5	AC005324.5
AC005329.1	AC005329.1
AC005329.2	AC005329.2
AC005329.3	AC005329.3
AC005330.1	AC005330.1
AC005332.1	AC005332.1
AC005332.2	AC005332.2
AC005332.3	AC005332.3
AC005332.4	AC005332.4
AC005332.5	AC005332.5
AC005332.6	AC005332.6
AC005332.7	AC005332.7
AC005332.8	AC005332.8
AC005339.1	AC005339.1
AC005342.1	AC005342.1
AC005342.2	AC005342.2
AC005343.1	AC005343.1
AC005343.4	AC005343.4
AC005355.1	AC005355.1
AC005358.1	AC005358.1
AC005358.2	AC005358.2
AC005363.2	AC005363.2
AC005381.1	AC005381.1
AC005383.1	AC005383.1
AC005387.1	AC005387.1
AC005387.2	AC005387.2
AC005391.1	AC005391.1
AC005392.2	AC005392.2
AC005392.3	AC005392.3
AC005393.1	AC005393.1
AC005394.1	AC005394.1
AC005400.1	AC005400.1
AC005410.2	AC005410.2
AC005414.1	AC005414.1
AC005476.2	AC005476.2
AC005479.1	AC005479.1
AC005479.2	AC005479.2
AC005480.1	AC005480.1
AC005481.1	AC005481.1
AC005482.1	AC005482.1
AC005486.1	AC005486.1
AC005487.1	AC005487.1
AC005495.2	AC005495.2
AC005498.1	AC005498.1
AC005498.2	AC005498.2
AC005498.3	AC005498.3
AC005515.2	AC005515.2
AC005518.1	AC005518.1
AC005519.1	AC005519.1
AC005520.2	AC005520.2
AC005520.3	AC005520.3
AC005520.5	AC005520.5
AC005522.1	AC005522.1
AC005523.1	AC005523.1
AC005523.2	AC005523.2
AC005529.1	AC005529.1
AC005532.1	AC005532.1
AC005534.1	AC005534.1
AC005537.1	AC005537.1
AC005538.1	AC005538.1
AC005538.3	AC005538.3
AC005540.1	AC005540.1
AC005544.1	AC005544.1
AC005544.2	AC005544.2
AC005546.1	AC005546.1
AC005548.1	AC005548.1
AC005550.1	AC005550.1
AC005550.2	AC005550.2
AC005552.1	AC005552.1
AC005562.1	AC005562.1
AC005580.1	AC005580.1
AC005586.1	AC005586.1
AC005586.2	AC005586.2
AC005592.1	AC005592.1
AC005594.1	AC005594.1
AC005597.1	AC005597.1
AC005599.1	AC005599.1
AC005606.1	AC005606.1
AC005606.2	AC005606.2
AC005609.1	AC005609.1
AC005609.2	AC005609.2
AC005609.3	AC005609.3
AC005609.4	AC005609.4
AC005609.5	AC005609.5
AC005614.1	AC005614.1
AC005616.1	AC005616.1
AC005618.1	AC005618.1
AC005618.2	AC005618.2
AC005618.3	AC005618.3
AC005618.4	AC005618.4
AC005632.3	AC005632.3
AC005632.4	AC005632.4
AC005632.5	AC005632.5
AC005632.6	AC005632.6
AC005670.1	AC005670.1
AC005670.2	AC005670.2
AC005670.3	AC005670.3
AC005674.1	AC005674.1
AC005674.2	AC005674.2
AC005682.2	AC005682.2
AC005692.1	AC005692.1
AC005692.2	AC005692.2
AC005692.3	AC005692.3
AC005695.1	AC005695.1
AC005695.2	AC005695.2
AC005695.3	AC005695.3
AC005696.1	AC005696.1
AC005696.2	AC005696.2
AC005696.3	AC005696.3
AC005696.4	AC005696.4
AC005697.1	AC005697.1
AC005697.2	AC005697.2
AC005699.1	AC005699.1
AC005702.1	AC005702.1
AC005703.1	AC005703.1
AC005703.2	AC005703.2
AC005703.3	AC005703.3
AC005703.4	AC005703.4
AC005703.7	AC005703.7
AC005722.2	AC005722.2
AC005722.3	AC005722.3
AC005725.1	AC005725.1
AC005726.1	AC005726.1
AC005726.2	AC005726.2
AC005726.3	AC005726.3
AC005726.4	AC005726.4
AC005726.5	AC005726.5
AC005730.2	AC005730.2
AC005730.3	AC005730.3
AC005736.1	AC005736.1
AC005736.2	AC005736.2
AC005736.3	AC005736.3
AC005740.3	AC005740.3
AC005740.4	AC005740.4
AC005740.5	AC005740.5
AC005746.1	AC005746.1
AC005746.2	AC005746.2
AC005746.3	AC005746.3
AC005753.1	AC005753.1
AC005753.2	AC005753.2
AC005753.3	AC005753.3
AC005757.1	AC005757.1
AC005759.1	AC005759.1
AC005772.1	AC005772.1
AC005772.2	AC005772.2
AC005774.1	AC005774.1
AC005774.2	AC005774.2
AC005775.1	AC005775.1
AC005776.2	AC005776.2
AC005785.1	AC005785.1
AC005786.2	AC005786.2
AC005786.3	AC005786.3
AC005789.1	AC005789.1
AC005790.1	AC005790.1
AC005803.1	AC005803.1
AC005808.1	AC005808.1
AC005821.1	AC005821.1
AC005821.2	AC005821.2
AC005823.1	AC005823.1
AC005823.2	AC005823.2
AC005828.1	AC005828.1
AC005828.3	AC005828.3
AC005828.4	AC005828.4
AC005828.5	AC005828.5
AC005832.1	AC005832.1
AC005832.4	AC005832.4
AC005833.1	AC005833.1
AC005833.2	AC005833.2
AC005833.3	AC005833.3
AC005837.1	AC005837.1
AC005837.2	AC005837.2
AC005837.3	AC005837.3
AC005837.4	AC005837.4
AC005838.2	AC005838.2
AC005840.2	AC005840.2
AC005840.4	AC005840.4
AC005841.1	AC005841.1
AC005842.1	AC005842.1
AC005845.1	AC005845.1
AC005856.1	AC005856.1
AC005863.1	AC005863.1
AC005865.1	AC005865.1
AC005865.2	AC005865.2
AC005871.1	AC005871.1
AC005871.2	AC005871.2
AC005884.1	AC005884.1
AC005884.2	AC005884.2
AC005888.1	AC005888.1
AC005899.1	AC005899.1
AC005899.3	AC005899.3
AC005899.5	AC005899.5
AC005899.6	AC005899.6
AC005899.7	AC005899.7
AC005899.8	AC005899.8
AC005906.2	AC005906.2
AC005906.3	AC005906.3
AC005908.3	AC005908.3
AC005909.1	AC005909.1
AC005909.2	AC005909.2
AC005911.1	AC005911.1
AC005912.2	AC005912.2
AC005914.1	AC005914.1
AC005920.1	AC005920.1
AC005920.2	AC005920.2
AC005920.3	AC005920.3
AC005920.4	AC005920.4
AC005921.2	AC005921.2
AC005921.4	AC005921.4
AC005943.1	AC005943.1
AC005944.1	AC005944.1
AC005954.1	AC005954.1
AC005954.2	AC005954.2
AC005962.1	AC005962.1
AC005962.2	AC005962.2
AC005972.3	AC005972.3
AC005972.4	AC005972.4
AC005993.1	AC005993.1
AC005996.1	AC005996.1
AC005998.1	AC005998.1
AC005999.1	AC005999.1
AC005999.2	AC005999.2
AC006001.2	AC006001.2
AC006003.1	AC006003.1
AC006004.1	AC006004.1
AC006007.1	AC006007.1
AC006008.1	AC006008.1
AC006012.1	AC006012.1
AC006013.1	AC006013.1
AC006017.1	AC006017.1
AC006019.1	AC006019.1
AC006019.2	AC006019.2
AC006019.3	AC006019.3
AC006026.3	AC006026.3
AC006027.1	AC006027.1
AC006030.1	AC006030.1
AC006033.2	AC006033.2
AC006040.1	AC006040.1
AC006041.1	AC006041.1
AC006041.2	AC006041.2
AC006042.1	AC006042.1
AC006042.2	AC006042.2
AC006042.4	AC006042.4
AC006043.1	AC006043.1
AC006058.1	AC006058.1
AC006058.2	AC006058.2
AC006058.3	AC006058.3
AC006059.1	AC006059.1
AC006059.4	AC006059.4
AC006059.5	AC006059.5
AC006062.1	AC006062.1
AC006063.1	AC006063.1
AC006063.2	AC006063.2
AC006063.3	AC006063.3
AC006063.4	AC006063.4
AC006064.1	AC006064.1
AC006064.2	AC006064.2
AC006064.3	AC006064.3
AC006064.4	AC006064.4
AC006064.5	AC006064.5
AC006064.6	AC006064.6
AC006065.4	AC006065.4
AC006076.1	AC006076.1
AC006111.1	AC006111.1
AC006111.2	AC006111.2
AC006111.3	AC006111.3
AC006112.1	AC006112.1
AC006115.1	AC006115.1
AC006115.2	AC006115.2
AC006115.3	AC006115.3
AC006116.10	AC006116.10
AC006116.11	AC006116.11
AC006116.4	AC006116.4
AC006116.5	AC006116.5
AC006116.6	AC006116.6
AC006116.8	AC006116.8
AC006116.9	AC006116.9
AC006130.1	AC006130.1
AC006130.3	AC006130.3
AC006141.1	AC006141.1
AC006144.2	AC006144.2
AC006145.1	AC006145.1
AC006146.1	AC006146.1
AC006148.1	AC006148.1
AC006148.2	AC006148.2
AC006150.1	AC006150.1
AC006157.1	AC006157.1
AC006159.1	AC006159.1
AC006159.2	AC006159.2
AC006160.1	AC006160.1
AC006197.2	AC006197.2
AC006205.1	AC006205.1
AC006205.2	AC006205.2
AC006206.2	AC006206.2
AC006207.1	AC006207.1
AC006213.1	AC006213.1
AC006213.2	AC006213.2
AC006213.3	AC006213.3
AC006213.4	AC006213.4
AC006213.5	AC006213.5
AC006213.7	AC006213.7
AC006230.1	AC006230.1
AC006237.1	AC006237.1
AC006238.1	AC006238.1
AC006238.2	AC006238.2
AC006249.1	AC006249.1
AC006252.1	AC006252.1
AC006254.1	AC006254.1
AC006262.1	AC006262.1
AC006262.2	AC006262.2
AC006270.1	AC006270.1
AC006273.1	AC006273.1
AC006288.1	AC006288.1
AC006296.1	AC006296.1
AC006296.2	AC006296.2
AC006296.3	AC006296.3
AC006299.1	AC006299.1
AC006305.1	AC006305.1
AC006305.3	AC006305.3
AC006329.1	AC006329.1
AC006333.1	AC006333.1
AC006333.2	AC006333.2
AC006348.1	AC006348.1
AC006355.2	AC006355.2
AC006364.1	AC006364.1
AC006369.1	AC006369.1
AC006369.2	AC006369.2
AC006372.1	AC006372.1
AC006372.2	AC006372.2
AC006372.3	AC006372.3
AC006378.1	AC006378.1
AC006387.1	AC006387.1
AC006398.1	AC006398.1
AC006427.2	AC006427.2
AC006435.1	AC006435.1
AC006435.2	AC006435.2
AC006435.3	AC006435.3
AC006441.1	AC006441.1
AC006441.3	AC006441.3
AC006441.4	AC006441.4
AC006445.3	AC006445.3
AC006449.1	AC006449.1
AC006449.2	AC006449.2
AC006449.3	AC006449.3
AC006449.5	AC006449.5
AC006449.6	AC006449.6
AC006450.2	AC006450.2
AC006450.3	AC006450.3
AC006452.1	AC006452.1
AC006455.1	AC006455.1
AC006458.1	AC006458.1
AC006459.1	AC006459.1
AC006460.1	AC006460.1
AC006460.2	AC006460.2
AC006478.1	AC006478.1
AC006478.2	AC006478.2
AC006480.2	AC006480.2
AC006483.2	AC006483.2
AC006486.1	AC006486.1
AC006487.1	AC006487.1
AC006487.2	AC006487.2
AC006504.1	AC006504.1
AC006504.2	AC006504.2
AC006504.5	AC006504.5
AC006504.7	AC006504.7
AC006511.4	AC006511.4
AC006511.6	AC006511.6
AC006517.2	AC006517.2
AC006525.1	AC006525.1
AC006538.1	AC006538.1
AC006538.2	AC006538.2
AC006538.3	AC006538.3
AC006538.4	AC006538.4
AC006547.1	AC006547.1
AC006547.2	AC006547.2
AC006547.3	AC006547.3
AC006557.1	AC006557.1
AC006557.3	AC006557.3
AC006566.1	AC006566.1
AC006566.2	AC006566.2
AC006581.1	AC006581.1
AC006581.2	AC006581.2
AC006942.1	AC006942.1
AC006946.2	AC006946.2
AC006946.3	AC006946.3
AC006947.1	AC006947.1
AC006960.2	AC006960.2
AC006960.3	AC006960.3
AC006972.1	AC006972.1
AC006974.1	AC006974.1
AC006974.2	AC006974.2
AC006978.2	AC006978.2
AC006994.2	AC006994.2
AC007001.1	AC007001.1
AC007003.1	AC007003.1
AC007009.1	AC007009.1
AC007014.1	AC007014.1
AC007014.2	AC007014.2
AC007029.1	AC007029.1
AC007032.1	AC007032.1
AC007036.1	AC007036.1
AC007036.2	AC007036.2
AC007036.3	AC007036.3
AC007036.5	AC007036.5
AC007038.1	AC007038.1
AC007038.2	AC007038.2
AC007040.1	AC007040.1
AC007040.2	AC007040.2
AC007064.2	AC007064.2
AC007066.2	AC007066.2
AC007066.3	AC007066.3
AC007091.1	AC007091.1
AC007098.1	AC007098.1
AC007099.1	AC007099.1
AC007099.2	AC007099.2
AC007100.1	AC007100.1
AC007100.2	AC007100.2
AC007106.1	AC007106.1
AC007106.2	AC007106.2
AC007114.1	AC007114.1
AC007114.2	AC007114.2
AC007126.1	AC007126.1
AC007128.1	AC007128.1
AC007128.2	AC007128.2
AC007130.1	AC007130.1
AC007132.1	AC007132.1
AC007163.1	AC007163.1
AC007179.1	AC007179.1
AC007182.1	AC007182.1
AC007192.1	AC007192.1
AC007192.2	AC007192.2
AC007193.1	AC007193.1
AC007193.2	AC007193.2
AC007193.3	AC007193.3
AC007207.2	AC007207.2
AC007216.1	AC007216.1
AC007216.2	AC007216.2
AC007216.3	AC007216.3
AC007216.4	AC007216.4
AC007218.1	AC007218.1
AC007218.2	AC007218.2
AC007218.3	AC007218.3
AC007220.1	AC007220.1
AC007220.2	AC007220.2
AC007221.1	AC007221.1
AC007221.2	AC007221.2
AC007222.2	AC007222.2
AC007223.1	AC007223.1
AC007228.2	AC007228.2
AC007240.1	AC007240.1
AC007240.3	AC007240.3
AC007249.1	AC007249.1
AC007249.2	AC007249.2
AC007250.1	AC007250.1
AC007255.1	AC007255.1
AC007262.2	AC007262.2
AC007271.1	AC007271.1
AC007272.1	AC007272.1
AC007277.1	AC007277.1
AC007278.1	AC007278.1
AC007278.2	AC007278.2
AC007279.2	AC007279.2
AC007285.1	AC007285.1
AC007285.2	AC007285.2
AC007292.1	AC007292.1
AC007292.2	AC007292.2
AC007292.3	AC007292.3
AC007298.1	AC007298.1
AC007298.2	AC007298.2
AC007308.1	AC007308.1
AC007314.1	AC007314.1
AC007317.1	AC007317.1
AC007317.2	AC007317.2
AC007319.1	AC007319.1
AC007325.1	AC007325.1
AC007325.2	AC007325.2
AC007325.4	AC007325.4
AC007326.2	AC007326.2
AC007326.4	AC007326.4
AC007326.5	AC007326.5
AC007327.2	AC007327.2
AC007333.1	AC007333.1
AC007333.2	AC007333.2
AC007336.1	AC007336.1
AC007342.1	AC007342.1
AC007342.4	AC007342.4
AC007342.5	AC007342.5
AC007344.1	AC007344.1
AC007347.1	AC007347.1
AC007349.1	AC007349.1
AC007349.2	AC007349.2
AC007349.3	AC007349.3
AC007349.4	AC007349.4
AC007350.1	AC007350.1
AC007362.1	AC007362.1
AC007364.1	AC007364.1
AC007365.1	AC007365.1
AC007368.1	AC007368.1
AC007368.2	AC007368.2
AC007370.1	AC007370.1
AC007370.2	AC007370.2
AC007375.3	AC007375.3
AC007376.2	AC007376.2
AC007378.1	AC007378.1
AC007381.1	AC007381.1
AC007383.2	AC007383.2
AC007383.3	AC007383.3
AC007384.1	AC007384.1
AC007387.2	AC007387.2
AC007387.3	AC007387.3
AC007388.1	AC007388.1
AC007389.1	AC007389.1
AC007389.3	AC007389.3
AC007389.5	AC007389.5
AC007390.2	AC007390.2
AC007391.1	AC007391.1
AC007391.2	AC007391.2
AC007391.3	AC007391.3
AC007402.1	AC007402.1
AC007402.2	AC007402.2
AC007405.1	AC007405.1
AC007405.2	AC007405.2
AC007405.3	AC007405.3
AC007405.4	AC007405.4
AC007406.1	AC007406.1
AC007406.2	AC007406.2
AC007406.3	AC007406.3
AC007406.4	AC007406.4
AC007406.5	AC007406.5
AC007422.1	AC007422.1
AC007422.2	AC007422.2
AC007423.1	AC007423.1
AC007431.1	AC007431.1
AC007431.2	AC007431.2
AC007432.1	AC007432.1
AC007448.2	AC007448.2
AC007448.3	AC007448.3
AC007448.4	AC007448.4
AC007448.5	AC007448.5
AC007450.1	AC007450.1
AC007463.1	AC007463.1
AC007463.2	AC007463.2
AC007483.1	AC007483.1
AC007485.1	AC007485.1
AC007491.1	AC007491.1
AC007493.1	AC007493.1
AC007493.2	AC007493.2
AC007494.2	AC007494.2
AC007495.1	AC007495.1
AC007495.2	AC007495.2
AC007496.1	AC007496.1
AC007496.2	AC007496.2
AC007497.1	AC007497.1
AC007513.1	AC007513.1
AC007527.1	AC007527.1
AC007527.2	AC007527.2
AC007529.1	AC007529.1
AC007529.2	AC007529.2
AC007533.1	AC007533.1
AC007535.1	AC007535.1
AC007540.1	AC007540.1
AC007541.1	AC007541.1
AC007546.1	AC007546.1
AC007556.1	AC007556.1
AC007557.1	AC007557.1
AC007557.2	AC007557.2
AC007557.3	AC007557.3
AC007557.4	AC007557.4
AC007563.1	AC007563.1
AC007563.2	AC007563.2
AC007563.4	AC007563.4
AC007566.1	AC007566.1
AC007569.1	AC007569.1
AC007570.1	AC007570.1
AC007595.1	AC007595.1
AC007598.1	AC007598.1
AC007598.2	AC007598.2
AC007599.2	AC007599.2
AC007601.1	AC007601.1
AC007601.2	AC007601.2
AC007603.1	AC007603.1
AC007608.1	AC007608.1
AC007608.2	AC007608.2
AC007608.3	AC007608.3
AC007610.1	AC007610.1
AC007610.2	AC007610.2
AC007610.5	AC007610.5
AC007611.1	AC007611.1
AC007613.1	AC007613.1
AC007614.1	AC007614.1
AC007619.1	AC007619.1
AC007620.2	AC007620.2
AC007620.3	AC007620.3
AC007622.2	AC007622.2
AC007637.1	AC007637.1
AC007638.1	AC007638.1
AC007638.2	AC007638.2
AC007639.1	AC007639.1
AC007652.1	AC007652.1
AC007652.3	AC007652.3
AC007655.1	AC007655.1
AC007655.2	AC007655.2
AC007656.1	AC007656.1
AC007656.2	AC007656.2
AC007656.4	AC007656.4
AC007663.2	AC007663.2
AC007663.3	AC007663.3
AC007663.4	AC007663.4
AC007666.1	AC007666.1
AC007666.2	AC007666.2
AC007671.1	AC007671.1
AC007673.1	AC007673.1
AC007679.1	AC007679.1
AC007681.1	AC007681.1
AC007682.1	AC007682.1
AC007684.2	AC007684.2
AC007686.2	AC007686.2
AC007686.3	AC007686.3
AC007686.4	AC007686.4
AC007687.1	AC007687.1
AC007695.1	AC007695.1
AC007728.1	AC007728.1
AC007728.2	AC007728.2
AC007728.3	AC007728.3
AC007731.1	AC007731.1
AC007731.3	AC007731.3
AC007731.4	AC007731.4
AC007731.5	AC007731.5
AC007736.1	AC007736.1
AC007743.1	AC007743.1
AC007749.1	AC007749.1
AC007749.2	AC007749.2
AC007750.1	AC007750.1
AC007773.1	AC007773.1
AC007780.1	AC007780.1
AC007785.1	AC007785.1
AC007785.3	AC007785.3
AC007786.1	AC007786.1
AC007786.2	AC007786.2
AC007786.3	AC007786.3
AC007786.4	AC007786.4
AC007787.1	AC007787.1
AC007795.1	AC007795.1
AC007823.1	AC007823.1
AC007834.1	AC007834.1
AC007846.1	AC007846.1
AC007846.2	AC007846.2
AC007848.1	AC007848.1
AC007849.1	AC007849.1
AC007861.1	AC007861.1
AC007861.2	AC007861.2
AC007877.1	AC007877.1
AC007878.1	AC007878.1
AC007879.1	AC007879.1
AC007879.2	AC007879.2
AC007879.3	AC007879.3
AC007879.4	AC007879.4
AC007879.5	AC007879.5
AC007880.1	AC007880.1
AC007881.2	AC007881.2
AC007881.3	AC007881.3
AC007881.4	AC007881.4
AC007906.1	AC007906.1
AC007906.2	AC007906.2
AC007907.1	AC007907.1
AC007920.1	AC007920.1
AC007920.2	AC007920.2
AC007922.1	AC007922.1
AC007922.2	AC007922.2
AC007922.3	AC007922.3
AC007922.4	AC007922.4
AC007923.1	AC007923.1
AC007923.4	AC007923.4
AC007938.1	AC007938.1
AC007938.2	AC007938.2
AC007938.3	AC007938.3
AC007948.1	AC007948.1
AC007950.1	AC007950.1
AC007950.2	AC007950.2
AC007952.2	AC007952.2
AC007952.3	AC007952.3
AC007952.4	AC007952.4
AC007952.5	AC007952.5
AC007952.6	AC007952.6
AC007952.7	AC007952.7
AC007952.8	AC007952.8
AC007952.9	AC007952.9
AC007953.1	AC007953.1
AC007953.2	AC007953.2
AC007966.1	AC007966.1
AC007991.3	AC007991.3
AC007993.2	AC007993.2
AC007993.3	AC007993.3
AC007996.1	AC007996.1
AC007998.3	AC007998.3
AC007998.4	AC007998.4
AC008011.2	AC008011.2
AC008014.1	AC008014.1
AC008026.3	AC008026.3
AC008033.3	AC008033.3
AC008035.1	AC008035.1
AC008040.1	AC008040.1
AC008040.5	AC008040.5
AC008050.1	AC008050.1
AC008055.2	AC008055.2
AC008056.1	AC008056.1
AC008056.2	AC008056.2
AC008056.3	AC008056.3
AC008060.1	AC008060.1
AC008060.2	AC008060.2
AC008060.3	AC008060.3
AC008060.4	AC008060.4
AC008060.5	AC008060.5
AC008063.1	AC008063.1
AC008063.2	AC008063.2
AC008067.1	AC008067.1
AC008073.1	AC008073.1
AC008073.2	AC008073.2
AC008073.3	AC008073.3
AC008074.1	AC008074.1
AC008074.2	AC008074.2
AC008074.3	AC008074.3
AC008079.1	AC008079.1
AC008079.2	AC008079.2
AC008080.1	AC008080.1
AC008080.2	AC008080.2
AC008080.3	AC008080.3
AC008080.4	AC008080.4
AC008083.1	AC008083.1
AC008083.2	AC008083.2
AC008083.3	AC008083.3
AC008088.1	AC008088.1
AC008105.1	AC008105.1
AC008105.3	AC008105.3
AC008109.1	AC008109.1
AC008114.1	AC008114.1
AC008115.1	AC008115.1
AC008115.2	AC008115.2
AC008115.3	AC008115.3
AC008115.4	AC008115.4
AC008119.1	AC008119.1
AC008121.2	AC008121.2
AC008121.3	AC008121.3
AC008124.1	AC008124.1
AC008125.1	AC008125.1
AC008127.1	AC008127.1
AC008133.1	AC008133.1
AC008147.1	AC008147.1
AC008147.2	AC008147.2
AC008149.1	AC008149.1
AC008149.2	AC008149.2
AC008154.1	AC008154.1
AC008154.2	AC008154.2
AC008164.1	AC008164.1
AC008170.1	AC008170.1
AC008180.2	AC008180.2
AC008250.1	AC008250.1
AC008250.2	AC008250.2
AC008264.2	AC008264.2
AC008267.5	AC008267.5
AC008269.1	AC008269.1
AC008269.2	AC008269.2
AC008273.1	AC008273.1
AC008277.1	AC008277.1
AC008278.1	AC008278.1
AC008278.2	AC008278.2
AC008280.3	AC008280.3
AC008281.1	AC008281.1
AC008378.1	AC008378.1
AC008392.1	AC008392.1
AC008393.1	AC008393.1
AC008395.1	AC008395.1
AC008397.1	AC008397.1
AC008397.2	AC008397.2
AC008403.1	AC008403.1
AC008403.2	AC008403.2
AC008403.3	AC008403.3
AC008406.1	AC008406.1
AC008415.1	AC008415.1
AC008429.1	AC008429.1
AC008429.3	AC008429.3
AC008434.1	AC008434.1
AC008438.1	AC008438.1
AC008438.2	AC008438.2
AC008440.1	AC008440.1
AC008440.2	AC008440.2
AC008440.3	AC008440.3
AC008443.1	AC008443.1
AC008443.2	AC008443.2
AC008443.3	AC008443.3
AC008443.4	AC008443.4
AC008443.5	AC008443.5
AC008443.6	AC008443.6
AC008443.8	AC008443.8
AC008443.9	AC008443.9
AC008448.1	AC008448.1
AC008453.1	AC008453.1
AC008453.2	AC008453.2
AC008456.1	AC008456.1
AC008459.1	AC008459.1
AC008462.1	AC008462.1
AC008464.1	AC008464.1
AC008467.1	AC008467.1
AC008474.1	AC008474.1
AC008481.3	AC008481.3
AC008494.3	AC008494.3
AC008496.2	AC008496.2
AC008496.3	AC008496.3
AC008505.1	AC008505.1
AC008507.2	AC008507.2
AC008507.4	AC008507.4
AC008507.5	AC008507.5
AC008514.1	AC008514.1
AC008517.1	AC008517.1
AC008522.1	AC008522.1
AC008525.1	AC008525.1
AC008532.1	AC008532.1
AC008534.1	AC008534.1
AC008537.1	AC008537.1
AC008537.2	AC008537.2
AC008537.4	AC008537.4
AC008539.1	AC008539.1
AC008543.1	AC008543.1
AC008543.3	AC008543.3
AC008543.4	AC008543.4
AC008543.5	AC008543.5
AC008549.2	AC008549.2
AC008551.1	AC008551.1
AC008554.1	AC008554.1
AC008555.2	AC008555.2
AC008555.3	AC008555.3
AC008555.4	AC008555.4
AC008555.5	AC008555.5
AC008556.1	AC008556.1
AC008567.2	AC008567.2
AC008567.3	AC008567.3
AC008568.1	AC008568.1
AC008569.1	AC008569.1
AC008569.2	AC008569.2
AC008571.2	AC008571.2
AC008572.1	AC008572.1
AC008574.1	AC008574.1
AC008575.1	AC008575.1
AC008581.1	AC008581.1
AC008581.2	AC008581.2
AC008591.1	AC008591.1
AC008592.1	AC008592.1
AC008592.2	AC008592.2
AC008592.4	AC008592.4
AC008592.5	AC008592.5
AC008601.1	AC008601.1
AC008608.2	AC008608.2
AC008609.1	AC008609.1
AC008610.1	AC008610.1
AC008619.1	AC008619.1
AC008622.2	AC008622.2
AC008625.1	AC008625.1
AC008627.1	AC008627.1
AC008629.1	AC008629.1
AC008632.1	AC008632.1
AC008635.1	AC008635.1
AC008637.1	AC008637.1
AC008649.1	AC008649.1
AC008649.2	AC008649.2
AC008652.1	AC008652.1
AC008655.1	AC008655.1
AC008655.2	AC008655.2
AC008659.1	AC008659.1
AC008662.1	AC008662.1
AC008662.2	AC008662.2
AC008663.1	AC008663.1
AC008663.2	AC008663.2
AC008663.3	AC008663.3
AC008667.1	AC008667.1
AC008667.2	AC008667.2
AC008667.3	AC008667.3
AC008667.4	AC008667.4
AC008674.1	AC008674.1
AC008676.1	AC008676.1
AC008679.1	AC008679.1
AC008680.1	AC008680.1
AC008686.1	AC008686.1
AC008687.1	AC008687.1
AC008687.4	AC008687.4
AC008687.8	AC008687.8
AC008691.1	AC008691.1
AC008695.1	AC008695.1
AC008696.2	AC008696.2
AC008700.1	AC008700.1
AC008703.1	AC008703.1
AC008708.1	AC008708.1
AC008708.2	AC008708.2
AC008728.1	AC008728.1
AC008731.1	AC008731.1
AC008734.1	AC008734.1
AC008734.2	AC008734.2
AC008735.1	AC008735.1
AC008735.2	AC008735.2
AC008735.3	AC008735.3
AC008735.4	AC008735.4
AC008736.1	AC008736.1
AC008736.2	AC008736.2
AC008737.1	AC008737.1
AC008737.3	AC008737.3
AC008738.1	AC008738.1
AC008738.2	AC008738.2
AC008738.3	AC008738.3
AC008738.4	AC008738.4
AC008739.1	AC008739.1
AC008741.1	AC008741.1
AC008741.2	AC008741.2
AC008742.1	AC008742.1
AC008743.1	AC008743.1
AC008747.1	AC008747.1
AC008750.2	AC008750.2
AC008750.3	AC008750.3
AC008750.4	AC008750.4
AC008750.5	AC008750.5
AC008750.7	AC008750.7
AC008750.8	AC008750.8
AC008751.3	AC008751.3
AC008752.1	AC008752.1
AC008752.2	AC008752.2
AC008753.3	AC008753.3
AC008758.1	AC008758.1
AC008758.2	AC008758.2
AC008758.4	AC008758.4
AC008758.5	AC008758.5
AC008758.6	AC008758.6
AC008759.2	AC008759.2
AC008759.3	AC008759.3
AC008760.1	AC008760.1
AC008760.2	AC008760.2
AC008761.1	AC008761.1
AC008761.2	AC008761.2
AC008763.1	AC008763.1
AC008763.2	AC008763.2
AC008764.1	AC008764.1
AC008764.2	AC008764.2
AC008764.3	AC008764.3
AC008764.4	AC008764.4
AC008764.5	AC008764.5
AC008764.6	AC008764.6
AC008764.7	AC008764.7
AC008764.8	AC008764.8
AC008766.1	AC008766.1
AC008770.1	AC008770.1
AC008770.2	AC008770.2
AC008770.3	AC008770.3
AC008771.1	AC008771.1
AC008780.1	AC008780.1
AC008780.2	AC008780.2
AC008781.1	AC008781.1
AC008781.2	AC008781.2
AC008781.3	AC008781.3
AC008786.1	AC008786.1
AC008794.1	AC008794.1
AC008798.2	AC008798.2
AC008798.3	AC008798.3
AC008805.2	AC008805.2
AC008825.1	AC008825.1
AC008840.1	AC008840.1
AC008852.1	AC008852.1
AC008869.1	AC008869.1
AC008870.1	AC008870.1
AC008870.2	AC008870.2
AC008870.3	AC008870.3
AC008870.4	AC008870.4
AC008871.1	AC008871.1
AC008875.1	AC008875.1
AC008875.2	AC008875.2
AC008875.3	AC008875.3
AC008877.1	AC008877.1
AC008878.1	AC008878.1
AC008878.3	AC008878.3
AC008878.4	AC008878.4
AC008883.1	AC008883.1
AC008883.2	AC008883.2
AC008883.3	AC008883.3
AC008885.2	AC008885.2
AC008892.1	AC008892.1
AC008894.2	AC008894.2
AC008897.2	AC008897.2
AC008897.3	AC008897.3
AC008906.1	AC008906.1
AC008906.2	AC008906.2
AC008914.1	AC008914.1
AC008915.1	AC008915.1
AC008915.2	AC008915.2
AC008937.1	AC008937.1
AC008937.2	AC008937.2
AC008937.3	AC008937.3
AC008938.1	AC008938.1
AC008945.1	AC008945.1
AC008945.2	AC008945.2
AC008946.1	AC008946.1
AC008948.1	AC008948.1
AC008957.1	AC008957.1
AC008957.2	AC008957.2
AC008964.1	AC008964.1
AC008966.1	AC008966.1
AC008966.2	AC008966.2
AC008966.3	AC008966.3
AC008969.1	AC008969.1
AC008969.2	AC008969.2
AC008972.1	AC008972.1
AC008972.2	AC008972.2
AC008982.1	AC008982.1
AC008982.2	AC008982.2
AC008991.1	AC008991.1
AC008992.1	AC008992.1
AC009005.1	AC009005.1
AC009019.1	AC009019.1
AC009019.2	AC009019.2
AC009021.1	AC009021.1
AC009021.2	AC009021.2
AC009032.1	AC009032.1
AC009034.1	AC009034.1
AC009035.1	AC009035.1
AC009041.1	AC009041.1
AC009041.2	AC009041.2
AC009041.4	AC009041.4
AC009053.2	AC009053.2
AC009053.3	AC009053.3
AC009054.1	AC009054.1
AC009054.2	AC009054.2
AC009055.1	AC009055.1
AC009055.2	AC009055.2
AC009060.1	AC009060.1
AC009061.2	AC009061.2
AC009063.1	AC009063.1
AC009063.2	AC009063.2
AC009063.3	AC009063.3
AC009065.1	AC009065.1
AC009065.2	AC009065.2
AC009065.3	AC009065.3
AC009065.4	AC009065.4
AC009065.5	AC009065.5
AC009065.6	AC009065.6
AC009065.7	AC009065.7
AC009065.8	AC009065.8
AC009075.1	AC009075.1
AC009081.1	AC009081.1
AC009081.2	AC009081.2
AC009086.2	AC009086.2
AC009087.1	AC009087.1
AC009088.1	AC009088.1
AC009088.2	AC009088.2
AC009088.3	AC009088.3
AC009090.1	AC009090.1
AC009090.2	AC009090.2
AC009090.3	AC009090.3
AC009090.6	AC009090.6
AC009093.1	AC009093.1
AC009093.2	AC009093.2
AC009093.4	AC009093.4
AC009093.5	AC009093.5
AC009093.6	AC009093.6
AC009095.1	AC009095.1
AC009097.1	AC009097.1
AC009097.2	AC009097.2
AC009097.3	AC009097.3
AC009102.1	AC009102.1
AC009102.2	AC009102.2
AC009102.4	AC009102.4
AC009107.1	AC009107.1
AC009107.2	AC009107.2
AC009108.3	AC009108.3
AC009110.1	AC009110.1
AC009113.1	AC009113.1
AC009113.2	AC009113.2
AC009117.2	AC009117.2
AC009117.3	AC009117.3
AC009118.1	AC009118.1
AC009118.2	AC009118.2
AC009118.3	AC009118.3
AC009119.1	AC009119.1
AC009119.2	AC009119.2
AC009119.3	AC009119.3
AC009120.2	AC009120.2
AC009120.3	AC009120.3
AC009120.4	AC009120.4
AC009120.5	AC009120.5
AC009121.2	AC009121.2
AC009121.3	AC009121.3
AC009123.1	AC009123.1
AC009126.1	AC009126.1
AC009127.1	AC009127.1
AC009133.1	AC009133.1
AC009133.2	AC009133.2
AC009133.3	AC009133.3
AC009133.4	AC009133.4
AC009133.6	AC009133.6
AC009134.1	AC009134.1
AC009135.1	AC009135.1
AC009137.1	AC009137.1
AC009137.2	AC009137.2
AC009139.1	AC009139.1
AC009139.2	AC009139.2
AC009141.1	AC009141.1
AC009142.1	AC009142.1
AC009145.1	AC009145.1
AC009145.2	AC009145.2
AC009145.3	AC009145.3
AC009148.1	AC009148.1
AC009152.1	AC009152.1
AC009152.3	AC009152.3
AC009152.6	AC009152.6
AC009154.1	AC009154.1
AC009154.2	AC009154.2
AC009158.1	AC009158.1
AC009159.1	AC009159.1
AC009159.2	AC009159.2
AC009159.3	AC009159.3
AC009163.1	AC009163.1
AC009163.2	AC009163.2
AC009163.4	AC009163.4
AC009163.6	AC009163.6
AC009163.7	AC009163.7
AC009166.1	AC009166.1
AC009166.3	AC009166.3
AC009167.1	AC009167.1
AC009171.2	AC009171.2
AC009185.1	AC009185.1
AC009226.1	AC009226.1
AC009227.1	AC009227.1
AC009227.2	AC009227.2
AC009228.1	AC009228.1
AC009229.1	AC009229.1
AC009229.2	AC009229.2
AC009229.3	AC009229.3
AC009230.1	AC009230.1
AC009234.1	AC009234.1
AC009236.1	AC009236.1
AC009236.2	AC009236.2
AC009237.14	AC009237.14
AC009237.15	AC009237.15
AC009242.1	AC009242.1
AC009244.2	AC009244.2
AC009248.2	AC009248.2
AC009248.3	AC009248.3
AC009262.1	AC009262.1
AC009264.1	AC009264.1
AC009268.2	AC009268.2
AC009268.3	AC009268.3
AC009269.2	AC009269.2
AC009269.3	AC009269.3
AC009269.4	AC009269.4
AC009269.5	AC009269.5
AC009271.1	AC009271.1
AC009271.2	AC009271.2
AC009275.1	AC009275.1
AC009276.1	AC009276.1
AC009283.1	AC009283.1
AC009292.1	AC009292.1
AC009292.2	AC009292.2
AC009299.3	AC009299.3
AC009301.1	AC009301.1
AC009303.2	AC009303.2
AC009309.1	AC009309.1
AC009312.1	AC009312.1
AC009313.1	AC009313.1
AC009315.1	AC009315.1
AC009318.1	AC009318.1
AC009318.2	AC009318.2
AC009318.3	AC009318.3
AC009318.4	AC009318.4
AC009320.1	AC009320.1
AC009336.1	AC009336.1
AC009365.1	AC009365.1
AC009365.3	AC009365.3
AC009365.4	AC009365.4
AC009387.1	AC009387.1
AC009396.1	AC009396.1
AC009396.2	AC009396.2
AC009396.3	AC009396.3
AC009403.1	AC009403.1
AC009403.2	AC009403.2
AC009404.1	AC009404.1
AC009407.1	AC009407.1
AC009411.1	AC009411.1
AC009411.2	AC009411.2
AC009413.2	AC009413.2
AC009414.2	AC009414.2
AC009432.2	AC009432.2
AC009434.1	AC009434.1
AC009435.1	AC009435.1
AC009446.1	AC009446.1
AC009464.1	AC009464.1
AC009468.1	AC009468.1
AC009468.2	AC009468.2
AC009478.1	AC009478.1
AC009480.1	AC009480.1
AC009486.1	AC009486.1
AC009486.2	AC009486.2
AC009487.1	AC009487.1
AC009487.3	AC009487.3
AC009495.1	AC009495.1
AC009495.2	AC009495.2
AC009495.3	AC009495.3
AC009498.1	AC009498.1
AC009501.1	AC009501.1
AC009501.3	AC009501.3
AC009502.1	AC009502.1
AC009505.1	AC009505.1
AC009506.1	AC009506.1
AC009509.1	AC009509.1
AC009509.2	AC009509.2
AC009509.4	AC009509.4
AC009511.1	AC009511.1
AC009511.2	AC009511.2
AC009518.1	AC009518.1
AC009522.1	AC009522.1
AC009533.3	AC009533.3
AC009542.1	AC009542.1
AC009549.1	AC009549.1
AC009554.1	AC009554.1
AC009554.2	AC009554.2
AC009558.1	AC009558.1
AC009560.1	AC009560.1
AC009560.3	AC009560.3
AC009560.4	AC009560.4
AC009562.1	AC009562.1
AC009563.1	AC009563.1
AC009567.1	AC009567.1
AC009570.1	AC009570.1
AC009570.2	AC009570.2
AC009597.1	AC009597.1
AC009623.1	AC009623.1
AC009623.2	AC009623.2
AC009623.3	AC009623.3
AC009630.1	AC009630.1
AC009630.2	AC009630.2
AC009630.3	AC009630.3
AC009630.4	AC009630.4
AC009646.2	AC009646.2
AC009652.1	AC009652.1
AC009652.2	AC009652.2
AC009654.1	AC009654.1
AC009656.1	AC009656.1
AC009682.1	AC009682.1
AC009686.1	AC009686.1
AC009686.2	AC009686.2
AC009690.1	AC009690.1
AC009690.2	AC009690.2
AC009690.3	AC009690.3
AC009704.1	AC009704.1
AC009704.2	AC009704.2
AC009704.3	AC009704.3
AC009716.1	AC009716.1
AC009720.1	AC009720.1
AC009720.2	AC009720.2
AC009731.1	AC009731.1
AC009754.1	AC009754.1
AC009754.2	AC009754.2
AC009779.2	AC009779.2
AC009779.3	AC009779.3
AC009779.5	AC009779.5
AC009802.1	AC009802.1
AC009803.1	AC009803.1
AC009803.2	AC009803.2
AC009812.1	AC009812.1
AC009812.3	AC009812.3
AC009812.4	AC009812.4
AC009831.1	AC009831.1
AC009831.3	AC009831.3
AC009835.1	AC009835.1
AC009869.1	AC009869.1
AC009878.1	AC009878.1
AC009878.2	AC009878.2
AC009879.4	AC009879.4
AC009884.1	AC009884.1
AC009899.1	AC009899.1
AC009902.2	AC009902.2
AC009902.3	AC009902.3
AC009908.1	AC009908.1
AC009948.1	AC009948.1
AC009948.2	AC009948.2
AC009948.3	AC009948.3
AC009950.1	AC009950.1
AC009951.2	AC009951.2
AC009951.5	AC009951.5
AC009951.6	AC009951.6
AC009955.1	AC009955.1
AC009955.2	AC009955.2
AC009955.3	AC009955.3
AC009955.4	AC009955.4
AC009961.1	AC009961.1
AC009961.4	AC009961.4
AC009962.1	AC009962.1
AC009965.1	AC009965.1
AC009970.1	AC009970.1
AC009971.1	AC009971.1
AC009974.1	AC009974.1
AC009974.2	AC009974.2
AC009975.1	AC009975.1
AC009975.2	AC009975.2
AC009987.1	AC009987.1
AC009988.1	AC009988.1
AC009996.1	AC009996.1
AC010082.1	AC010082.1
AC010086.3	AC010086.3
AC010092.1	AC010092.1
AC010096.1	AC010096.1
AC010099.4	AC010099.4
AC010105.1	AC010105.1
AC010127.1	AC010127.1
AC010132.1	AC010132.1
AC010132.3	AC010132.3
AC010132.4	AC010132.4
AC010136.1	AC010136.1
AC010145.1	AC010145.1
AC010148.1	AC010148.1
AC010149.1	AC010149.1
AC010157.1	AC010157.1
AC010157.2	AC010157.2
AC010163.1	AC010163.1
AC010163.2	AC010163.2
AC010163.3	AC010163.3
AC010168.1	AC010168.1
AC010168.2	AC010168.2
AC010173.1	AC010173.1
AC010175.1	AC010175.1
AC010181.1	AC010181.1
AC010181.2	AC010181.2
AC010183.2	AC010183.2
AC010185.1	AC010185.1
AC010186.1	AC010186.1
AC010186.3	AC010186.3
AC010196.1	AC010196.1
AC010197.1	AC010197.1
AC010198.1	AC010198.1
AC010198.2	AC010198.2
AC010201.1	AC010201.1
AC010201.2	AC010201.2
AC010201.3	AC010201.3
AC010203.2	AC010203.2
AC010205.1	AC010205.1
AC010207.1	AC010207.1
AC010210.1	AC010210.1
AC010226.1	AC010226.1
AC010230.1	AC010230.1
AC010235.1	AC010235.1
AC010240.3	AC010240.3
AC010245.1	AC010245.1
AC010245.2	AC010245.2
AC010247.1	AC010247.1
AC010247.2	AC010247.2
AC010251.1	AC010251.1
AC010255.1	AC010255.1
AC010255.3	AC010255.3
AC010260.1	AC010260.1
AC010261.1	AC010261.1
AC010261.2	AC010261.2
AC010266.2	AC010266.2
AC010267.1	AC010267.1
AC010271.2	AC010271.2
AC010273.1	AC010273.1
AC010273.2	AC010273.2
AC010273.3	AC010273.3
AC010275.1	AC010275.1
AC010280.1	AC010280.1
AC010280.2	AC010280.2
AC010280.3	AC010280.3
AC010285.1	AC010285.1
AC010285.3	AC010285.3
AC010291.1	AC010291.1
AC010300.1	AC010300.1
AC010307.2	AC010307.2
AC010307.3	AC010307.3
AC010307.4	AC010307.4
AC010319.2	AC010319.2
AC010319.3	AC010319.3
AC010319.4	AC010319.4
AC010319.5	AC010319.5
AC010320.1	AC010320.1
AC010320.2	AC010320.2
AC010320.3	AC010320.3
AC010320.4	AC010320.4
AC010323.1	AC010323.1
AC010325.1	AC010325.1
AC010325.2	AC010325.2
AC010326.2	AC010326.2
AC010326.3	AC010326.3
AC010327.1	AC010327.1
AC010327.3	AC010327.3
AC010327.4	AC010327.4
AC010327.5	AC010327.5
AC010327.7	AC010327.7
AC010327.8	AC010327.8
AC010328.1	AC010328.1
AC010329.1	AC010329.1
AC010331.1	AC010331.1
AC010332.3	AC010332.3
AC010333.1	AC010333.1
AC010333.2	AC010333.2
AC010333.3	AC010333.3
AC010335.1	AC010335.1
AC010336.1	AC010336.1
AC010336.2	AC010336.2
AC010336.3	AC010336.3
AC010336.4	AC010336.4
AC010336.5	AC010336.5
AC010336.6	AC010336.6
AC010336.8	AC010336.8
AC010343.3	AC010343.3
AC010359.1	AC010359.1
AC010359.2	AC010359.2
AC010359.3	AC010359.3
AC010378.2	AC010378.2
AC010395.1	AC010395.1
AC010401.1	AC010401.1
AC010401.2	AC010401.2
AC010406.1	AC010406.1
AC010420.1	AC010420.1
AC010422.1	AC010422.1
AC010422.2	AC010422.2
AC010422.3	AC010422.3
AC010422.4	AC010422.4
AC010422.5	AC010422.5
AC010422.6	AC010422.6
AC010422.7	AC010422.7
AC010424.2	AC010424.2
AC010425.1	AC010425.1
AC010442.1	AC010442.1
AC010451.1	AC010451.1
AC010457.1	AC010457.1
AC010463.1	AC010463.1
AC010463.2	AC010463.2
AC010463.3	AC010463.3
AC010468.2	AC010468.2
AC010476.2	AC010476.2
AC010478.1	AC010478.1
AC010487.2	AC010487.2
AC010487.3	AC010487.3
AC010491.1	AC010491.1
AC010491.2	AC010491.2
AC010494.1	AC010494.1
AC010501.1	AC010501.1
AC010501.2	AC010501.2
AC010503.1	AC010503.1
AC010503.2	AC010503.2
AC010503.4	AC010503.4
AC010504.1	AC010504.1
AC010511.1	AC010511.1
AC010519.1	AC010519.1
AC010522.1	AC010522.1
AC010524.1	AC010524.1
AC010525.1	AC010525.1
AC010528.1	AC010528.1
AC010528.2	AC010528.2
AC010530.1	AC010530.1
AC010531.1	AC010531.1
AC010531.3	AC010531.3
AC010531.4	AC010531.4
AC010531.5	AC010531.5
AC010531.6	AC010531.6
AC010531.7	AC010531.7
AC010536.1	AC010536.1
AC010536.2	AC010536.2
AC010536.3	AC010536.3
AC010538.1	AC010538.1
AC010542.1	AC010542.1
AC010542.2	AC010542.2
AC010542.3	AC010542.3
AC010542.4	AC010542.4
AC010542.5	AC010542.5
AC010547.1	AC010547.1
AC010547.2	AC010547.2
AC010547.3	AC010547.3
AC010547.4	AC010547.4
AC010551.3	AC010551.3
AC010601.1	AC010601.1
AC010605.1	AC010605.1
AC010608.1	AC010608.1
AC010609.1	AC010609.1
AC010615.2	AC010615.2
AC010615.4	AC010615.4
AC010616.1	AC010616.1
AC010616.2	AC010616.2
AC010618.2	AC010618.2
AC010618.3	AC010618.3
AC010619.1	AC010619.1
AC010623.1	AC010623.1
AC010624.1	AC010624.1
AC010624.2	AC010624.2
AC010624.3	AC010624.3
AC010624.5	AC010624.5
AC010632.1	AC010632.1
AC010632.2	AC010632.2
AC010634.1	AC010634.1
AC010636.1	AC010636.1
AC010636.2	AC010636.2
AC010638.1	AC010638.1
AC010641.2	AC010641.2
AC010642.2	AC010642.2
AC010643.1	AC010643.1
AC010646.1	AC010646.1
AC010649.1	AC010649.1
AC010654.1	AC010654.1
AC010677.2	AC010677.2
AC010680.1	AC010680.1
AC010680.2	AC010680.2
AC010680.3	AC010680.3
AC010680.4	AC010680.4
AC010680.5	AC010680.5
AC010719.1	AC010719.1
AC010722.1	AC010722.1
AC010727.1	AC010727.1
AC010729.1	AC010729.1
AC010729.2	AC010729.2
AC010731.2	AC010731.2
AC010731.3	AC010731.3
AC010735.1	AC010735.1
AC010735.2	AC010735.2
AC010737.1	AC010737.1
AC010745.2	AC010745.2
AC010745.5	AC010745.5
AC010746.1	AC010746.1
AC010746.2	AC010746.2
AC010754.1	AC010754.1
AC010761.1	AC010761.1
AC010761.2	AC010761.2
AC010761.3	AC010761.3
AC010761.4	AC010761.4
AC010761.5	AC010761.5
AC010768.1	AC010768.1
AC010768.2	AC010768.2
AC010776.1	AC010776.1
AC010776.2	AC010776.2
AC010776.3	AC010776.3
AC010789.1	AC010789.1
AC010789.2	AC010789.2
AC010809.1	AC010809.1
AC010809.2	AC010809.2
AC010809.3	AC010809.3
AC010834.1	AC010834.1
AC010834.2	AC010834.2
AC010834.3	AC010834.3
AC010857.1	AC010857.1
AC010864.1	AC010864.1
AC010880.1	AC010880.1
AC010883.1	AC010883.1
AC010883.2	AC010883.2
AC010883.3	AC010883.3
AC010884.1	AC010884.1
AC010884.2	AC010884.2
AC010889.1	AC010889.1
AC010889.2	AC010889.2
AC010890.1	AC010890.1
AC010894.2	AC010894.2
AC010894.3	AC010894.3
AC010896.1	AC010896.1
AC010904.2	AC010904.2
AC010907.2	AC010907.2
AC010913.1	AC010913.1
AC010931.2	AC010931.2
AC010931.3	AC010931.3
AC010941.1	AC010941.1
AC010967.1	AC010967.1
AC010969.1	AC010969.1
AC010969.2	AC010969.2
AC010969.3	AC010969.3
AC010973.1	AC010973.1
AC010973.2	AC010973.2
AC010974.1	AC010974.1
AC010974.2	AC010974.2
AC010975.1	AC010975.1
AC010976.1	AC010976.1
AC010976.2	AC010976.2
AC010978.1	AC010978.1
AC010980.1	AC010980.1
AC010980.2	AC010980.2
AC010983.1	AC010983.1
AC010991.1	AC010991.1
AC010996.1	AC010996.1
AC010997.2	AC010997.2
AC010997.3	AC010997.3
AC010997.4	AC010997.4
AC010997.5	AC010997.5
AC010998.1	AC010998.1
AC010998.2	AC010998.2
AC010998.3	AC010998.3
AC010999.1	AC010999.1
AC010999.2	AC010999.2
AC011005.1	AC011005.1
AC011005.4	AC011005.4
AC011008.1	AC011008.1
AC011029.1	AC011029.1
AC011043.1	AC011043.1
AC011043.2	AC011043.2
AC011092.2	AC011092.2
AC011092.3	AC011092.3
AC011095.1	AC011095.1
AC011120.1	AC011120.1
AC011124.1	AC011124.1
AC011124.2	AC011124.2
AC011131.1	AC011131.1
AC011139.1	AC011139.1
AC011196.1	AC011196.1
AC011228.1	AC011228.1
AC011228.2	AC011228.2
AC011239.1	AC011239.1
AC011243.1	AC011243.1
AC011246.1	AC011246.1
AC011247.1	AC011247.1
AC011247.2	AC011247.2
AC011257.1	AC011257.1
AC011284.1	AC011284.1
AC011287.1	AC011287.1
AC011287.2	AC011287.2
AC011290.1	AC011290.1
AC011294.1	AC011294.1
AC011297.1	AC011297.1
AC011303.1	AC011303.1
AC011306.1	AC011306.1
AC011313.1	AC011313.1
AC011317.1	AC011317.1
AC011322.1	AC011322.1
AC011330.2	AC011330.2
AC011330.3	AC011330.3
AC011337.1	AC011337.1
AC011346.1	AC011346.1
AC011351.1	AC011351.1
AC011362.1	AC011362.1
AC011363.1	AC011363.1
AC011365.1	AC011365.1
AC011365.2	AC011365.2
AC011369.1	AC011369.1
AC011370.1	AC011370.1
AC011373.1	AC011373.1
AC011374.1	AC011374.1
AC011374.2	AC011374.2
AC011374.3	AC011374.3
AC011377.1	AC011377.1
AC011379.1	AC011379.1
AC011379.2	AC011379.2
AC011383.1	AC011383.1
AC011388.1	AC011388.1
AC011389.1	AC011389.1
AC011389.2	AC011389.2
AC011396.1	AC011396.1
AC011396.2	AC011396.2
AC011405.1	AC011405.1
AC011407.1	AC011407.1
AC011416.3	AC011416.3
AC011416.4	AC011416.4
AC011442.1	AC011442.1
AC011443.1	AC011443.1
AC011444.1	AC011444.1
AC011444.2	AC011444.2
AC011444.3	AC011444.3
AC011445.1	AC011445.1
AC011445.2	AC011445.2
AC011446.1	AC011446.1
AC011446.2	AC011446.2
AC011447.3	AC011447.3
AC011450.1	AC011450.1
AC011451.1	AC011451.1
AC011451.3	AC011451.3
AC011451.4	AC011451.4
AC011452.1	AC011452.1
AC011453.1	AC011453.1
AC011455.1	AC011455.1
AC011455.2	AC011455.2
AC011455.6	AC011455.6
AC011461.1	AC011461.1
AC011462.1	AC011462.1
AC011462.2	AC011462.2
AC011462.4	AC011462.4
AC011462.5	AC011462.5
AC011465.1	AC011465.1
AC011466.1	AC011466.1
AC011466.2	AC011466.2
AC011466.3	AC011466.3
AC011467.1	AC011467.1
AC011467.7	AC011467.7
AC011468.1	AC011468.1
AC011468.3	AC011468.3
AC011468.5	AC011468.5
AC011471.2	AC011471.2
AC011472.1	AC011472.1
AC011472.2	AC011472.2
AC011472.3	AC011472.3
AC011472.4	AC011472.4
AC011473.1	AC011473.1
AC011473.3	AC011473.3
AC011474.1	AC011474.1
AC011474.2	AC011474.2
AC011476.3	AC011476.3
AC011477.2	AC011477.2
AC011477.3	AC011477.3
AC011477.4	AC011477.4
AC011477.8	AC011477.8
AC011477.9	AC011477.9
AC011478.1	AC011478.1
AC011479.1	AC011479.1
AC011479.2	AC011479.2
AC011479.3	AC011479.3
AC011479.4	AC011479.4
AC011481.1	AC011481.1
AC011481.2	AC011481.2
AC011483.1	AC011483.1
AC011483.2	AC011483.2
AC011484.1	AC011484.1
AC011491.2	AC011491.2
AC011491.3	AC011491.3
AC011495.2	AC011495.2
AC011495.3	AC011495.3
AC011498.1	AC011498.1
AC011498.2	AC011498.2
AC011498.3	AC011498.3
AC011498.4	AC011498.4
AC011498.6	AC011498.6
AC011503.1	AC011503.1
AC011503.2	AC011503.2
AC011503.4	AC011503.4
AC011507.1	AC011507.1
AC011509.2	AC011509.2
AC011509.3	AC011509.3
AC011511.1	AC011511.1
AC011511.2	AC011511.2
AC011511.3	AC011511.3
AC011511.4	AC011511.4
AC011511.5	AC011511.5
AC011516.1	AC011516.1
AC011523.1	AC011523.1
AC011524.2	AC011524.2
AC011525.1	AC011525.1
AC011530.1	AC011530.1
AC011586.1	AC011586.1
AC011586.2	AC011586.2
AC011591.1	AC011591.1
AC011593.1	AC011593.1
AC011595.1	AC011595.1
AC011595.2	AC011595.2
AC011601.1	AC011601.1
AC011603.1	AC011603.1
AC011603.2	AC011603.2
AC011603.3	AC011603.3
AC011604.2	AC011604.2
AC011611.3	AC011611.3
AC011611.4	AC011611.4
AC011625.1	AC011625.1
AC011632.1	AC011632.1
AC011676.1	AC011676.1
AC011676.2	AC011676.2
AC011676.3	AC011676.3
AC011700.1	AC011700.1
AC011726.2	AC011726.2
AC011726.3	AC011726.3
AC011731.1	AC011731.1
AC011747.1	AC011747.1
AC011747.2	AC011747.2
AC011751.1	AC011751.1
AC011752.1	AC011752.1
AC011753.2	AC011753.2
AC011754.1	AC011754.1
AC011754.2	AC011754.2
AC011773.1	AC011773.1
AC011773.2	AC011773.2
AC011773.3	AC011773.3
AC011773.4	AC011773.4
AC011815.1	AC011815.1
AC011815.2	AC011815.2
AC011816.2	AC011816.2
AC011824.1	AC011824.1
AC011824.2	AC011824.2
AC011824.3	AC011824.3
AC011824.4	AC011824.4
AC011825.2	AC011825.2
AC011825.4	AC011825.4
AC011840.2	AC011840.2
AC011840.3	AC011840.3
AC011841.1	AC011841.1
AC011853.2	AC011853.2
AC011897.1	AC011897.1
AC011899.1	AC011899.1
AC011899.2	AC011899.2
AC011899.3	AC011899.3
AC011900.1	AC011900.1
AC011901.1	AC011901.1
AC011912.1	AC011912.1
AC011921.1	AC011921.1
AC011933.2	AC011933.2
AC011933.3	AC011933.3
AC011933.4	AC011933.4
AC011939.2	AC011939.2
AC011939.3	AC011939.3
AC011944.1	AC011944.1
AC011978.2	AC011978.2
AC011990.1	AC011990.1
AC011995.1	AC011995.1
AC011995.2	AC011995.2
AC011997.1	AC011997.1
AC011997.2	AC011997.2
AC012020.1	AC012020.1
AC012038.1	AC012038.1
AC012038.2	AC012038.2
AC012050.1	AC012050.1
AC012055.1	AC012055.1
AC012060.1	AC012060.1
AC012063.1	AC012063.1
AC012065.1	AC012065.1
AC012065.3	AC012065.3
AC012065.4	AC012065.4
AC012066.2	AC012066.2
AC012073.1	AC012073.1
AC012074.1	AC012074.1
AC012076.1	AC012076.1
AC012078.2	AC012078.2
AC012081.1	AC012081.1
AC012085.2	AC012085.2
AC012087.1	AC012087.1
AC012087.2	AC012087.2
AC012100.2	AC012100.2
AC012101.1	AC012101.1
AC012101.2	AC012101.2
AC012103.1	AC012103.1
AC012123.1	AC012123.1
AC012146.1	AC012146.1
AC012146.3	AC012146.3
AC012150.1	AC012150.1
AC012150.2	AC012150.2
AC012157.1	AC012157.1
AC012157.2	AC012157.2
AC012170.2	AC012170.2
AC012170.3	AC012170.3
AC012173.1	AC012173.1
AC012174.1	AC012174.1
AC012178.1	AC012178.1
AC012181.1	AC012181.1
AC012181.2	AC012181.2
AC012184.1	AC012184.1
AC012184.2	AC012184.2
AC012184.3	AC012184.3
AC012184.4	AC012184.4
AC012186.2	AC012186.2
AC012213.1	AC012213.1
AC012213.2	AC012213.2
AC012213.3	AC012213.3
AC012213.4	AC012213.4
AC012236.1	AC012236.1
AC012254.1	AC012254.1
AC012254.2	AC012254.2
AC012254.3	AC012254.3
AC012291.2	AC012291.2
AC012291.3	AC012291.3
AC012301.1	AC012301.1
AC012301.2	AC012301.2
AC012306.2	AC012306.2
AC012306.3	AC012306.3
AC012307.1	AC012307.1
AC012309.1	AC012309.1
AC012312.1	AC012312.1
AC012313.1	AC012313.1
AC012313.2	AC012313.2
AC012313.5	AC012313.5
AC012313.6	AC012313.6
AC012313.7	AC012313.7
AC012313.8	AC012313.8
AC012313.9	AC012313.9
AC012322.1	AC012322.1
AC012325.1	AC012325.1
AC012339.1	AC012339.1
AC012349.1	AC012349.1
AC012354.1	AC012354.1
AC012355.1	AC012355.1
AC012358.1	AC012358.1
AC012358.3	AC012358.3
AC012360.1	AC012360.1
AC012360.2	AC012360.2
AC012360.3	AC012360.3
AC012363.1	AC012363.1
AC012363.2	AC012363.2
AC012366.1	AC012366.1
AC012368.1	AC012368.1
AC012368.2	AC012368.2
AC012370.1	AC012370.1
AC012370.2	AC012370.2
AC012377.1	AC012377.1
AC012378.2	AC012378.2
AC012404.1	AC012404.1
AC012404.2	AC012404.2
AC012405.1	AC012405.1
AC012409.2	AC012409.2
AC012409.3	AC012409.3
AC012413.1	AC012413.1
AC012414.3	AC012414.3
AC012414.5	AC012414.5
AC012417.1	AC012417.1
AC012433.2	AC012433.2
AC012435.2	AC012435.2
AC012435.3	AC012435.3
AC012442.1	AC012442.1
AC012442.2	AC012442.2
AC012443.2	AC012443.2
AC012447.1	AC012447.1
AC012451.1	AC012451.1
AC012456.1	AC012456.1
AC012456.2	AC012456.2
AC012459.1	AC012459.1
AC012462.1	AC012462.1
AC012462.2	AC012462.2
AC012462.3	AC012462.3
AC012464.1	AC012464.1
AC012464.2	AC012464.2
AC012464.3	AC012464.3
AC012467.1	AC012467.1
AC012467.2	AC012467.2
AC012470.1	AC012470.1
AC012485.1	AC012485.1
AC012485.2	AC012485.2
AC012485.3	AC012485.3
AC012494.1	AC012494.1
AC012494.2	AC012494.2
AC012499.1	AC012499.1
AC012500.1	AC012500.1
AC012501.2	AC012501.2
AC012506.1	AC012506.1
AC012506.2	AC012506.2
AC012506.3	AC012506.3
AC012506.4	AC012506.4
AC012507.2	AC012507.2
AC012507.3	AC012507.3
AC012507.4	AC012507.4
AC012508.1	AC012508.1
AC012508.2	AC012508.2
AC012508.3	AC012508.3
AC012510.1	AC012510.1
AC012511.1	AC012511.1
AC012511.2	AC012511.2
AC012513.1	AC012513.1
AC012533.1	AC012533.1
AC012535.1	AC012535.1
AC012555.1	AC012555.1
AC012555.2	AC012555.2
AC012557.1	AC012557.1
AC012557.2	AC012557.2
AC012558.1	AC012558.1
AC012560.1	AC012560.1
AC012564.1	AC012564.1
AC012568.1	AC012568.1
AC012574.1	AC012574.1
AC012574.2	AC012574.2
AC012588.1	AC012588.1
AC012593.1	AC012593.1
AC012594.1	AC012594.1
AC012603.1	AC012603.1
AC012613.1	AC012613.1
AC012613.2	AC012613.2
AC012615.1	AC012615.1
AC012615.2	AC012615.2
AC012615.3	AC012615.3
AC012615.5	AC012615.5
AC012615.6	AC012615.6
AC012617.1	AC012617.1
AC012625.1	AC012625.1
AC012629.2	AC012629.2
AC012636.1	AC012636.1
AC012640.1	AC012640.1
AC012640.2	AC012640.2
AC012640.3	AC012640.3
AC012640.4	AC012640.4
AC012645.1	AC012645.1
AC012645.2	AC012645.2
AC012645.3	AC012645.3
AC012645.4	AC012645.4
AC012651.1	AC012651.1
AC012653.2	AC012653.2
AC012668.1	AC012668.1
AC012668.2	AC012668.2
AC012668.3	AC012668.3
AC012673.1	AC012673.1
AC012676.1	AC012676.1
AC012676.3	AC012676.3
AC012676.4	AC012676.4
AC013248.1	AC013248.1
AC013264.1	AC013264.1
AC013265.1	AC013265.1
AC013267.2	AC013267.2
AC013269.1	AC013269.1
AC013269.2	AC013269.2
AC013270.1	AC013270.1
AC013271.1	AC013271.1
AC013275.1	AC013275.1
AC013287.1	AC013287.1
AC013356.2	AC013356.2
AC013356.3	AC013356.3
AC013391.1	AC013391.1
AC013391.2	AC013391.2
AC013391.3	AC013391.3
AC013394.1	AC013394.1
AC013400.1	AC013400.1
AC013402.1	AC013402.1
AC013402.3	AC013402.3
AC013403.2	AC013403.2
AC013436.1	AC013436.1
AC013437.1	AC013437.1
AC013439.2	AC013439.2
AC013448.1	AC013448.1
AC013448.2	AC013448.2
AC013451.1	AC013451.1
AC013451.2	AC013451.2
AC013452.2	AC013452.2
AC013457.1	AC013457.1
AC013460.1	AC013460.1
AC013468.1	AC013468.1
AC013470.2	AC013470.2
AC013472.1	AC013472.1
AC013472.2	AC013472.2
AC013472.3	AC013472.3
AC013476.1	AC013476.1
AC013480.1	AC013480.1
AC013486.1	AC013486.1
AC013546.1	AC013546.1
AC013549.1	AC013549.1
AC013549.2	AC013549.2
AC013549.3	AC013549.3
AC013553.3	AC013553.3
AC013553.4	AC013553.4
AC013562.1	AC013562.1
AC013564.1	AC013564.1
AC013565.1	AC013565.1
AC013565.3	AC013565.3
AC013640.1	AC013640.1
AC013643.2	AC013643.2
AC013652.1	AC013652.1
AC013652.2	AC013652.2
AC013701.2	AC013701.2
AC013714.1	AC013714.1
AC013716.1	AC013716.1
AC013724.1	AC013724.1
AC013726.1	AC013726.1
AC013727.1	AC013727.1
AC013727.2	AC013727.2
AC013731.1	AC013731.1
AC013733.1	AC013733.1
AC013733.2	AC013733.2
AC013762.1	AC013762.1
AC013799.1	AC013799.1
AC015468.3	AC015468.3
AC015468.4	AC015468.4
AC015522.1	AC015522.1
AC015540.1	AC015540.1
AC015563.1	AC015563.1
AC015563.2	AC015563.2
AC015574.1	AC015574.1
AC015631.1	AC015631.1
AC015660.1	AC015660.1
AC015660.2	AC015660.2
AC015660.3	AC015660.3
AC015660.4	AC015660.4
AC015674.1	AC015674.1
AC015688.4	AC015688.4
AC015688.6	AC015688.6
AC015689.1	AC015689.1
AC015712.1	AC015712.1
AC015712.2	AC015712.2
AC015712.4	AC015712.4
AC015712.7	AC015712.7
AC015722.2	AC015722.2
AC015726.1	AC015726.1
AC015726.2	AC015726.2
AC015727.1	AC015727.1
AC015771.1	AC015771.1
AC015795.1	AC015795.1
AC015802.1	AC015802.1
AC015802.3	AC015802.3
AC015802.4	AC015802.4
AC015802.5	AC015802.5
AC015802.6	AC015802.6
AC015802.7	AC015802.7
AC015813.1	AC015813.1
AC015813.2	AC015813.2
AC015813.3	AC015813.3
AC015813.4	AC015813.4
AC015813.8	AC015813.8
AC015818.2	AC015818.2
AC015818.7	AC015818.7
AC015818.8	AC015818.8
AC015819.1	AC015819.1
AC015819.2	AC015819.2
AC015819.5	AC015819.5
AC015845.1	AC015845.1
AC015845.2	AC015845.2
AC015849.1	AC015849.1
AC015849.3	AC015849.3
AC015849.4	AC015849.4
AC015849.5	AC015849.5
AC015853.1	AC015853.1
AC015853.2	AC015853.2
AC015853.3	AC015853.3
AC015871.1	AC015871.1
AC015871.4	AC015871.4
AC015871.7	AC015871.7
AC015878.1	AC015878.1
AC015878.2	AC015878.2
AC015908.2	AC015908.2
AC015908.3	AC015908.3
AC015908.4	AC015908.4
AC015909.1	AC015909.1
AC015909.2	AC015909.2
AC015909.3	AC015909.3
AC015909.4	AC015909.4
AC015911.2	AC015911.2
AC015911.3	AC015911.3
AC015911.6	AC015911.6
AC015912.3	AC015912.3
AC015914.1	AC015914.1
AC015917.2	AC015917.2
AC015921.1	AC015921.1
AC015922.2	AC015922.2
AC015922.3	AC015922.3
AC015922.4	AC015922.4
AC015923.1	AC015923.1
AC015936.1	AC015936.1
AC015936.2	AC015936.2
AC015943.1	AC015943.1
AC015961.1	AC015961.1
AC015961.2	AC015961.2
AC015967.1	AC015967.1
AC015969.1	AC015969.1
AC015971.1	AC015971.1
AC015982.1	AC015982.1
AC015982.2	AC015982.2
AC015983.2	AC015983.2
AC015987.1	AC015987.1
AC016026.2	AC016026.2
AC016027.1	AC016027.1
AC016027.2	AC016027.2
AC016027.3	AC016027.3
AC016042.1	AC016042.1
AC016044.1	AC016044.1
AC016065.1	AC016065.1
AC016074.2	AC016074.2
AC016134.1	AC016134.1
AC016152.1	AC016152.1
AC016168.2	AC016168.2
AC016168.4	AC016168.4
AC016205.1	AC016205.1
AC016229.1	AC016229.1
AC016229.2	AC016229.2
AC016245.1	AC016245.1
AC016245.2	AC016245.2
AC016252.1	AC016252.1
AC016257.1	AC016257.1
AC016266.1	AC016266.1
AC016292.1	AC016292.1
AC016355.1	AC016355.1
AC016382.1	AC016382.1
AC016383.1	AC016383.1
AC016383.2	AC016383.2
AC016394.1	AC016394.1
AC016394.2	AC016394.2
AC016395.1	AC016395.1
AC016396.1	AC016396.1
AC016405.1	AC016405.1
AC016405.2	AC016405.2
AC016405.3	AC016405.3
AC016493.1	AC016493.1
AC016526.1	AC016526.1
AC016526.2	AC016526.2
AC016526.4	AC016526.4
AC016542.1	AC016542.1
AC016549.1	AC016549.1
AC016550.3	AC016550.3
AC016553.1	AC016553.1
AC016556.1	AC016556.1
AC016571.1	AC016571.1
AC016573.1	AC016573.1
AC016575.1	AC016575.1
AC016575.2	AC016575.2
AC016576.1	AC016576.1
AC016583.2	AC016583.2
AC016586.1	AC016586.1
AC016587.1	AC016587.1
AC016588.1	AC016588.1
AC016588.2	AC016588.2
AC016590.1	AC016590.1
AC016590.2	AC016590.2
AC016590.3	AC016590.3
AC016590.4	AC016590.4
AC016596.1	AC016596.1
AC016597.1	AC016597.1
AC016597.2	AC016597.2
AC016598.1	AC016598.1
AC016598.2	AC016598.2
AC016629.2	AC016629.2
AC016642.1	AC016642.1
AC016644.1	AC016644.1
AC016650.1	AC016650.1
AC016682.1	AC016682.1
AC016687.2	AC016687.2
AC016687.3	AC016687.3
AC016700.3	AC016700.3
AC016705.1	AC016705.1
AC016705.2	AC016705.2
AC016705.3	AC016705.3
AC016708.1	AC016708.1
AC016710.1	AC016710.1
AC016716.2	AC016716.2
AC016717.2	AC016717.2
AC016721.1	AC016721.1
AC016722.1	AC016722.1
AC016722.2	AC016722.2
AC016722.3	AC016722.3
AC016723.1	AC016723.1
AC016727.1	AC016727.1
AC016727.3	AC016727.3
AC016730.1	AC016730.1
AC016735.1	AC016735.1
AC016737.1	AC016737.1
AC016737.2	AC016737.2
AC016738.1	AC016738.1
AC016738.2	AC016738.2
AC016743.1	AC016743.1
AC016745.1	AC016745.1
AC016745.2	AC016745.2
AC016746.1	AC016746.1
AC016747.1	AC016747.1
AC016747.2	AC016747.2
AC016747.3	AC016747.3
AC016751.1	AC016751.1
AC016751.2	AC016751.2
AC016766.1	AC016766.1
AC016769.5	AC016769.5
AC016773.1	AC016773.1
AC016813.1	AC016813.1
AC016816.1	AC016816.1
AC016820.1	AC016820.1
AC016821.1	AC016821.1
AC016822.1	AC016822.1
AC016825.1	AC016825.1
AC016831.1	AC016831.1
AC016831.5	AC016831.5
AC016831.6	AC016831.6
AC016831.7	AC016831.7
AC016866.1	AC016866.1
AC016866.2	AC016866.2
AC016868.1	AC016868.1
AC016876.1	AC016876.1
AC016876.3	AC016876.3
AC016877.1	AC016877.1
AC016885.2	AC016885.2
AC016888.1	AC016888.1
AC016902.1	AC016902.1
AC016903.2	AC016903.2
AC016907.2	AC016907.2
AC016909.2	AC016909.2
AC016910.1	AC016910.1
AC016924.1	AC016924.1
AC016925.3	AC016925.3
AC016931.1	AC016931.1
AC016933.1	AC016933.1
AC016949.1	AC016949.1
AC016957.2	AC016957.2
AC016968.1	AC016968.1
AC016987.1	AC016987.1
AC016993.1	AC016993.1
AC016994.1	AC016994.1
AC016995.1	AC016995.1
AC017000.1	AC017000.1
AC017002.1	AC017002.1
AC017002.3	AC017002.3
AC017002.5	AC017002.5
AC017002.6	AC017002.6
AC017006.1	AC017006.1
AC017006.2	AC017006.2
AC017007.5	AC017007.5
AC017015.2	AC017015.2
AC017028.1	AC017028.1
AC017028.2	AC017028.2
AC017033.1	AC017033.1
AC017037.5	AC017037.5
AC017048.1	AC017048.1
AC017048.2	AC017048.2
AC017048.3	AC017048.3
AC017050.1	AC017050.1
AC017053.1	AC017053.1
AC017071.1	AC017071.1
AC017074.1	AC017074.1
AC017074.2	AC017074.2
AC017076.1	AC017076.1
AC017083.1	AC017083.1
AC017083.2	AC017083.2
AC017083.3	AC017083.3
AC017091.1	AC017091.1
AC017099.2	AC017099.2
AC017100.1	AC017100.1
AC017101.1	AC017101.1
AC017104.1	AC017104.1
AC017104.3	AC017104.3
AC017104.6	AC017104.6
AC017116.1	AC017116.1
AC018358.1	AC018358.1
AC018359.1	AC018359.1
AC018362.1	AC018362.1
AC018362.2	AC018362.2
AC018371.1	AC018371.1
AC018398.1	AC018398.1
AC018410.1	AC018410.1
AC018410.2	AC018410.2
AC018413.1	AC018413.1
AC018437.2	AC018437.2
AC018437.3	AC018437.3
AC018442.2	AC018442.2
AC018445.1	AC018445.1
AC018445.5	AC018445.5
AC018445.6	AC018445.6
AC018450.1	AC018450.1
AC018462.1	AC018462.1
AC018464.1	AC018464.1
AC018467.1	AC018467.1
AC018511.2	AC018511.2
AC018511.5	AC018511.5
AC018512.1	AC018512.1
AC018521.2	AC018521.2
AC018521.4	AC018521.4
AC018521.5	AC018521.5
AC018521.6	AC018521.6
AC018521.7	AC018521.7
AC018523.2	AC018523.2
AC018529.1	AC018529.1
AC018529.2	AC018529.2
AC018541.1	AC018541.1
AC018545.1	AC018545.1
AC018552.2	AC018552.2
AC018552.3	AC018552.3
AC018553.1	AC018553.1
AC018553.2	AC018553.2
AC018554.1	AC018554.1
AC018554.3	AC018554.3
AC018557.1	AC018557.1
AC018557.2	AC018557.2
AC018557.3	AC018557.3
AC018558.7	AC018558.7
AC018563.1	AC018563.1
AC018607.1	AC018607.1
AC018616.1	AC018616.1
AC018618.1	AC018618.1
AC018628.2	AC018628.2
AC018635.2	AC018635.2
AC018637.1	AC018637.1
AC018638.6	AC018638.6
AC018638.7	AC018638.7
AC018643.1	AC018643.1
AC018645.2	AC018645.2
AC018645.3	AC018645.3
AC018647.1	AC018647.1
AC018647.2	AC018647.2
AC018647.3	AC018647.3
AC018648.1	AC018648.1
AC018653.1	AC018653.1
AC018653.3	AC018653.3
AC018653.4	AC018653.4
AC018678.1	AC018678.1
AC018680.1	AC018680.1
AC018682.1	AC018682.1
AC018682.2	AC018682.2
AC018685.2	AC018685.2
AC018685.3	AC018685.3
AC018690.1	AC018690.1
AC018692.1	AC018692.1
AC018693.1	AC018693.1
AC018695.2	AC018695.2
AC018695.3	AC018695.3
AC018695.4	AC018695.4
AC018695.6	AC018695.6
AC018695.8	AC018695.8
AC018695.9	AC018695.9
AC018697.1	AC018697.1
AC018706.1	AC018706.1
AC018709.1	AC018709.1
AC018716.1	AC018716.1
AC018716.2	AC018716.2
AC018730.1	AC018730.1
AC018731.1	AC018731.1
AC018742.1	AC018742.1
AC018752.1	AC018752.1
AC018754.1	AC018754.1
AC018755.1	AC018755.1
AC018755.4	AC018755.4
AC018761.1	AC018761.1
AC018761.2	AC018761.2
AC018766.1	AC018766.1
AC018767.2	AC018767.2
AC018767.3	AC018767.3
AC018781.1	AC018781.1
AC018797.2	AC018797.2
AC018797.3	AC018797.3
AC018802.1	AC018802.1
AC018802.2	AC018802.2
AC018809.1	AC018809.1
AC018809.2	AC018809.2
AC018814.1	AC018814.1
AC018816.1	AC018816.1
AC018832.1	AC018832.1
AC018845.1	AC018845.1
AC018845.3	AC018845.3
AC018861.2	AC018861.2
AC018866.1	AC018866.1
AC018878.1	AC018878.1
AC018904.1	AC018904.1
AC018926.1	AC018926.1
AC018926.2	AC018926.2
AC018926.3	AC018926.3
AC018946.1	AC018946.1
AC018953.1	AC018953.1
AC018953.2	AC018953.2
AC018978.1	AC018978.1
AC018980.1	AC018980.1
AC019064.1	AC019064.1
AC019068.1	AC019068.1
AC019069.1	AC019069.1
AC019077.1	AC019077.1
AC019080.1	AC019080.1
AC019080.3	AC019080.3
AC019080.4	AC019080.4
AC019080.5	AC019080.5
AC019080.6	AC019080.6
AC019103.1	AC019103.1
AC019117.1	AC019117.1
AC019117.2	AC019117.2
AC019117.3	AC019117.3
AC019118.1	AC019118.1
AC019118.2	AC019118.2
AC019127.1	AC019127.1
AC019129.2	AC019129.2
AC019130.1	AC019130.1
AC019131.1	AC019131.1
AC019131.2	AC019131.2
AC019131.3	AC019131.3
AC019155.2	AC019155.2
AC019155.3	AC019155.3
AC019163.1	AC019163.1
AC019171.1	AC019171.1
AC019183.1	AC019183.1
AC019185.2	AC019185.2
AC019186.1	AC019186.1
AC019193.2	AC019193.2
AC019193.4	AC019193.4
AC019197.1	AC019197.1
AC019205.1	AC019205.1
AC019209.3	AC019209.3
AC019211.1	AC019211.1
AC019254.1	AC019254.1
AC019257.1	AC019257.1
AC019257.2	AC019257.2
AC019257.8	AC019257.8
AC019257.9	AC019257.9
AC019270.1	AC019270.1
AC019294.2	AC019294.2
AC019330.1	AC019330.1
AC020550.2	AC020550.2
AC020551.1	AC020551.1
AC020558.1	AC020558.1
AC020558.2	AC020558.2
AC020558.6	AC020558.6
AC020559.1	AC020559.1
AC020571.1	AC020571.1
AC020584.1	AC020584.1
AC020594.1	AC020594.1
AC020611.2	AC020611.2
AC020612.3	AC020612.3
AC020612.4	AC020612.4
AC020634.1	AC020634.1
AC020634.2	AC020634.2
AC020636.2	AC020636.2
AC020637.1	AC020637.1
AC020651.1	AC020651.1
AC020651.2	AC020651.2
AC020655.1	AC020655.1
AC020656.1	AC020656.1
AC020656.2	AC020656.2
AC020658.2	AC020658.2
AC020658.3	AC020658.3
AC020658.4	AC020658.4
AC020658.5	AC020658.5
AC020659.1	AC020659.1
AC020659.2	AC020659.2
AC020661.1	AC020661.1
AC020661.2	AC020661.2
AC020661.3	AC020661.3
AC020661.4	AC020661.4
AC020663.2	AC020663.2
AC020663.3	AC020663.3
AC020687.1	AC020687.1
AC020703.1	AC020703.1
AC020704.1	AC020704.1
AC020718.1	AC020718.1
AC020719.1	AC020719.1
AC020741.1	AC020741.1
AC020743.1	AC020743.1
AC020743.2	AC020743.2
AC020763.1	AC020763.1
AC020765.2	AC020765.2
AC020779.2	AC020779.2
AC020891.2	AC020891.2
AC020892.1	AC020892.1
AC020892.2	AC020892.2
AC020900.1	AC020900.1
AC020905.1	AC020905.1
AC020907.1	AC020907.1
AC020907.3	AC020907.3
AC020907.4	AC020907.4
AC020908.1	AC020908.1
AC020908.2	AC020908.2
AC020908.3	AC020908.3
AC020909.2	AC020909.2
AC020909.3	AC020909.3
AC020910.2	AC020910.2
AC020910.4	AC020910.4
AC020910.5	AC020910.5
AC020911.1	AC020911.1
AC020911.2	AC020911.2
AC020911.3	AC020911.3
AC020912.1	AC020912.1
AC020913.1	AC020913.1
AC020913.2	AC020913.2
AC020913.3	AC020913.3
AC020915.1	AC020915.1
AC020915.2	AC020915.2
AC020915.3	AC020915.3
AC020915.5	AC020915.5
AC020916.1	AC020916.1
AC020916.2	AC020916.2
AC020917.2	AC020917.2
AC020917.3	AC020917.3
AC020922.2	AC020922.2
AC020922.3	AC020922.3
AC020922.4	AC020922.4
AC020928.1	AC020928.1
AC020928.2	AC020928.2
AC020928.3	AC020928.3
AC020930.1	AC020930.1
AC020931.1	AC020931.1
AC020934.1	AC020934.1
AC020934.2	AC020934.2
AC020978.1	AC020978.1
AC020978.2	AC020978.2
AC020978.3	AC020978.3
AC020978.5	AC020978.5
AC020978.6	AC020978.6
AC020978.7	AC020978.7
AC020980.1	AC020980.1
AC021006.2	AC021006.2
AC021016.2	AC021016.2
AC021016.3	AC021016.3
AC021028.1	AC021028.1
AC021035.1	AC021035.1
AC021037.1	AC021037.1
AC021054.1	AC021054.1
AC021055.1	AC021055.1
AC021066.1	AC021066.1
AC021072.1	AC021072.1
AC021074.3	AC021074.3
AC021086.1	AC021086.1
AC021087.1	AC021087.1
AC021088.1	AC021088.1
AC021092.1	AC021092.1
AC021097.1	AC021097.1
AC021097.2	AC021097.2
AC021127.1	AC021127.1
AC021134.1	AC021134.1
AC021134.2	AC021134.2
AC021146.12	AC021146.12
AC021148.2	AC021148.2
AC021151.1	AC021151.1
AC021180.1	AC021180.1
AC021188.1	AC021188.1
AC021192.1	AC021192.1
AC021205.3	AC021205.3
AC021218.1	AC021218.1
AC021220.2	AC021220.2
AC021224.1	AC021224.1
AC021231.1	AC021231.1
AC021236.1	AC021236.1
AC021237.1	AC021237.1
AC021242.2	AC021242.2
AC021242.3	AC021242.3
AC021269.3	AC021269.3
AC021321.1	AC021321.1
AC021321.2	AC021321.2
AC021351.1	AC021351.1
AC021355.1	AC021355.1
AC021382.1	AC021382.1
AC021393.1	AC021393.1
AC021422.1	AC021422.1
AC021439.1	AC021439.1
AC021483.1	AC021483.1
AC021483.2	AC021483.2
AC021491.1	AC021491.1
AC021491.2	AC021491.2
AC021491.4	AC021491.4
AC021504.1	AC021504.1
AC021506.1	AC021506.1
AC021517.2	AC021517.2
AC021534.1	AC021534.1
AC021546.1	AC021546.1
AC021573.1	AC021573.1
AC021594.2	AC021594.2
AC021613.1	AC021613.1
AC021613.3	AC021613.3
AC021660.2	AC021660.2
AC021660.4	AC021660.4
AC021678.2	AC021678.2
AC021683.1	AC021683.1
AC021683.2	AC021683.2
AC021683.3	AC021683.3
AC021683.5	AC021683.5
AC021683.6	AC021683.6
AC021698.1	AC021698.1
AC021701.1	AC021701.1
AC021723.2	AC021723.2
AC021733.1	AC021733.1
AC021733.2	AC021733.2
AC021733.4	AC021733.4
AC021736.1	AC021736.1
AC021739.2	AC021739.2
AC021739.3	AC021739.3
AC021739.4	AC021739.4
AC021739.5	AC021739.5
AC021744.1	AC021744.1
AC021752.1	AC021752.1
AC021755.2	AC021755.2
AC021755.3	AC021755.3
AC021818.1	AC021818.1
AC021851.1	AC021851.1
AC021851.2	AC021851.2
AC021860.1	AC021860.1
AC021915.1	AC021915.1
AC021915.2	AC021915.2
AC021979.1	AC021979.1
AC021979.2	AC021979.2
AC021979.3	AC021979.3
AC022001.2	AC022001.2
AC022001.3	AC022001.3
AC022007.1	AC022007.1
AC022017.1	AC022017.1
AC022021.1	AC022021.1
AC022023.2	AC022023.2
AC022028.2	AC022028.2
AC022031.1	AC022031.1
AC022031.2	AC022031.2
AC022034.1	AC022034.1
AC022034.2	AC022034.2
AC022034.3	AC022034.3
AC022035.1	AC022035.1
AC022039.1	AC022039.1
AC022068.1	AC022068.1
AC022075.1	AC022075.1
AC022075.2	AC022075.2
AC022075.3	AC022075.3
AC022079.1	AC022079.1
AC022079.2	AC022079.2
AC022087.1	AC022087.1
AC022092.1	AC022092.1
AC022098.1	AC022098.1
AC022098.3	AC022098.3
AC022098.4	AC022098.4
AC022100.1	AC022100.1
AC022101.1	AC022101.1
AC022113.1	AC022113.1
AC022118.1	AC022118.1
AC022126.1	AC022126.1
AC022137.4	AC022137.4
AC022140.1	AC022140.1
AC022144.1	AC022144.1
AC022145.1	AC022145.1
AC022146.2	AC022146.2
AC022148.1	AC022148.1
AC022148.2	AC022148.2
AC022150.1	AC022150.1
AC022150.2	AC022150.2
AC022150.4	AC022150.4
AC022154.1	AC022154.1
AC022164.1	AC022164.1
AC022165.1	AC022165.1
AC022166.1	AC022166.1
AC022167.1	AC022167.1
AC022167.2	AC022167.2
AC022167.3	AC022167.3
AC022167.4	AC022167.4
AC022167.5	AC022167.5
AC022168.1	AC022168.1
AC022173.1	AC022173.1
AC022182.1	AC022182.1
AC022182.2	AC022182.2
AC022196.1	AC022196.1
AC022201.1	AC022201.1
AC022210.2	AC022210.2
AC022211.1	AC022211.1
AC022211.2	AC022211.2
AC022211.3	AC022211.3
AC022215.2	AC022215.2
AC022217.2	AC022217.2
AC022217.3	AC022217.3
AC022239.1	AC022239.1
AC022240.1	AC022240.1
AC022267.1	AC022267.1
AC022272.1	AC022272.1
AC022274.1	AC022274.1
AC022276.1	AC022276.1
AC022294.1	AC022294.1
AC022296.3	AC022296.3
AC022296.4	AC022296.4
AC022306.2	AC022306.2
AC022306.3	AC022306.3
AC022325.2	AC022325.2
AC022335.1	AC022335.1
AC022364.1	AC022364.1
AC022367.1	AC022367.1
AC022382.1	AC022382.1
AC022382.2	AC022382.2
AC022384.1	AC022384.1
AC022387.1	AC022387.1
AC022387.2	AC022387.2
AC022392.1	AC022392.1
AC022395.1	AC022395.1
AC022398.1	AC022398.1
AC022400.1	AC022400.1
AC022400.2	AC022400.2
AC022400.4	AC022400.4
AC022400.6	AC022400.6
AC022400.7	AC022400.7
AC022413.2	AC022413.2
AC022414.1	AC022414.1
AC022424.1	AC022424.1
AC022424.2	AC022424.2
AC022433.1	AC022433.1
AC022440.1	AC022440.1
AC022445.1	AC022445.1
AC022447.1	AC022447.1
AC022447.2	AC022447.2
AC022447.5	AC022447.5
AC022447.6	AC022447.6
AC022447.7	AC022447.7
AC022463.1	AC022463.1
AC022467.1	AC022467.1
AC022467.2	AC022467.2
AC022469.1	AC022469.1
AC022469.2	AC022469.2
AC022486.1	AC022486.1
AC022498.1	AC022498.1
AC022506.2	AC022506.2
AC022509.1	AC022509.1
AC022509.2	AC022509.2
AC022509.3	AC022509.3
AC022509.5	AC022509.5
AC022511.1	AC022511.1
AC022517.1	AC022517.1
AC022523.1	AC022523.1
AC022535.1	AC022535.1
AC022535.2	AC022535.2
AC022535.3	AC022535.3
AC022537.1	AC022537.1
AC022540.1	AC022540.1
AC022558.1	AC022558.1
AC022558.2	AC022558.2
AC022558.3	AC022558.3
AC022568.1	AC022568.1
AC022596.1	AC022596.1
AC022596.2	AC022596.2
AC022601.1	AC022601.1
AC022613.1	AC022613.1
AC022613.2	AC022613.2
AC022613.3	AC022613.3
AC022634.2	AC022634.2
AC022639.1	AC022639.1
AC022655.1	AC022655.1
AC022679.1	AC022679.1
AC022679.2	AC022679.2
AC022695.2	AC022695.2
AC022695.3	AC022695.3
AC022706.1	AC022706.1
AC022710.1	AC022710.1
AC022726.1	AC022726.1
AC022726.2	AC022726.2
AC022730.3	AC022730.3
AC022730.4	AC022730.4
AC022733.1	AC022733.1
AC022733.2	AC022733.2
AC022762.1	AC022762.1
AC022762.2	AC022762.2
AC022778.1	AC022778.1
AC022784.1	AC022784.1
AC022784.2	AC022784.2
AC022784.3	AC022784.3
AC022784.4	AC022784.4
AC022784.5	AC022784.5
AC022784.6	AC022784.6
AC022784.7	AC022784.7
AC022796.1	AC022796.1
AC022809.1	AC022809.1
AC022816.1	AC022816.1
AC022819.1	AC022819.1
AC022826.2	AC022826.2
AC022832.2	AC022832.2
AC022858.1	AC022858.1
AC022868.2	AC022868.2
AC022872.1	AC022872.1
AC022874.1	AC022874.1
AC022893.1	AC022893.1
AC022893.2	AC022893.2
AC022893.3	AC022893.3
AC022898.1	AC022898.1
AC022898.2	AC022898.2
AC022903.1	AC022903.1
AC022903.2	AC022903.2
AC022915.2	AC022915.2
AC022916.1	AC022916.1
AC022916.4	AC022916.4
AC022929.2	AC022929.2
AC022960.1	AC022960.1
AC022960.2	AC022960.2
AC022966.1	AC022966.1
AC022966.2	AC022966.2
AC022973.2	AC022973.2
AC022973.3	AC022973.3
AC022973.4	AC022973.4
AC022973.5	AC022973.5
AC023024.1	AC023024.1
AC023034.1	AC023034.1
AC023034.2	AC023034.2
AC023043.1	AC023043.1
AC023043.4	AC023043.4
AC023051.1	AC023051.1
AC023055.1	AC023055.1
AC023078.5	AC023078.5
AC023090.1	AC023090.1
AC023095.1	AC023095.1
AC023136.1	AC023136.1
AC023137.1	AC023137.1
AC023154.1	AC023154.1
AC023157.3	AC023157.3
AC023158.1	AC023158.1
AC023158.2	AC023158.2
AC023161.1	AC023161.1
AC023194.3	AC023194.3
AC023200.1	AC023200.1
AC023202.1	AC023202.1
AC023282.1	AC023282.1
AC023283.1	AC023283.1
AC023300.2	AC023300.2
AC023302.1	AC023302.1
AC023302.2	AC023302.2
AC023310.4	AC023310.4
AC023347.1	AC023347.1
AC023355.1	AC023355.1
AC023385.1	AC023385.1
AC023389.1	AC023389.1
AC023394.2	AC023394.2
AC023403.1	AC023403.1
AC023421.1	AC023421.1
AC023421.2	AC023421.2
AC023424.3	AC023424.3
AC023442.3	AC023442.3
AC023449.2	AC023449.2
AC023468.1	AC023468.1
AC023469.1	AC023469.1
AC023469.2	AC023469.2
AC023480.1	AC023480.1
AC023481.1	AC023481.1
AC023483.1	AC023483.1
AC023490.1	AC023490.1
AC023490.3	AC023490.3
AC023490.4	AC023490.4
AC023491.2	AC023491.2
AC023494.1	AC023494.1
AC023503.1	AC023503.1
AC023509.2	AC023509.2
AC023509.3	AC023509.3
AC023509.4	AC023509.4
AC023509.6	AC023509.6
AC023510.1	AC023510.1
AC023510.2	AC023510.2
AC023511.1	AC023511.1
AC023511.3	AC023511.3
AC023590.1	AC023590.1
AC023593.1	AC023593.1
AC023595.1	AC023595.1
AC023632.2	AC023632.2
AC023632.5	AC023632.5
AC023644.1	AC023644.1
AC023669.1	AC023669.1
AC023669.2	AC023669.2
AC023762.1	AC023762.1
AC023781.1	AC023781.1
AC023787.1	AC023787.1
AC023787.2	AC023787.2
AC023787.3	AC023787.3
AC023790.2	AC023790.2
AC023794.1	AC023794.1
AC023794.2	AC023794.2
AC023794.3	AC023794.3
AC023794.4	AC023794.4
AC023794.5	AC023794.5
AC023794.6	AC023794.6
AC023796.1	AC023796.1
AC023796.2	AC023796.2
AC023813.1	AC023813.1
AC023813.3	AC023813.3
AC023813.4	AC023813.4
AC023824.3	AC023824.3
AC023825.2	AC023825.2
AC023830.1	AC023830.1
AC023830.2	AC023830.2
AC023830.3	AC023830.3
AC023855.1	AC023855.1
AC023866.1	AC023866.1
AC023866.2	AC023866.2
AC023886.1	AC023886.1
AC023905.1	AC023905.1
AC023906.2	AC023906.2
AC023906.3	AC023906.3
AC023906.4	AC023906.4
AC023906.5	AC023906.5
AC023908.1	AC023908.1
AC023908.3	AC023908.3
AC023946.1	AC023946.1
AC023983.1	AC023983.1
AC023983.2	AC023983.2
AC024022.1	AC024022.1
AC024028.1	AC024028.1
AC024060.1	AC024060.1
AC024060.2	AC024060.2
AC024075.1	AC024075.1
AC024075.2	AC024075.2
AC024075.3	AC024075.3
AC024084.1	AC024084.1
AC024132.2	AC024132.2
AC024132.3	AC024132.3
AC024145.1	AC024145.1
AC024224.2	AC024224.2
AC024230.1	AC024230.1
AC024236.1	AC024236.1
AC024243.1	AC024243.1
AC024257.1	AC024257.1
AC024257.3	AC024257.3
AC024257.4	AC024257.4
AC024257.5	AC024257.5
AC024267.1	AC024267.1
AC024267.3	AC024267.3
AC024267.4	AC024267.4
AC024267.5	AC024267.5
AC024267.6	AC024267.6
AC024270.4	AC024270.4
AC024270.5	AC024270.5
AC024337.1	AC024337.1
AC024337.2	AC024337.2
AC024361.1	AC024361.1
AC024361.2	AC024361.2
AC024361.3	AC024361.3
AC024382.1	AC024382.1
AC024451.4	AC024451.4
AC024475.1	AC024475.1
AC024475.3	AC024475.3
AC024475.4	AC024475.4
AC024558.2	AC024558.2
AC024559.1	AC024559.1
AC024559.2	AC024559.2
AC024560.1	AC024560.1
AC024560.3	AC024560.3
AC024560.4	AC024560.4
AC024560.5	AC024560.5
AC024563.1	AC024563.1
AC024575.1	AC024575.1
AC024579.1	AC024579.1
AC024587.2	AC024587.2
AC024588.1	AC024588.1
AC024592.1	AC024592.1
AC024592.2	AC024592.2
AC024592.3	AC024592.3
AC024597.1	AC024597.1
AC024600.1	AC024600.1
AC024601.1	AC024601.1
AC024603.1	AC024603.1
AC024610.1	AC024610.1
AC024610.2	AC024610.2
AC024614.1	AC024614.1
AC024614.2	AC024614.2
AC024614.4	AC024614.4
AC024619.3	AC024619.3
AC024651.1	AC024651.1
AC024651.3	AC024651.3
AC024681.2	AC024681.2
AC024730.1	AC024730.1
AC024896.1	AC024896.1
AC024901.1	AC024901.1
AC024908.1	AC024908.1
AC024909.1	AC024909.1
AC024909.2	AC024909.2
AC024933.1	AC024933.1
AC024933.2	AC024933.2
AC024937.3	AC024937.3
AC024940.6	AC024940.6
AC024941.1	AC024941.1
AC024941.2	AC024941.2
AC024958.1	AC024958.1
AC024996.1	AC024996.1
AC025030.2	AC025030.2
AC025031.1	AC025031.1
AC025031.2	AC025031.2
AC025031.3	AC025031.3
AC025031.4	AC025031.4
AC025034.1	AC025034.1
AC025035.1	AC025035.1
AC025038.1	AC025038.1
AC025040.1	AC025040.1
AC025043.1	AC025043.1
AC025048.1	AC025048.1
AC025048.2	AC025048.2
AC025048.4	AC025048.4
AC025048.7	AC025048.7
AC025062.3	AC025062.3
AC025154.2	AC025154.2
AC025159.1	AC025159.1
AC025160.1	AC025160.1
AC025162.2	AC025162.2
AC025164.1	AC025164.1
AC025165.1	AC025165.1
AC025165.2	AC025165.2
AC025165.4	AC025165.4
AC025165.5	AC025165.5
AC025166.1	AC025166.1
AC025171.1	AC025171.1
AC025171.2	AC025171.2
AC025171.3	AC025171.3
AC025171.4	AC025171.4
AC025171.5	AC025171.5
AC025174.1	AC025174.1
AC025175.1	AC025175.1
AC025175.2	AC025175.2
AC025176.1	AC025176.1
AC025178.1	AC025178.1
AC025180.1	AC025180.1
AC025181.2	AC025181.2
AC025187.1	AC025187.1
AC025188.1	AC025188.1
AC025211.1	AC025211.1
AC025219.1	AC025219.1
AC025244.1	AC025244.1
AC025252.1	AC025252.1
AC025253.1	AC025253.1
AC025253.2	AC025253.2
AC025257.1	AC025257.1
AC025259.1	AC025259.1
AC025259.3	AC025259.3
AC025262.1	AC025262.1
AC025262.4	AC025262.4
AC025263.1	AC025263.1
AC025263.2	AC025263.2
AC025265.1	AC025265.1
AC025265.2	AC025265.2
AC025271.2	AC025271.2
AC025271.3	AC025271.3
AC025271.4	AC025271.4
AC025272.1	AC025272.1
AC025280.2	AC025280.2
AC025280.3	AC025280.3
AC025283.2	AC025283.2
AC025283.3	AC025283.3
AC025284.1	AC025284.1
AC025287.2	AC025287.2
AC025287.3	AC025287.3
AC025287.4	AC025287.4
AC025366.1	AC025366.1
AC025370.1	AC025370.1
AC025370.2	AC025370.2
AC025419.1	AC025419.1
AC025423.1	AC025423.1
AC025423.4	AC025423.4
AC025428.1	AC025428.1
AC025428.2	AC025428.2
AC025430.1	AC025430.1
AC025431.1	AC025431.1
AC025434.1	AC025434.1
AC025437.1	AC025437.1
AC025437.3	AC025437.3
AC025437.4	AC025437.4
AC025442.1	AC025442.1
AC025442.2	AC025442.2
AC025449.2	AC025449.2
AC025465.1	AC025465.1
AC025465.2	AC025465.2
AC025465.4	AC025465.4
AC025470.2	AC025470.2
AC025475.1	AC025475.1
AC025508.1	AC025508.1
AC025521.1	AC025521.1
AC025524.1	AC025524.1
AC025524.2	AC025524.2
AC025539.1	AC025539.1
AC025566.1	AC025566.1
AC025569.1	AC025569.1
AC025572.1	AC025572.1
AC025575.1	AC025575.1
AC025575.2	AC025575.2
AC025576.1	AC025576.1
AC025576.2	AC025576.2
AC025576.3	AC025576.3
AC025580.1	AC025580.1
AC025580.2	AC025580.2
AC025580.3	AC025580.3
AC025614.2	AC025614.2
AC025627.1	AC025627.1
AC025674.2	AC025674.2
AC025682.1	AC025682.1
AC025741.1	AC025741.1
AC025756.1	AC025756.1
AC025766.1	AC025766.1
AC025774.1	AC025774.1
AC025809.1	AC025809.1
AC025810.1	AC025810.1
AC025811.1	AC025811.1
AC025822.1	AC025822.1
AC025822.2	AC025822.2
AC025839.1	AC025839.1
AC025857.2	AC025857.2
AC025871.1	AC025871.1
AC025871.2	AC025871.2
AC025871.3	AC025871.3
AC025887.1	AC025887.1
AC025887.2	AC025887.2
AC025917.1	AC025917.1
AC025918.1	AC025918.1
AC025946.1	AC025946.1
AC026100.1	AC026100.1
AC026108.1	AC026108.1
AC026108.2	AC026108.2
AC026116.1	AC026116.1
AC026120.3	AC026120.3
AC026124.1	AC026124.1
AC026124.2	AC026124.2
AC026150.1	AC026150.1
AC026150.3	AC026150.3
AC026167.1	AC026167.1
AC026191.1	AC026191.1
AC026202.1	AC026202.1
AC026202.2	AC026202.2
AC026202.3	AC026202.3
AC026250.1	AC026250.1
AC026254.2	AC026254.2
AC026304.1	AC026304.1
AC026310.2	AC026310.2
AC026316.2	AC026316.2
AC026316.3	AC026316.3
AC026316.5	AC026316.5
AC026320.1	AC026320.1
AC026320.3	AC026320.3
AC026329.1	AC026329.1
AC026333.3	AC026333.3
AC026333.4	AC026333.4
AC026336.2	AC026336.2
AC026341.1	AC026341.1
AC026341.2	AC026341.2
AC026341.3	AC026341.3
AC026347.1	AC026347.1
AC026353.1	AC026353.1
AC026355.2	AC026355.2
AC026356.1	AC026356.1
AC026356.2	AC026356.2
AC026358.1	AC026358.1
AC026367.1	AC026367.1
AC026367.2	AC026367.2
AC026367.3	AC026367.3
AC026368.1	AC026368.1
AC026369.1	AC026369.1
AC026369.2	AC026369.2
AC026369.3	AC026369.3
AC026391.1	AC026391.1
AC026398.1	AC026398.1
AC026401.1	AC026401.1
AC026401.2	AC026401.2
AC026401.3	AC026401.3
AC026402.2	AC026402.2
AC026408.1	AC026408.1
AC026412.3	AC026412.3
AC026415.1	AC026415.1
AC026427.1	AC026427.1
AC026433.1	AC026433.1
AC026434.1	AC026434.1
AC026458.2	AC026458.2
AC026461.3	AC026461.3
AC026461.4	AC026461.4
AC026462.4	AC026462.4
AC026462.5	AC026462.5
AC026464.3	AC026464.3
AC026464.4	AC026464.4
AC026469.1	AC026469.1
AC026470.2	AC026470.2
AC026471.1	AC026471.1
AC026471.2	AC026471.2
AC026471.3	AC026471.3
AC026471.4	AC026471.4
AC026471.5	AC026471.5
AC026474.1	AC026474.1
AC026495.1	AC026495.1
AC026495.2	AC026495.2
AC026523.1	AC026523.1
AC026523.4	AC026523.4
AC026585.1	AC026585.1
AC026620.2	AC026620.2
AC026624.1	AC026624.1
AC026688.2	AC026688.2
AC026689.1	AC026689.1
AC026691.1	AC026691.1
AC026704.1	AC026704.1
AC026725.1	AC026725.1
AC026726.1	AC026726.1
AC026726.2	AC026726.2
AC026740.1	AC026740.1
AC026740.3	AC026740.3
AC026741.1	AC026741.1
AC026746.1	AC026746.1
AC026748.3	AC026748.3
AC026765.2	AC026765.2
AC026765.3	AC026765.3
AC026770.1	AC026770.1
AC026771.1	AC026771.1
AC026774.1	AC026774.1
AC026780.1	AC026780.1
AC026780.2	AC026780.2
AC026785.2	AC026785.2
AC026785.3	AC026785.3
AC026786.1	AC026786.1
AC026786.2	AC026786.2
AC026787.1	AC026787.1
AC026790.1	AC026790.1
AC026801.2	AC026801.2
AC026803.1	AC026803.1
AC026803.2	AC026803.2
AC026803.3	AC026803.3
AC026888.1	AC026888.1
AC026894.1	AC026894.1
AC026904.2	AC026904.2
AC026904.3	AC026904.3
AC026904.4	AC026904.4
AC026954.3	AC026954.3
AC026956.2	AC026956.2
AC026979.1	AC026979.1
AC026979.2	AC026979.2
AC026979.3	AC026979.3
AC026979.4	AC026979.4
AC026991.1	AC026991.1
AC026991.2	AC026991.2
AC026992.1	AC026992.1
AC026992.2	AC026992.2
AC027013.1	AC027013.1
AC027018.1	AC027018.1
AC027020.1	AC027020.1
AC027020.2	AC027020.2
AC027031.1	AC027031.1
AC027031.2	AC027031.2
AC027045.2	AC027045.2
AC027045.3	AC027045.3
AC027088.2	AC027088.2
AC027088.3	AC027088.3
AC027088.5	AC027088.5
AC027097.1	AC027097.1
AC027097.2	AC027097.2
AC027117.1	AC027117.1
AC027117.2	AC027117.2
AC027128.1	AC027128.1
AC027129.1	AC027129.1
AC027130.1	AC027130.1
AC027228.1	AC027228.1
AC027228.2	AC027228.2
AC027237.2	AC027237.2
AC027237.3	AC027237.3
AC027243.2	AC027243.2
AC027243.3	AC027243.3
AC027250.2	AC027250.2
AC027251.1	AC027251.1
AC027271.1	AC027271.1
AC027277.1	AC027277.1
AC027277.2	AC027277.2
AC027279.1	AC027279.1
AC027279.2	AC027279.2
AC027281.1	AC027281.1
AC027288.1	AC027288.1
AC027288.3	AC027288.3
AC027290.1	AC027290.1
AC027306.1	AC027306.1
AC027307.1	AC027307.1
AC027307.2	AC027307.2
AC027307.3	AC027307.3
AC027309.1	AC027309.1
AC027312.1	AC027312.1
AC027319.1	AC027319.1
AC027328.1	AC027328.1
AC027329.1	AC027329.1
AC027335.1	AC027335.1
AC027338.1	AC027338.1
AC027338.2	AC027338.2
AC027343.2	AC027343.2
AC027343.3	AC027343.3
AC027348.1	AC027348.1
AC027373.1	AC027373.1
AC027449.1	AC027449.1
AC027451.1	AC027451.1
AC027458.1	AC027458.1
AC027514.1	AC027514.1
AC027514.2	AC027514.2
AC027544.2	AC027544.2
AC027575.2	AC027575.2
AC027584.1	AC027584.1
AC027601.1	AC027601.1
AC027601.2	AC027601.2
AC027601.3	AC027601.3
AC027601.4	AC027601.4
AC027601.6	AC027601.6
AC027607.1	AC027607.1
AC027612.5	AC027612.5
AC027627.1	AC027627.1
AC027644.3	AC027644.3
AC027644.4	AC027644.4
AC027682.1	AC027682.1
AC027682.2	AC027682.2
AC027682.3	AC027682.3
AC027682.4	AC027682.4
AC027682.5	AC027682.5
AC027682.6	AC027682.6
AC027688.1	AC027688.1
AC027688.2	AC027688.2
AC027698.1	AC027698.1
AC027701.1	AC027701.1
AC027702.1	AC027702.1
AC027763.2	AC027763.2
AC027779.1	AC027779.1
AC027796.1	AC027796.1
AC027796.4	AC027796.4
AC027796.5	AC027796.5
AC027801.1	AC027801.1
AC027801.3	AC027801.3
AC027801.4	AC027801.4
AC027804.1	AC027804.1
AC027807.2	AC027807.2
AC027808.1	AC027808.1
AC027808.2	AC027808.2
AC027811.1	AC027811.1
AC032011.1	AC032011.1
AC032019.1	AC032019.1
AC032044.1	AC032044.1
AC034102.2	AC034102.2
AC034102.3	AC034102.3
AC034102.4	AC034102.4
AC034102.5	AC034102.5
AC034102.6	AC034102.6
AC034102.7	AC034102.7
AC034102.8	AC034102.8
AC034110.1	AC034110.1
AC034111.1	AC034111.1
AC034111.2	AC034111.2
AC034114.2	AC034114.2
AC034139.1	AC034139.1
AC034154.1	AC034154.1
AC034159.2	AC034159.2
AC034187.1	AC034187.1
AC034193.1	AC034193.1
AC034195.1	AC034195.1
AC034198.2	AC034198.2
AC034199.1	AC034199.1
AC034206.1	AC034206.1
AC034213.1	AC034213.1
AC034222.2	AC034222.2
AC034223.1	AC034223.1
AC034226.1	AC034226.1
AC034228.1	AC034228.1
AC034228.2	AC034228.2
AC034228.3	AC034228.3
AC034229.1	AC034229.1
AC034229.2	AC034229.2
AC034229.4	AC034229.4
AC034231.1	AC034231.1
AC034232.2	AC034232.2
AC034234.1	AC034234.1
AC034236.2	AC034236.2
AC034236.3	AC034236.3
AC034238.1	AC034238.1
AC034243.1	AC034243.1
AC034245.1	AC034245.1
AC034268.2	AC034268.2
AC035139.2	AC035139.2
AC035140.1	AC035140.1
AC036101.1	AC036101.1
AC036103.1	AC036103.1
AC036108.1	AC036108.1
AC036108.2	AC036108.2
AC036108.3	AC036108.3
AC036108.4	AC036108.4
AC036176.1	AC036176.1
AC036214.1	AC036214.1
AC036214.2	AC036214.2
AC036214.3	AC036214.3
AC036214.4	AC036214.4
AC036222.1	AC036222.1
AC037193.1	AC037193.1
AC037198.1	AC037198.1
AC037433.1	AC037433.1
AC037441.1	AC037441.1
AC037441.2	AC037441.2
AC037450.1	AC037450.1
AC037459.1	AC037459.1
AC037459.2	AC037459.2
AC037459.3	AC037459.3
AC037459.4	AC037459.4
AC037486.1	AC037486.1
AC037487.1	AC037487.1
AC037487.2	AC037487.2
AC039056.2	AC039056.2
AC040162.1	AC040162.1
AC040162.3	AC040162.3
AC040168.1	AC040168.1
AC040169.1	AC040169.1
AC040169.3	AC040169.3
AC040173.1	AC040173.1
AC040174.1	AC040174.1
AC040174.2	AC040174.2
AC040896.1	AC040896.1
AC040904.1	AC040904.1
AC040914.1	AC040914.1
AC040918.1	AC040918.1
AC040934.1	AC040934.1
AC040936.1	AC040936.1
AC040963.1	AC040963.1
AC040970.1	AC040970.1
AC040977.1	AC040977.1
AC040977.2	AC040977.2
AC041005.1	AC041005.1
AC044781.1	AC044781.1
AC044784.2	AC044784.2
AC044798.3	AC044798.3
AC044802.1	AC044802.1
AC044802.2	AC044802.2
AC044810.2	AC044810.2
AC044810.3	AC044810.3
AC044839.1	AC044839.1
AC044839.3	AC044839.3
AC044839.5	AC044839.5
AC044840.1	AC044840.1
AC044849.1	AC044849.1
AC044893.1	AC044893.1
AC044893.2	AC044893.2
AC046129.1	AC046129.1
AC046130.1	AC046130.1
AC046130.2	AC046130.2
AC046134.2	AC046134.2
AC046136.1	AC046136.1
AC046143.1	AC046143.1
AC046143.2	AC046143.2
AC046158.1	AC046158.1
AC046158.2	AC046158.2
AC046168.1	AC046168.1
AC046168.2	AC046168.2
AC046185.1	AC046185.1
AC046195.1	AC046195.1
AC046195.2	AC046195.2
AC048337.1	AC048337.1
AC048338.1	AC048338.1
AC048338.2	AC048338.2
AC048341.1	AC048341.1
AC048341.2	AC048341.2
AC048344.1	AC048344.1
AC048344.4	AC048344.4
AC048352.1	AC048352.1
AC048380.1	AC048380.1
AC048382.1	AC048382.1
AC048382.5	AC048382.5
AC048382.6	AC048382.6
AC048383.1	AC048383.1
AC051619.11	AC051619.11
AC051619.4	AC051619.4
AC051619.5	AC051619.5
AC051619.6	AC051619.6
AC051619.7	AC051619.7
AC051619.8	AC051619.8
AC053503.1	AC053503.1
AC053503.2	AC053503.2
AC053503.4	AC053503.4
AC053503.5	AC053503.5
AC053513.1	AC053513.1
AC053513.2	AC053513.2
AC053527.1	AC053527.1
AC053527.2	AC053527.2
AC053545.1	AC053545.1
AC055713.1	AC055713.1
AC055714.1	AC055714.1
AC055717.1	AC055717.1
AC055717.2	AC055717.2
AC055720.1	AC055720.1
AC055733.2	AC055733.2
AC055736.1	AC055736.1
AC055758.1	AC055758.1
AC055758.2	AC055758.2
AC055764.1	AC055764.1
AC055764.2	AC055764.2
AC055788.1	AC055788.1
AC055788.2	AC055788.2
AC055807.1	AC055807.1
AC055811.1	AC055811.1
AC055811.2	AC055811.2
AC055811.3	AC055811.3
AC055822.1	AC055822.1
AC055839.2	AC055839.2
AC055840.1	AC055840.1
AC055854.1	AC055854.1
AC055855.1	AC055855.1
AC055855.2	AC055855.2
AC055874.1	AC055874.1
AC055878.1	AC055878.1
AC058791.1	AC058791.1
AC058822.1	AC058822.1
AC060234.1	AC060234.1
AC060234.2	AC060234.2
AC060234.3	AC060234.3
AC060765.1	AC060765.1
AC060765.2	AC060765.2
AC060766.4	AC060766.4
AC060766.6	AC060766.6
AC060780.1	AC060780.1
AC060809.1	AC060809.1
AC060814.3	AC060814.3
AC060814.5	AC060814.5
AC060834.2	AC060834.2
AC061708.1	AC061708.1
AC061709.1	AC061709.1
AC061958.1	AC061958.1
AC061961.1	AC061961.1
AC061975.1	AC061975.1
AC061975.4	AC061975.4
AC061975.7	AC061975.7
AC061975.8	AC061975.8
AC061979.1	AC061979.1
AC061992.1	AC061992.1
AC061992.2	AC061992.2
AC062004.1	AC062004.1
AC062015.1	AC062015.1
AC062017.1	AC062017.1
AC062021.1	AC062021.1
AC062022.2	AC062022.2
AC062028.1	AC062028.1
AC062029.1	AC062029.1
AC062031.1	AC062031.1
AC062032.1	AC062032.1
AC062037.2	AC062037.2
AC062037.3	AC062037.3
AC062039.1	AC062039.1
AC063919.1	AC063919.1
AC063919.2	AC063919.2
AC063926.1	AC063926.1
AC063938.1	AC063938.1
AC063943.1	AC063943.1
AC063944.1	AC063944.1
AC063944.3	AC063944.3
AC063947.1	AC063947.1
AC063948.1	AC063948.1
AC063949.2	AC063949.2
AC063952.4	AC063952.4
AC063960.2	AC063960.2
AC063962.1	AC063962.1
AC063965.2	AC063965.2
AC063976.1	AC063976.1
AC063977.3	AC063977.3
AC063977.6	AC063977.6
AC063979.2	AC063979.2
AC063980.1	AC063980.1
AC064799.2	AC064799.2
AC064801.1	AC064801.1
AC064802.1	AC064802.1
AC064805.1	AC064805.1
AC064805.2	AC064805.2
AC064807.1	AC064807.1
AC064807.2	AC064807.2
AC064807.3	AC064807.3
AC064807.4	AC064807.4
AC064829.1	AC064829.1
AC064834.1	AC064834.1
AC064836.2	AC064836.2
AC064836.3	AC064836.3
AC064836.4	AC064836.4
AC064843.1	AC064843.1
AC064852.1	AC064852.1
AC064853.1	AC064853.1
AC064871.1	AC064871.1
AC064871.2	AC064871.2
AC064874.1	AC064874.1
AC064875.1	AC064875.1
AC066580.1	AC066580.1
AC066585.1	AC066585.1
AC066595.1	AC066595.1
AC066595.2	AC066595.2
AC066612.1	AC066612.1
AC066612.2	AC066612.2
AC066613.1	AC066613.1
AC066613.2	AC066613.2
AC066614.1	AC066614.1
AC067735.1	AC067735.1
AC067747.1	AC067747.1
AC067750.1	AC067750.1
AC067751.1	AC067751.1
AC067752.1	AC067752.1
AC067773.1	AC067773.1
AC067817.1	AC067817.1
AC067817.2	AC067817.2
AC067838.1	AC067838.1
AC067852.2	AC067852.2
AC067852.3	AC067852.3
AC067852.5	AC067852.5
AC067863.1	AC067863.1
AC067930.1	AC067930.1
AC067930.2	AC067930.2
AC067930.3	AC067930.3
AC067930.4	AC067930.4
AC067930.5	AC067930.5
AC067930.8	AC067930.8
AC067945.3	AC067945.3
AC067945.4	AC067945.4
AC067956.1	AC067956.1
AC067960.1	AC067960.1
AC067968.1	AC067968.1
AC067968.2	AC067968.2
AC067969.1	AC067969.1
AC067969.2	AC067969.2
AC068025.1	AC068025.1
AC068025.2	AC068025.2
AC068051.1	AC068051.1
AC068057.1	AC068057.1
AC068075.1	AC068075.1
AC068112.1	AC068112.1
AC068189.1	AC068189.1
AC068189.2	AC068189.2
AC068193.1	AC068193.1
AC068196.1	AC068196.1
AC068205.1	AC068205.1
AC068205.2	AC068205.2
AC068228.3	AC068228.3
AC068234.1	AC068234.1
AC068234.2	AC068234.2
AC068234.3	AC068234.3
AC068254.1	AC068254.1
AC068279.2	AC068279.2
AC068282.1	AC068282.1
AC068282.2	AC068282.2
AC068286.1	AC068286.1
AC068286.2	AC068286.2
AC068295.1	AC068295.1
AC068305.2	AC068305.2
AC068308.1	AC068308.1
AC068313.1	AC068313.1
AC068338.2	AC068338.2
AC068338.3	AC068338.3
AC068385.1	AC068385.1
AC068389.1	AC068389.1
AC068389.2	AC068389.2
AC068389.3	AC068389.3
AC068389.4	AC068389.4
AC068397.1	AC068397.1
AC068397.2	AC068397.2
AC068408.1	AC068408.1
AC068408.2	AC068408.2
AC068413.1	AC068413.1
AC068418.1	AC068418.1
AC068418.2	AC068418.2
AC068418.3	AC068418.3
AC068442.1	AC068442.1
AC068446.2	AC068446.2
AC068473.1	AC068473.1
AC068473.3	AC068473.3
AC068473.4	AC068473.4
AC068473.5	AC068473.5
AC068481.1	AC068481.1
AC068483.1	AC068483.1
AC068489.1	AC068489.1
AC068491.2	AC068491.2
AC068491.3	AC068491.3
AC068492.1	AC068492.1
AC068506.1	AC068506.1
AC068512.1	AC068512.1
AC068533.3	AC068533.3
AC068533.4	AC068533.4
AC068535.1	AC068535.1
AC068547.1	AC068547.1
AC068580.1	AC068580.1
AC068580.3	AC068580.3
AC068580.4	AC068580.4
AC068587.4	AC068587.4
AC068594.1	AC068594.1
AC068599.1	AC068599.1
AC068616.1	AC068616.1
AC068616.2	AC068616.2
AC068616.3	AC068616.3
AC068620.1	AC068620.1
AC068620.2	AC068620.2
AC068631.1	AC068631.1
AC068631.2	AC068631.2
AC068633.1	AC068633.1
AC068643.1	AC068643.1
AC068643.2	AC068643.2
AC068658.1	AC068658.1
AC068672.2	AC068672.2
AC068675.1	AC068675.1
AC068700.1	AC068700.1
AC068700.2	AC068700.2
AC068707.1	AC068707.1
AC068722.1	AC068722.1
AC068722.2	AC068722.2
AC068724.1	AC068724.1
AC068724.3	AC068724.3
AC068725.1	AC068725.1
AC068726.1	AC068726.1
AC068733.1	AC068733.1
AC068733.3	AC068733.3
AC068756.1	AC068756.1
AC068759.1	AC068759.1
AC068768.1	AC068768.1
AC068768.2	AC068768.2
AC068774.1	AC068774.1
AC068775.1	AC068775.1
AC068787.2	AC068787.2
AC068787.3	AC068787.3
AC068787.4	AC068787.4
AC068787.5	AC068787.5
AC068789.1	AC068789.1
AC068790.2	AC068790.2
AC068790.3	AC068790.3
AC068790.4	AC068790.4
AC068790.5	AC068790.5
AC068790.6	AC068790.6
AC068790.7	AC068790.7
AC068790.9	AC068790.9
AC068792.1	AC068792.1
AC068831.1	AC068831.1
AC068831.4	AC068831.4
AC068831.6	AC068831.6
AC068831.7	AC068831.7
AC068858.1	AC068858.1
AC068870.1	AC068870.1
AC068870.2	AC068870.2
AC068875.1	AC068875.1
AC068880.3	AC068880.3
AC068888.1	AC068888.1
AC068888.2	AC068888.2
AC068896.1	AC068896.1
AC068898.1	AC068898.1
AC068898.2	AC068898.2
AC068931.1	AC068931.1
AC068944.1	AC068944.1
AC068946.1	AC068946.1
AC068946.3	AC068946.3
AC068985.1	AC068985.1
AC068987.1	AC068987.1
AC068987.2	AC068987.2
AC068987.3	AC068987.3
AC068987.5	AC068987.5
AC068989.1	AC068989.1
AC068992.1	AC068992.1
AC068993.2	AC068993.2
AC069023.1	AC069023.1
AC069029.1	AC069029.1
AC069061.2	AC069061.2
AC069079.1	AC069079.1
AC069113.2	AC069113.2
AC069114.1	AC069114.1
AC069120.1	AC069120.1
AC069133.1	AC069133.1
AC069148.1	AC069148.1
AC069155.1	AC069155.1
AC069185.1	AC069185.1
AC069200.1	AC069200.1
AC069209.1	AC069209.1
AC069209.2	AC069209.2
AC069213.1	AC069213.1
AC069214.1	AC069214.1
AC069222.1	AC069222.1
AC069224.1	AC069224.1
AC069228.1	AC069228.1
AC069234.1	AC069234.1
AC069234.2	AC069234.2
AC069234.3	AC069234.3
AC069234.4	AC069234.4
AC069234.5	AC069234.5
AC069235.1	AC069235.1
AC069243.1	AC069243.1
AC069257.1	AC069257.1
AC069257.3	AC069257.3
AC069272.1	AC069272.1
AC069277.1	AC069277.1
AC069280.2	AC069280.2
AC069281.1	AC069281.1
AC069285.1	AC069285.1
AC069285.2	AC069285.2
AC069287.1	AC069287.1
AC069287.2	AC069287.2
AC069287.3	AC069287.3
AC069294.1	AC069294.1
AC069307.1	AC069307.1
AC069360.1	AC069360.1
AC069366.2	AC069366.2
AC069368.1	AC069368.1
AC069368.2	AC069368.2
AC069410.1	AC069410.1
AC069421.3	AC069421.3
AC069431.1	AC069431.1
AC069437.1	AC069437.1
AC069439.2	AC069439.2
AC069444.1	AC069444.1
AC069503.1	AC069503.1
AC069503.4	AC069503.4
AC069540.2	AC069540.2
AC069542.1	AC069542.1
AC069544.1	AC069544.1
AC069547.2	AC069547.2
AC069549.1	AC069549.1
AC069549.2	AC069549.2
AC072022.1	AC072022.1
AC072022.2	AC072022.2
AC072026.2	AC072026.2
AC072026.3	AC072026.3
AC072028.1	AC072028.1
AC072039.2	AC072039.2
AC072054.1	AC072054.1
AC072061.1	AC072061.1
AC072062.1	AC072062.1
AC073023.1	AC073023.1
AC073046.1	AC073046.1
AC073046.3	AC073046.3
AC073046.4	AC073046.4
AC073048.1	AC073048.1
AC073050.1	AC073050.1
AC073052.2	AC073052.2
AC073062.1	AC073062.1
AC073071.1	AC073071.1
AC073072.1	AC073072.1
AC073073.2	AC073073.2
AC073082.1	AC073082.1
AC073091.3	AC073091.3
AC073091.4	AC073091.4
AC073094.1	AC073094.1
AC073111.1	AC073111.1
AC073111.3	AC073111.3
AC073111.4	AC073111.4
AC073111.5	AC073111.5
AC073114.1	AC073114.1
AC073115.1	AC073115.1
AC073115.2	AC073115.2
AC073127.1	AC073127.1
AC073130.1	AC073130.1
AC073130.2	AC073130.2
AC073133.1	AC073133.1
AC073133.2	AC073133.2
AC073140.1	AC073140.1
AC073140.2	AC073140.2
AC073167.1	AC073167.1
AC073172.1	AC073172.1
AC073172.2	AC073172.2
AC073176.2	AC073176.2
AC073176.3	AC073176.3
AC073188.2	AC073188.2
AC073195.1	AC073195.1
AC073210.3	AC073210.3
AC073218.1	AC073218.1
AC073218.2	AC073218.2
AC073225.1	AC073225.1
AC073236.1	AC073236.1
AC073254.1	AC073254.1
AC073257.1	AC073257.1
AC073257.2	AC073257.2
AC073263.1	AC073263.1
AC073263.2	AC073263.2
AC073270.1	AC073270.1
AC073270.2	AC073270.2
AC073283.1	AC073283.1
AC073283.2	AC073283.2
AC073283.3	AC073283.3
AC073284.1	AC073284.1
AC073288.1	AC073288.1
AC073288.2	AC073288.2
AC073311.1	AC073311.1
AC073314.1	AC073314.1
AC073316.1	AC073316.1
AC073316.3	AC073316.3
AC073320.1	AC073320.1
AC073321.1	AC073321.1
AC073323.1	AC073323.1
AC073325.1	AC073325.1
AC073326.1	AC073326.1
AC073332.1	AC073332.1
AC073333.1	AC073333.1
AC073335.2	AC073335.2
AC073336.1	AC073336.1
AC073342.1	AC073342.1
AC073342.2	AC073342.2
AC073343.2	AC073343.2
AC073346.1	AC073346.1
AC073348.2	AC073348.2
AC073349.1	AC073349.1
AC073349.4	AC073349.4
AC073349.5	AC073349.5
AC073352.1	AC073352.1
AC073352.2	AC073352.2
AC073359.2	AC073359.2
AC073365.1	AC073365.1
AC073367.1	AC073367.1
AC073389.1	AC073389.1
AC073389.2	AC073389.2
AC073389.3	AC073389.3
AC073429.2	AC073429.2
AC073475.1	AC073475.1
AC073476.3	AC073476.3
AC073486.1	AC073486.1
AC073487.1	AC073487.1
AC073508.2	AC073508.2
AC073508.3	AC073508.3
AC073517.1	AC073517.1
AC073521.1	AC073521.1
AC073525.1	AC073525.1
AC073529.1	AC073529.1
AC073530.1	AC073530.1
AC073534.2	AC073534.2
AC073539.1	AC073539.1
AC073539.3	AC073539.3
AC073548.2	AC073548.2
AC073569.1	AC073569.1
AC073569.2	AC073569.2
AC073569.3	AC073569.3
AC073571.1	AC073571.1
AC073573.1	AC073573.1
AC073575.1	AC073575.1
AC073575.2	AC073575.2
AC073578.1	AC073578.1
AC073578.2	AC073578.2
AC073591.1	AC073591.1
AC073592.1	AC073592.1
AC073593.2	AC073593.2
AC073610.3	AC073610.3
AC073611.1	AC073611.1
AC073612.1	AC073612.1
AC073626.1	AC073626.1
AC073636.1	AC073636.1
AC073641.1	AC073641.1
AC073648.7	AC073648.7
AC073651.1	AC073651.1
AC073655.1	AC073655.1
AC073655.2	AC073655.2
AC073655.3	AC073655.3
AC073657.1	AC073657.1
AC073834.1	AC073834.1
AC073840.1	AC073840.1
AC073842.1	AC073842.1
AC073842.2	AC073842.2
AC073848.1	AC073848.1
AC073862.1	AC073862.1
AC073863.1	AC073863.1
AC073864.1	AC073864.1
AC073869.3	AC073869.3
AC073869.5	AC073869.5
AC073878.1	AC073878.1
AC073878.2	AC073878.2
AC073896.1	AC073896.1
AC073896.2	AC073896.2
AC073896.3	AC073896.3
AC073896.4	AC073896.4
AC073896.5	AC073896.5
AC073911.1	AC073911.1
AC073912.1	AC073912.1
AC073912.2	AC073912.2
AC073934.1	AC073934.1
AC073941.1	AC073941.1
AC073957.1	AC073957.1
AC073957.2	AC073957.2
AC073957.3	AC073957.3
AC073968.2	AC073968.2
AC073973.1	AC073973.1
AC073987.1	AC073987.1
AC074008.1	AC074008.1
AC074008.2	AC074008.2
AC074011.1	AC074011.1
AC074024.1	AC074024.1
AC074029.3	AC074029.3
AC074031.1	AC074031.1
AC074032.1	AC074032.1
AC074033.1	AC074033.1
AC074035.1	AC074035.1
AC074044.1	AC074044.1
AC074050.2	AC074050.2
AC074050.3	AC074050.3
AC074050.4	AC074050.4
AC074051.5	AC074051.5
AC074052.2	AC074052.2
AC074096.1	AC074096.1
AC074099.1	AC074099.1
AC074117.1	AC074117.1
AC074124.1	AC074124.1
AC074131.1	AC074131.1
AC074132.1	AC074132.1
AC074135.1	AC074135.1
AC074135.2	AC074135.2
AC074138.1	AC074138.1
AC074139.1	AC074139.1
AC074183.1	AC074183.1
AC074194.1	AC074194.1
AC074212.1	AC074212.1
AC074237.1	AC074237.1
AC074254.1	AC074254.1
AC074254.2	AC074254.2
AC074281.2	AC074281.2
AC074286.1	AC074286.1
AC074325.1	AC074325.1
AC074327.1	AC074327.1
AC074351.1	AC074351.1
AC074366.1	AC074366.1
AC074386.1	AC074386.1
AC074387.1	AC074387.1
AC076966.1	AC076966.1
AC076966.2	AC076966.2
AC076968.1	AC076968.1
AC076968.2	AC076968.2
AC077690.1	AC077690.1
AC078777.1	AC078777.1
AC078778.1	AC078778.1
AC078785.1	AC078785.1
AC078785.2	AC078785.2
AC078788.1	AC078788.1
AC078788.2	AC078788.2
AC078789.1	AC078789.1
AC078795.1	AC078795.1
AC078795.2	AC078795.2
AC078795.3	AC078795.3
AC078802.1	AC078802.1
AC078816.1	AC078816.1
AC078820.2	AC078820.2
AC078828.1	AC078828.1
AC078842.1	AC078842.1
AC078842.2	AC078842.2
AC078845.1	AC078845.1
AC078846.1	AC078846.1
AC078850.1	AC078850.1
AC078850.2	AC078850.2
AC078852.1	AC078852.1
AC078860.1	AC078860.1
AC078860.2	AC078860.2
AC078864.1	AC078864.1
AC078864.2	AC078864.2
AC078865.1	AC078865.1
AC078878.2	AC078878.2
AC078880.1	AC078880.1
AC078880.3	AC078880.3
AC078880.4	AC078880.4
AC078880.5	AC078880.5
AC078881.1	AC078881.1
AC078882.1	AC078882.1
AC078883.1	AC078883.1
AC078883.2	AC078883.2
AC078883.3	AC078883.3
AC078889.1	AC078889.1
AC078905.1	AC078905.1
AC078906.1	AC078906.1
AC078909.1	AC078909.1
AC078909.2	AC078909.2
AC078916.1	AC078916.1
AC078922.1	AC078922.1
AC078923.1	AC078923.1
AC078925.1	AC078925.1
AC078927.1	AC078927.1
AC078929.1	AC078929.1
AC078942.1	AC078942.1
AC078950.1	AC078950.1
AC078955.1	AC078955.1
AC078960.1	AC078960.1
AC078962.1	AC078962.1
AC078962.2	AC078962.2
AC078962.3	AC078962.3
AC078962.4	AC078962.4
AC078980.1	AC078980.1
AC078983.1	AC078983.1
AC078993.1	AC078993.1
AC079015.1	AC079015.1
AC079030.1	AC079030.1
AC079031.1	AC079031.1
AC079035.1	AC079035.1
AC079052.1	AC079052.1
AC079061.1	AC079061.1
AC079062.1	AC079062.1
AC079070.1	AC079070.1
AC079089.1	AC079089.1
AC079098.1	AC079098.1
AC079117.1	AC079117.1
AC079117.2	AC079117.2
AC079140.6	AC079140.6
AC079142.1	AC079142.1
AC079145.1	AC079145.1
AC079148.1	AC079148.1
AC079148.2	AC079148.2
AC079148.3	AC079148.3
AC079150.1	AC079150.1
AC079154.1	AC079154.1
AC079160.1	AC079160.1
AC079163.2	AC079163.2
AC079174.1	AC079174.1
AC079174.2	AC079174.2
AC079177.1	AC079177.1
AC079193.2	AC079193.2
AC079200.1	AC079200.1
AC079203.2	AC079203.2
AC079209.1	AC079209.1
AC079209.2	AC079209.2
AC079210.1	AC079210.1
AC079226.1	AC079226.1
AC079226.2	AC079226.2
AC079248.1	AC079248.1
AC079296.1	AC079296.1
AC079298.1	AC079298.1
AC079298.2	AC079298.2
AC079298.3	AC079298.3
AC079304.1	AC079304.1
AC079305.1	AC079305.1
AC079305.3	AC079305.3
AC079310.1	AC079310.1
AC079313.2	AC079313.2
AC079322.1	AC079322.1
AC079328.2	AC079328.2
AC079329.1	AC079329.1
AC079331.3	AC079331.3
AC079336.1	AC079336.1
AC079336.2	AC079336.2
AC079336.3	AC079336.3
AC079336.4	AC079336.4
AC079336.5	AC079336.5
AC079340.1	AC079340.1
AC079340.2	AC079340.2
AC079340.3	AC079340.3
AC079341.1	AC079341.1
AC079341.2	AC079341.2
AC079341.3	AC079341.3
AC079352.1	AC079352.1
AC079354.1	AC079354.1
AC079354.2	AC079354.2
AC079354.3	AC079354.3
AC079360.1	AC079360.1
AC079362.1	AC079362.1
AC079380.1	AC079380.1
AC079382.2	AC079382.2
AC079384.1	AC079384.1
AC079385.1	AC079385.1
AC079385.2	AC079385.2
AC079385.3	AC079385.3
AC079411.1	AC079411.1
AC079414.1	AC079414.1
AC079414.3	AC079414.3
AC079447.1	AC079447.1
AC079465.1	AC079465.1
AC079466.1	AC079466.1
AC079466.2	AC079466.2
AC079467.1	AC079467.1
AC079584.1	AC079584.1
AC079584.2	AC079584.2
AC079594.2	AC079594.2
AC079600.3	AC079600.3
AC079601.1	AC079601.1
AC079610.1	AC079610.1
AC079610.2	AC079610.2
AC079610.3	AC079610.3
AC079612.1	AC079612.1
AC079612.2	AC079612.2
AC079630.1	AC079630.1
AC079684.1	AC079684.1
AC079742.1	AC079742.1
AC079753.2	AC079753.2
AC079760.1	AC079760.1
AC079760.2	AC079760.2
AC079763.1	AC079763.1
AC079766.1	AC079766.1
AC079768.2	AC079768.2
AC079768.3	AC079768.3
AC079768.4	AC079768.4
AC079772.1	AC079772.1
AC079776.5	AC079776.5
AC079779.2	AC079779.2
AC079779.3	AC079779.3
AC079779.4	AC079779.4
AC079781.5	AC079781.5
AC079790.1	AC079790.1
AC079790.2	AC079790.2
AC079793.1	AC079793.1
AC079799.1	AC079799.1
AC079801.1	AC079801.1
AC079804.3	AC079804.3
AC079807.1	AC079807.1
AC079822.1	AC079822.1
AC079834.2	AC079834.2
AC079841.2	AC079841.2
AC079848.1	AC079848.1
AC079848.2	AC079848.2
AC079851.1	AC079851.1
AC079858.1	AC079858.1
AC079866.2	AC079866.2
AC079896.1	AC079896.1
AC079906.1	AC079906.1
AC079907.1	AC079907.1
AC079907.2	AC079907.2
AC079910.1	AC079910.1
AC079915.1	AC079915.1
AC079917.1	AC079917.1
AC079921.1	AC079921.1
AC079921.2	AC079921.2
AC079922.2	AC079922.2
AC079942.1	AC079942.1
AC079943.2	AC079943.2
AC079949.1	AC079949.1
AC079949.2	AC079949.2
AC079949.3	AC079949.3
AC079949.5	AC079949.5
AC079949.6	AC079949.6
AC079950.1	AC079950.1
AC079988.1	AC079988.1
AC080005.1	AC080005.1
AC080013.1	AC080013.1
AC080013.3	AC080013.3
AC080013.4	AC080013.4
AC080013.5	AC080013.5
AC080013.6	AC080013.6
AC080037.1	AC080037.1
AC080037.2	AC080037.2
AC080038.1	AC080038.1
AC080038.2	AC080038.2
AC080068.1	AC080068.1
AC080075.1	AC080075.1
AC080078.1	AC080078.1
AC080078.2	AC080078.2
AC080079.2	AC080079.2
AC080089.2	AC080089.2
AC080112.1	AC080112.1
AC080112.4	AC080112.4
AC080128.2	AC080128.2
AC080129.1	AC080129.1
AC080129.2	AC080129.2
AC080132.1	AC080132.1
AC080162.1	AC080162.1
AC080188.1	AC080188.1
AC082650.1	AC082650.1
AC082650.2	AC082650.2
AC082651.1	AC082651.1
AC082651.3	AC082651.3
AC082651.4	AC082651.4
AC083795.2	AC083795.2
AC083798.2	AC083798.2
AC083799.1	AC083799.1
AC083800.1	AC083800.1
AC083805.1	AC083805.1
AC083805.2	AC083805.2
AC083805.3	AC083805.3
AC083806.2	AC083806.2
AC083806.3	AC083806.3
AC083809.1	AC083809.1
AC083836.1	AC083836.1
AC083837.1	AC083837.1
AC083841.1	AC083841.1
AC083841.2	AC083841.2
AC083843.1	AC083843.1
AC083843.2	AC083843.2
AC083843.3	AC083843.3
AC083855.2	AC083855.2
AC083862.2	AC083862.2
AC083862.3	AC083862.3
AC083864.2	AC083864.2
AC083864.5	AC083864.5
AC083867.1	AC083867.1
AC083867.2	AC083867.2
AC083870.1	AC083870.1
AC083880.1	AC083880.1
AC083900.1	AC083900.1
AC083902.1	AC083902.1
AC083906.3	AC083906.3
AC083949.1	AC083949.1
AC083964.1	AC083964.1
AC083967.1	AC083967.1
AC083973.1	AC083973.1
AC084018.1	AC084018.1
AC084018.2	AC084018.2
AC084018.4	AC084018.4
AC084024.1	AC084024.1
AC084024.3	AC084024.3
AC084024.4	AC084024.4
AC084026.1	AC084026.1
AC084026.2	AC084026.2
AC084030.1	AC084030.1
AC084032.1	AC084032.1
AC084033.3	AC084033.3
AC084035.1	AC084035.1
AC084036.1	AC084036.1
AC084064.1	AC084064.1
AC084082.1	AC084082.1
AC084083.1	AC084083.1
AC084114.1	AC084114.1
AC084116.1	AC084116.1
AC084116.2	AC084116.2
AC084116.3	AC084116.3
AC084117.1	AC084117.1
AC084125.1	AC084125.1
AC084125.2	AC084125.2
AC084125.3	AC084125.3
AC084125.4	AC084125.4
AC084128.1	AC084128.1
AC084149.1	AC084149.1
AC084149.2	AC084149.2
AC084167.1	AC084167.1
AC084198.2	AC084198.2
AC084200.1	AC084200.1
AC084211.1	AC084211.1
AC084262.1	AC084262.1
AC084262.2	AC084262.2
AC084291.1	AC084291.1
AC084335.1	AC084335.1
AC084337.2	AC084337.2
AC084346.1	AC084346.1
AC084346.2	AC084346.2
AC084357.2	AC084357.2
AC084361.1	AC084361.1
AC084364.3	AC084364.3
AC084365.1	AC084365.1
AC084375.1	AC084375.1
AC084398.2	AC084398.2
AC084706.1	AC084706.1
AC084724.1	AC084724.1
AC084734.1	AC084734.1
AC084740.1	AC084740.1
AC084741.1	AC084741.1
AC084756.1	AC084756.1
AC084757.2	AC084757.2
AC084757.3	AC084757.3
AC084757.4	AC084757.4
AC084759.2	AC084759.2
AC084768.1	AC084768.1
AC084781.1	AC084781.1
AC084782.1	AC084782.1
AC084782.2	AC084782.2
AC084782.3	AC084782.3
AC084809.1	AC084809.1
AC084809.2	AC084809.2
AC084816.1	AC084816.1
AC084824.3	AC084824.3
AC084824.4	AC084824.4
AC084824.5	AC084824.5
AC084834.1	AC084834.1
AC084838.1	AC084838.1
AC084855.1	AC084855.1
AC084855.2	AC084855.2
AC084859.1	AC084859.1
AC084864.1	AC084864.1
AC084864.2	AC084864.2
AC084866.1	AC084866.1
AC084866.2	AC084866.2
AC084871.1	AC084871.1
AC084871.2	AC084871.2
AC084871.3	AC084871.3
AC084876.1	AC084876.1
AC084880.2	AC084880.2
AC084880.3	AC084880.3
AC084880.4	AC084880.4
AC084882.1	AC084882.1
AC087045.2	AC087045.2
AC087071.1	AC087071.1
AC087071.2	AC087071.2
AC087164.1	AC087164.1
AC087175.1	AC087175.1
AC087190.1	AC087190.1
AC087190.2	AC087190.2
AC087203.3	AC087203.3
AC087222.1	AC087222.1
AC087235.1	AC087235.1
AC087235.2	AC087235.2
AC087239.1	AC087239.1
AC087241.1	AC087241.1
AC087241.2	AC087241.2
AC087241.3	AC087241.3
AC087242.1	AC087242.1
AC087257.1	AC087257.1
AC087258.1	AC087258.1
AC087260.1	AC087260.1
AC087269.1	AC087269.1
AC087269.3	AC087269.3
AC087273.1	AC087273.1
AC087273.2	AC087273.2
AC087276.1	AC087276.1
AC087276.2	AC087276.2
AC087276.3	AC087276.3
AC087277.1	AC087277.1
AC087280.2	AC087280.2
AC087284.1	AC087284.1
AC087286.1	AC087286.1
AC087286.2	AC087286.2
AC087286.3	AC087286.3
AC087286.4	AC087286.4
AC087289.1	AC087289.1
AC087289.2	AC087289.2
AC087289.3	AC087289.3
AC087289.4	AC087289.4
AC087289.5	AC087289.5
AC087292.1	AC087292.1
AC087294.1	AC087294.1
AC087301.1	AC087301.1
AC087321.1	AC087321.1
AC087341.1	AC087341.1
AC087354.1	AC087354.1
AC087362.1	AC087362.1
AC087362.2	AC087362.2
AC087379.1	AC087379.1
AC087379.2	AC087379.2
AC087386.1	AC087386.1
AC087392.1	AC087392.1
AC087392.2	AC087392.2
AC087392.3	AC087392.3
AC087392.4	AC087392.4
AC087392.5	AC087392.5
AC087393.2	AC087393.2
AC087427.1	AC087427.1
AC087428.1	AC087428.1
AC087430.1	AC087430.1
AC087439.1	AC087439.1
AC087439.2	AC087439.2
AC087442.1	AC087442.1
AC087457.1	AC087457.1
AC087463.1	AC087463.1
AC087463.2	AC087463.2
AC087463.3	AC087463.3
AC087463.4	AC087463.4
AC087468.2	AC087468.2
AC087473.1	AC087473.1
AC087477.2	AC087477.2
AC087477.3	AC087477.3
AC087477.5	AC087477.5
AC087482.1	AC087482.1
AC087490.1	AC087490.1
AC087491.1	AC087491.1
AC087498.1	AC087498.1
AC087500.1	AC087500.1
AC087500.2	AC087500.2
AC087501.1	AC087501.1
AC087501.2	AC087501.2
AC087501.3	AC087501.3
AC087501.4	AC087501.4
AC087516.1	AC087516.1
AC087516.2	AC087516.2
AC087518.1	AC087518.1
AC087521.1	AC087521.1
AC087521.2	AC087521.2
AC087521.3	AC087521.3
AC087521.4	AC087521.4
AC087533.1	AC087533.1
AC087564.1	AC087564.1
AC087565.1	AC087565.1
AC087565.2	AC087565.2
AC087588.2	AC087588.2
AC087588.3	AC087588.3
AC087591.1	AC087591.1
AC087612.1	AC087612.1
AC087620.1	AC087620.1
AC087623.1	AC087623.1
AC087623.2	AC087623.2
AC087623.3	AC087623.3
AC087623.4	AC087623.4
AC087627.1	AC087627.1
AC087632.1	AC087632.1
AC087633.1	AC087633.1
AC087636.1	AC087636.1
AC087639.2	AC087639.2
AC087645.2	AC087645.2
AC087645.4	AC087645.4
AC087664.1	AC087664.1
AC087664.2	AC087664.2
AC087672.1	AC087672.1
AC087672.2	AC087672.2
AC087683.2	AC087683.2
AC087721.1	AC087721.1
AC087741.1	AC087741.1
AC087741.2	AC087741.2
AC087742.1	AC087742.1
AC087749.1	AC087749.1
AC087749.2	AC087749.2
AC087752.3	AC087752.3
AC087752.4	AC087752.4
AC087761.1	AC087761.1
AC087762.1	AC087762.1
AC087783.1	AC087783.1
AC087854.1	AC087854.1
AC087855.1	AC087855.1
AC087855.2	AC087855.2
AC087857.1	AC087857.1
AC087863.1	AC087863.1
AC087863.2	AC087863.2
AC087883.2	AC087883.2
AC087885.1	AC087885.1
AC087893.2	AC087893.2
AC087894.2	AC087894.2
AC087897.2	AC087897.2
AC089983.1	AC089983.1
AC089983.2	AC089983.2
AC089984.1	AC089984.1
AC089985.1	AC089985.1
AC089987.2	AC089987.2
AC089998.1	AC089998.1
AC089998.4	AC089998.4
AC089999.1	AC089999.1
AC089999.2	AC089999.2
AC090001.1	AC090001.1
AC090004.1	AC090004.1
AC090004.2	AC090004.2
AC090015.1	AC090015.1
AC090018.2	AC090018.2
AC090023.2	AC090023.2
AC090044.1	AC090044.1
AC090061.1	AC090061.1
AC090092.1	AC090092.1
AC090099.1	AC090099.1
AC090099.4	AC090099.4
AC090103.1	AC090103.1
AC090109.1	AC090109.1
AC090114.2	AC090114.2
AC090115.1	AC090115.1
AC090116.1	AC090116.1
AC090124.1	AC090124.1
AC090124.2	AC090124.2
AC090125.1	AC090125.1
AC090125.2	AC090125.2
AC090136.3	AC090136.3
AC090138.1	AC090138.1
AC090150.1	AC090150.1
AC090150.2	AC090150.2
AC090152.1	AC090152.1
AC090155.1	AC090155.1
AC090155.2	AC090155.2
AC090159.1	AC090159.1
AC090164.2	AC090164.2
AC090164.3	AC090164.3
AC090164.4	AC090164.4
AC090164.5	AC090164.5
AC090181.1	AC090181.1
AC090181.2	AC090181.2
AC090186.1	AC090186.1
AC090192.2	AC090192.2
AC090193.1	AC090193.1
AC090193.2	AC090193.2
AC090197.1	AC090197.1
AC090198.1	AC090198.1
AC090200.1	AC090200.1
AC090204.1	AC090204.1
AC090206.1	AC090206.1
AC090213.1	AC090213.1
AC090220.1	AC090220.1
AC090227.1	AC090227.1
AC090229.1	AC090229.1
AC090236.1	AC090236.1
AC090236.2	AC090236.2
AC090241.2	AC090241.2
AC090241.3	AC090241.3
AC090246.1	AC090246.1
AC090260.1	AC090260.1
AC090282.1	AC090282.1
AC090283.1	AC090283.1
AC090286.1	AC090286.1
AC090337.1	AC090337.1
AC090337.2	AC090337.2
AC090338.1	AC090338.1
AC090348.1	AC090348.1
AC090358.1	AC090358.1
AC090360.1	AC090360.1
AC090365.1	AC090365.1
AC090371.2	AC090371.2
AC090376.1	AC090376.1
AC090377.1	AC090377.1
AC090386.1	AC090386.1
AC090398.1	AC090398.1
AC090398.2	AC090398.2
AC090403.1	AC090403.1
AC090409.1	AC090409.1
AC090409.2	AC090409.2
AC090415.2	AC090415.2
AC090425.1	AC090425.1
AC090425.2	AC090425.2
AC090425.3	AC090425.3
AC090457.1	AC090457.1
AC090458.1	AC090458.1
AC090469.1	AC090469.1
AC090502.1	AC090502.1
AC090502.2	AC090502.2
AC090503.1	AC090503.1
AC090503.2	AC090503.2
AC090505.2	AC090505.2
AC090510.1	AC090510.1
AC090510.2	AC090510.2
AC090510.3	AC090510.3
AC090510.4	AC090510.4
AC090515.2	AC090515.2
AC090515.4	AC090515.4
AC090515.5	AC090515.5
AC090515.6	AC090515.6
AC090517.2	AC090517.2
AC090517.4	AC090517.4
AC090517.5	AC090517.5
AC090518.1	AC090518.1
AC090519.2	AC090519.2
AC090527.1	AC090527.1
AC090527.2	AC090527.2
AC090527.3	AC090527.3
AC090531.1	AC090531.1
AC090539.1	AC090539.1
AC090541.1	AC090541.1
AC090559.1	AC090559.1
AC090559.2	AC090559.2
AC090568.2	AC090568.2
AC090572.2	AC090572.2
AC090572.3	AC090572.3
AC090577.1	AC090577.1
AC090578.1	AC090578.1
AC090578.2	AC090578.2
AC090578.3	AC090578.3
AC090579.1	AC090579.1
AC090587.1	AC090587.1
AC090587.2	AC090587.2
AC090589.2	AC090589.2
AC090589.3	AC090589.3
AC090592.1	AC090592.1
AC090607.1	AC090607.1
AC090607.3	AC090607.3
AC090607.4	AC090607.4
AC090607.5	AC090607.5
AC090617.1	AC090617.1
AC090617.10	AC090617.10
AC090617.2	AC090617.2
AC090617.3	AC090617.3
AC090617.4	AC090617.4
AC090617.5	AC090617.5
AC090618.1	AC090618.1
AC090621.1	AC090621.1
AC090625.2	AC090625.2
AC090627.1	AC090627.1
AC090629.1	AC090629.1
AC090630.1	AC090630.1
AC090644.1	AC090644.1
AC090651.1	AC090651.1
AC090673.1	AC090673.1
AC090673.2	AC090673.2
AC090679.1	AC090679.1
AC090679.2	AC090679.2
AC090680.1	AC090680.1
AC090692.1	AC090692.1
AC090692.2	AC090692.2
AC090692.3	AC090692.3
AC090707.1	AC090707.1
AC090709.1	AC090709.1
AC090735.1	AC090735.1
AC090739.1	AC090739.1
AC090753.1	AC090753.1
AC090771.2	AC090771.2
AC090772.1	AC090772.1
AC090772.2	AC090772.2
AC090772.3	AC090772.3
AC090774.2	AC090774.2
AC090774.3	AC090774.3
AC090791.1	AC090791.1
AC090796.1	AC090796.1
AC090802.1	AC090802.1
AC090809.1	AC090809.1
AC090812.1	AC090812.1
AC090820.2	AC090820.2
AC090825.1	AC090825.1
AC090826.1	AC090826.1
AC090826.3	AC090826.3
AC090833.1	AC090833.1
AC090844.2	AC090844.2
AC090844.3	AC090844.3
AC090857.2	AC090857.2
AC090877.2	AC090877.2
AC090907.1	AC090907.1
AC090907.2	AC090907.2
AC090907.3	AC090907.3
AC090912.1	AC090912.1
AC090912.3	AC090912.3
AC090921.1	AC090921.1
AC090922.1	AC090922.1
AC090936.1	AC090936.1
AC090945.1	AC090945.1
AC090946.1	AC090946.1
AC090948.1	AC090948.1
AC090948.2	AC090948.2
AC090948.3	AC090948.3
AC090948.4	AC090948.4
AC090952.1	AC090952.1
AC090952.2	AC090952.2
AC090953.2	AC090953.2
AC090970.1	AC090970.1
AC090970.2	AC090970.2
AC090971.1	AC090971.1
AC090971.2	AC090971.2
AC090971.5	AC090971.5
AC090983.1	AC090983.1
AC090987.1	AC090987.1
AC090993.1	AC090993.1
AC090994.1	AC090994.1
AC091010.1	AC091010.1
AC091013.1	AC091013.1
AC091027.2	AC091027.2
AC091043.1	AC091043.1
AC091045.1	AC091045.1
AC091047.1	AC091047.1
AC091053.1	AC091053.1
AC091053.2	AC091053.2
AC091057.2	AC091057.2
AC091057.3	AC091057.3
AC091057.6	AC091057.6
AC091059.1	AC091059.1
AC091062.1	AC091062.1
AC091073.1	AC091073.1
AC091074.2	AC091074.2
AC091074.3	AC091074.3
AC091078.1	AC091078.1
AC091078.2	AC091078.2
AC091078.3	AC091078.3
AC091096.1	AC091096.1
AC091096.2	AC091096.2
AC091100.1	AC091100.1
AC091114.1	AC091114.1
AC091117.2	AC091117.2
AC091132.1	AC091132.1
AC091132.2	AC091132.2
AC091132.4	AC091132.4
AC091132.5	AC091132.5
AC091133.1	AC091133.1
AC091133.3	AC091133.3
AC091133.4	AC091133.4
AC091138.1	AC091138.1
AC091151.1	AC091151.1
AC091151.5	AC091151.5
AC091152.2	AC091152.2
AC091153.2	AC091153.2
AC091153.3	AC091153.3
AC091153.4	AC091153.4
AC091163.1	AC091163.1
AC091163.2	AC091163.2
AC091167.5	AC091167.5
AC091167.6	AC091167.6
AC091167.7	AC091167.7
AC091173.1	AC091173.1
AC091178.2	AC091178.2
AC091180.2	AC091180.2
AC091180.3	AC091180.3
AC091180.4	AC091180.4
AC091180.5	AC091180.5
AC091181.2	AC091181.2
AC091182.1	AC091182.1
AC091182.2	AC091182.2
AC091185.1	AC091185.1
AC091196.1	AC091196.1
AC091198.1	AC091198.1
AC091212.1	AC091212.1
AC091214.1	AC091214.1
AC091231.1	AC091231.1
AC091271.1	AC091271.1
AC091435.2	AC091435.2
AC091488.1	AC091488.1
AC091489.1	AC091489.1
AC091493.1	AC091493.1
AC091534.1	AC091534.1
AC091544.2	AC091544.2
AC091544.4	AC091544.4
AC091544.5	AC091544.5
AC091551.1	AC091551.1
AC091563.1	AC091563.1
AC091564.2	AC091564.2
AC091564.4	AC091564.4
AC091564.5	AC091564.5
AC091564.6	AC091564.6
AC091576.1	AC091576.1
AC091588.2	AC091588.2
AC091588.3	AC091588.3
AC091607.2	AC091607.2
AC091614.1	AC091614.1
AC091646.1	AC091646.1
AC091685.1	AC091685.1
AC091691.2	AC091691.2
AC091691.3	AC091691.3
AC091705.1	AC091705.1
AC091729.1	AC091729.1
AC091729.2	AC091729.2
AC091729.3	AC091729.3
AC091730.1	AC091730.1
AC091736.1	AC091736.1
AC091769.2	AC091769.2
AC091806.1	AC091806.1
AC091808.1	AC091808.1
AC091814.1	AC091814.1
AC091819.1	AC091819.1
AC091819.2	AC091819.2
AC091820.1	AC091820.1
AC091820.2	AC091820.2
AC091826.2	AC091826.2
AC091838.1	AC091838.1
AC091849.2	AC091849.2
AC091868.2	AC091868.2
AC091885.2	AC091885.2
AC091887.1	AC091887.1
AC091889.1	AC091889.1
AC091891.2	AC091891.2
AC091893.2	AC091893.2
AC091906.1	AC091906.1
AC091912.3	AC091912.3
AC091917.1	AC091917.1
AC091917.2	AC091917.2
AC091917.3	AC091917.3
AC091932.1	AC091932.1
AC091938.1	AC091938.1
AC091939.1	AC091939.1
AC091944.1	AC091944.1
AC091946.1	AC091946.1
AC091946.2	AC091946.2
AC091948.1	AC091948.1
AC091951.4	AC091951.4
AC091953.1	AC091953.1
AC091959.3	AC091959.3
AC091962.1	AC091962.1
AC091965.1	AC091965.1
AC091965.4	AC091965.4
AC091973.1	AC091973.1
AC091978.1	AC091978.1
AC091979.1	AC091979.1
AC091982.1	AC091982.1
AC091982.3	AC091982.3
AC092017.3	AC092017.3
AC092017.4	AC092017.4
AC092040.1	AC092040.1
AC092042.1	AC092042.1
AC092042.3	AC092042.3
AC092042.4	AC092042.4
AC092053.2	AC092053.2
AC092053.3	AC092053.3
AC092053.4	AC092053.4
AC092053.5	AC092053.5
AC092058.1	AC092058.1
AC092059.1	AC092059.1
AC092068.1	AC092068.1
AC092068.2	AC092068.2
AC092068.3	AC092068.3
AC092069.1	AC092069.1
AC092070.1	AC092070.1
AC092070.3	AC092070.3
AC092070.4	AC092070.4
AC092071.1	AC092071.1
AC092073.1	AC092073.1
AC092078.2	AC092078.2
AC092078.3	AC092078.3
AC092079.2	AC092079.2
AC092100.1	AC092100.1
AC092110.1	AC092110.1
AC092111.1	AC092111.1
AC092111.2	AC092111.2
AC092111.3	AC092111.3
AC092112.1	AC092112.1
AC092114.1	AC092114.1
AC092115.2	AC092115.2
AC092115.3	AC092115.3
AC092117.1	AC092117.1
AC092118.1	AC092118.1
AC092118.2	AC092118.2
AC092119.2	AC092119.2
AC092119.3	AC092119.3
AC092120.1	AC092120.1
AC092120.3	AC092120.3
AC092123.1	AC092123.1
AC092125.1	AC092125.1
AC092125.2	AC092125.2
AC092127.1	AC092127.1
AC092127.2	AC092127.2
AC092131.1	AC092131.1
AC092134.1	AC092134.1
AC092134.3	AC092134.3
AC092138.2	AC092138.2
AC092139.1	AC092139.1
AC092140.1	AC092140.1
AC092140.2	AC092140.2
AC092142.1	AC092142.1
AC092143.2	AC092143.2
AC092145.1	AC092145.1
AC092153.1	AC092153.1
AC092155.1	AC092155.1
AC092159.1	AC092159.1
AC092159.2	AC092159.2
AC092162.2	AC092162.2
AC092164.1	AC092164.1
AC092167.1	AC092167.1
AC092168.1	AC092168.1
AC092168.2	AC092168.2
AC092168.3	AC092168.3
AC092171.1	AC092171.1
AC092171.2	AC092171.2
AC092171.3	AC092171.3
AC092171.4	AC092171.4
AC092171.5	AC092171.5
AC092192.1	AC092192.1
AC092198.1	AC092198.1
AC092268.2	AC092268.2
AC092275.1	AC092275.1
AC092279.1	AC092279.1
AC092287.1	AC092287.1
AC092295.1	AC092295.1
AC092295.2	AC092295.2
AC092296.1	AC092296.1
AC092296.2	AC092296.2
AC092296.3	AC092296.3
AC092296.4	AC092296.4
AC092301.1	AC092301.1
AC092316.1	AC092316.1
AC092326.1	AC092326.1
AC092329.1	AC092329.1
AC092329.3	AC092329.3
AC092329.4	AC092329.4
AC092332.1	AC092332.1
AC092335.1	AC092335.1
AC092337.1	AC092337.1
AC092338.1	AC092338.1
AC092338.2	AC092338.2
AC092338.3	AC092338.3
AC092343.1	AC092343.1
AC092353.1	AC092353.1
AC092353.2	AC092353.2
AC092354.1	AC092354.1
AC092354.2	AC092354.2
AC092364.1	AC092364.1
AC092368.3	AC092368.3
AC092375.2	AC092375.2
AC092376.1	AC092376.1
AC092376.2	AC092376.2
AC092376.3	AC092376.3
AC092377.1	AC092377.1
AC092378.1	AC092378.1
AC092378.2	AC092378.2
AC092384.1	AC092384.1
AC092384.2	AC092384.2
AC092384.3	AC092384.3
AC092418.2	AC092418.2
AC092422.1	AC092422.1
AC092428.1	AC092428.1
AC092431.1	AC092431.1
AC092435.1	AC092435.1
AC092435.2	AC092435.2
AC092435.3	AC092435.3
AC092436.2	AC092436.2
AC092436.3	AC092436.3
AC092436.4	AC092436.4
AC092440.1	AC092440.1
AC092445.1	AC092445.1
AC092447.5	AC092447.5
AC092448.1	AC092448.1
AC092473.2	AC092473.2
AC092484.1	AC092484.1
AC092490.1	AC092490.1
AC092490.2	AC092490.2
AC092535.1	AC092535.1
AC092535.2	AC092535.2
AC092535.3	AC092535.3
AC092535.4	AC092535.4
AC092535.5	AC092535.5
AC092546.1	AC092546.1
AC092567.1	AC092567.1
AC092567.2	AC092567.2
AC092574.1	AC092574.1
AC092574.2	AC092574.2
AC092580.4	AC092580.4
AC092590.1	AC092590.1
AC092596.1	AC092596.1
AC092598.1	AC092598.1
AC092604.1	AC092604.1
AC092608.1	AC092608.1
AC092611.1	AC092611.1
AC092611.2	AC092611.2
AC092614.1	AC092614.1
AC092617.1	AC092617.1
AC092620.1	AC092620.1
AC092620.2	AC092620.2
AC092620.3	AC092620.3
AC092625.1	AC092625.1
AC092634.3	AC092634.3
AC092634.4	AC092634.4
AC092634.5	AC092634.5
AC092634.8	AC092634.8
AC092636.1	AC092636.1
AC092637.1	AC092637.1
AC092640.1	AC092640.1
AC092645.2	AC092645.2
AC092647.5	AC092647.5
AC092650.1	AC092650.1
AC092651.3	AC092651.3
AC092652.1	AC092652.1
AC092652.2	AC092652.2
AC092652.3	AC092652.3
AC092653.1	AC092653.1
AC092661.1	AC092661.1
AC092666.1	AC092666.1
AC092667.1	AC092667.1
AC092673.1	AC092673.1
AC092674.1	AC092674.1
AC092675.1	AC092675.1
AC092675.2	AC092675.2
AC092681.2	AC092681.2
AC092681.3	AC092681.3
AC092683.1	AC092683.1
AC092683.2	AC092683.2
AC092687.1	AC092687.1
AC092687.2	AC092687.2
AC092687.3	AC092687.3
AC092691.1	AC092691.1
AC092691.3	AC092691.3
AC092718.1	AC092718.1
AC092718.2	AC092718.2
AC092718.4	AC092718.4
AC092718.5	AC092718.5
AC092718.6	AC092718.6
AC092718.8	AC092718.8
AC092718.9	AC092718.9
AC092720.1	AC092720.1
AC092720.2	AC092720.2
AC092723.3	AC092723.3
AC092723.4	AC092723.4
AC092723.5	AC092723.5
AC092745.1	AC092745.1
AC092745.4	AC092745.4
AC092745.5	AC092745.5
AC092746.1	AC092746.1
AC092747.1	AC092747.1
AC092747.4	AC092747.4
AC092755.1	AC092755.1
AC092755.2	AC092755.2
AC092756.1	AC092756.1
AC092757.2	AC092757.2
AC092757.3	AC092757.3
AC092783.1	AC092783.1
AC092793.1	AC092793.1
AC092794.1	AC092794.1
AC092794.2	AC092794.2
AC092800.1	AC092800.1
AC092801.1	AC092801.1
AC092802.1	AC092802.1
AC092802.2	AC092802.2
AC092802.3	AC092802.3
AC092802.4	AC092802.4
AC092803.1	AC092803.1
AC092803.2	AC092803.2
AC092803.3	AC092803.3
AC092803.4	AC092803.4
AC092805.1	AC092805.1
AC092807.1	AC092807.1
AC092807.2	AC092807.2
AC092807.3	AC092807.3
AC092809.2	AC092809.2
AC092809.4	AC092809.4
AC092810.3	AC092810.3
AC092810.4	AC092810.4
AC092811.1	AC092811.1
AC092811.2	AC092811.2
AC092813.1	AC092813.1
AC092813.2	AC092813.2
AC092819.1	AC092819.1
AC092819.3	AC092819.3
AC092821.3	AC092821.3
AC092825.1	AC092825.1
AC092828.1	AC092828.1
AC092832.2	AC092832.2
AC092834.1	AC092834.1
AC092835.1	AC092835.1
AC092839.1	AC092839.1
AC092839.2	AC092839.2
AC092844.1	AC092844.1
AC092845.1	AC092845.1
AC092848.2	AC092848.2
AC092849.1	AC092849.1
AC092849.2	AC092849.2
AC092849.3	AC092849.3
AC092868.2	AC092868.2
AC092881.2	AC092881.2
AC092894.1	AC092894.1
AC092896.2	AC092896.2
AC092902.2	AC092902.2
AC092902.3	AC092902.3
AC092902.4	AC092902.4
AC092902.6	AC092902.6
AC092903.2	AC092903.2
AC092910.3	AC092910.3
AC092916.1	AC092916.1
AC092919.1	AC092919.1
AC092920.1	AC092920.1
AC092924.1	AC092924.1
AC092924.2	AC092924.2
AC092925.1	AC092925.1
AC092933.2	AC092933.2
AC092939.1	AC092939.1
AC092941.1	AC092941.1
AC092943.2	AC092943.2
AC092944.1	AC092944.1
AC092944.3	AC092944.3
AC092953.2	AC092953.2
AC092954.1	AC092954.1
AC092954.2	AC092954.2
AC092957.1	AC092957.1
AC092958.1	AC092958.1
AC092958.2	AC092958.2
AC092958.4	AC092958.4
AC092966.1	AC092966.1
AC092969.1	AC092969.1
AC092979.1	AC092979.1
AC092979.2	AC092979.2
AC092994.1	AC092994.1
AC093001.1	AC093001.1
AC093001.2	AC093001.2
AC093010.2	AC093010.2
AC093019.2	AC093019.2
AC093083.1	AC093083.1
AC093110.1	AC093110.1
AC093117.1	AC093117.1
AC093151.2	AC093151.2
AC093151.3	AC093151.3
AC093151.8	AC093151.8
AC093152.1	AC093152.1
AC093155.3	AC093155.3
AC093157.1	AC093157.1
AC093157.2	AC093157.2
AC093158.1	AC093158.1
AC093159.1	AC093159.1
AC093206.1	AC093206.1
AC093227.1	AC093227.1
AC093227.2	AC093227.2
AC093227.3	AC093227.3
AC093240.1	AC093240.1
AC093248.1	AC093248.1
AC093249.2	AC093249.2
AC093249.6	AC093249.6
AC093274.1	AC093274.1
AC093277.1	AC093277.1
AC093281.2	AC093281.2
AC093292.1	AC093292.1
AC093295.1	AC093295.1
AC093297.1	AC093297.1
AC093297.2	AC093297.2
AC093298.2	AC093298.2
AC093305.1	AC093305.1
AC093307.1	AC093307.1
AC093323.1	AC093323.1
AC093326.1	AC093326.1
AC093330.1	AC093330.1
AC093330.3	AC093330.3
AC093331.2	AC093331.2
AC093334.1	AC093334.1
AC093382.1	AC093382.1
AC093388.1	AC093388.1
AC093390.1	AC093390.1
AC093390.2	AC093390.2
AC093418.1	AC093418.1
AC093422.2	AC093422.2
AC093423.2	AC093423.2
AC093423.3	AC093423.3
AC093424.1	AC093424.1
AC093425.1	AC093425.1
AC093426.1	AC093426.1
AC093426.2	AC093426.2
AC093433.2	AC093433.2
AC093458.1	AC093458.1
AC093459.1	AC093459.1
AC093462.1	AC093462.1
AC093484.2	AC093484.2
AC093484.3	AC093484.3
AC093484.4	AC093484.4
AC093495.1	AC093495.1
AC093496.1	AC093496.1
AC093503.1	AC093503.1
AC093503.2	AC093503.2
AC093510.1	AC093510.1
AC093510.2	AC093510.2
AC093512.1	AC093512.1
AC093512.2	AC093512.2
AC093515.1	AC093515.1
AC093516.1	AC093516.1
AC093519.2	AC093519.2
AC093520.1	AC093520.1
AC093523.1	AC093523.1
AC093525.1	AC093525.1
AC093525.2	AC093525.2
AC093525.3	AC093525.3
AC093525.4	AC093525.4
AC093525.6	AC093525.6
AC093525.7	AC093525.7
AC093534.2	AC093534.2
AC093535.1	AC093535.1
AC093536.2	AC093536.2
AC093567.1	AC093567.1
AC093575.1	AC093575.1
AC093577.1	AC093577.1
AC093580.1	AC093580.1
AC093581.1	AC093581.1
AC093582.1	AC093582.1
AC093583.1	AC093583.1
AC093585.1	AC093585.1
AC093591.2	AC093591.2
AC093599.1	AC093599.1
AC093599.2	AC093599.2
AC093606.1	AC093606.1
AC093607.1	AC093607.1
AC093610.1	AC093610.1
AC093620.1	AC093620.1
AC093627.1	AC093627.1
AC093627.22	AC093627.22
AC093627.3	AC093627.3
AC093627.4	AC093627.4
AC093627.5	AC093627.5
AC093627.7	AC093627.7
AC093635.1	AC093635.1
AC093639.1	AC093639.1
AC093639.2	AC093639.2
AC093639.3	AC093639.3
AC093642.7	AC093642.7
AC093655.1	AC093655.1
AC093668.1	AC093668.1
AC093668.2	AC093668.2
AC093673.1	AC093673.1
AC093673.2	AC093673.2
AC093675.1	AC093675.1
AC093677.2	AC093677.2
AC093677.3	AC093677.3
AC093689.1	AC093689.1
AC093690.1	AC093690.1
AC093702.1	AC093702.1
AC093714.2	AC093714.2
AC093722.1	AC093722.1
AC093725.1	AC093725.1
AC093725.2	AC093725.2
AC093726.2	AC093726.2
AC093730.1	AC093730.1
AC093732.1	AC093732.1
AC093732.2	AC093732.2
AC093734.1	AC093734.1
AC093752.2	AC093752.2
AC093752.3	AC093752.3
AC093765.2	AC093765.2
AC093765.3	AC093765.3
AC093765.4	AC093765.4
AC093765.5	AC093765.5
AC093766.1	AC093766.1
AC093772.1	AC093772.1
AC093772.2	AC093772.2
AC093787.2	AC093787.2
AC093788.1	AC093788.1
AC093791.1	AC093791.1
AC093791.2	AC093791.2
AC093796.1	AC093796.1
AC093797.1	AC093797.1
AC093798.1	AC093798.1
AC093799.1	AC093799.1
AC093801.1	AC093801.1
AC093802.1	AC093802.1
AC093810.1	AC093810.1
AC093817.1	AC093817.1
AC093817.2	AC093817.2
AC093821.1	AC093821.1
AC093824.2	AC093824.2
AC093827.4	AC093827.4
AC093827.5	AC093827.5
AC093833.1	AC093833.1
AC093835.1	AC093835.1
AC093840.2	AC093840.2
AC093843.1	AC093843.1
AC093843.2	AC093843.2
AC093849.1	AC093849.1
AC093849.2	AC093849.2
AC093849.3	AC093849.3
AC093849.4	AC093849.4
AC093857.1	AC093857.1
AC093864.1	AC093864.1
AC093865.1	AC093865.1
AC093866.1	AC093866.1
AC093879.1	AC093879.1
AC093890.2	AC093890.2
AC093893.1	AC093893.1
AC093894.1	AC093894.1
AC093894.2	AC093894.2
AC093895.1	AC093895.1
AC093898.1	AC093898.1
AC093899.2	AC093899.2
AC093901.1	AC093901.1
AC093903.1	AC093903.1
AC093904.1	AC093904.1
AC093904.4	AC093904.4
AC093909.2	AC093909.2
AC093909.4	AC093909.4
AC093911.1	AC093911.1
AC093912.1	AC093912.1
AC093915.1	AC093915.1
AC093916.1	AC093916.1
AC093928.1	AC093928.1
AC094105.2	AC094105.2
AC095030.1	AC095030.1
AC095032.1	AC095032.1
AC095032.2	AC095032.2
AC095033.1	AC095033.1
AC095050.1	AC095050.1
AC095055.1	AC095055.1
AC095056.1	AC095056.1
AC095057.3	AC095057.3
AC095057.4	AC095057.4
AC095059.1	AC095059.1
AC095060.1	AC095060.1
AC095350.1	AC095350.1
AC096531.2	AC096531.2
AC096536.1	AC096536.1
AC096536.2	AC096536.2
AC096536.3	AC096536.3
AC096537.1	AC096537.1
AC096540.1	AC096540.1
AC096543.1	AC096543.1
AC096543.2	AC096543.2
AC096554.1	AC096554.1
AC096555.1	AC096555.1
AC096558.2	AC096558.2
AC096559.1	AC096559.1
AC096564.1	AC096564.1
AC096564.2	AC096564.2
AC096570.1	AC096570.1
AC096570.2	AC096570.2
AC096576.2	AC096576.2
AC096576.3	AC096576.3
AC096576.6	AC096576.6
AC096577.1	AC096577.1
AC096582.3	AC096582.3
AC096585.1	AC096585.1
AC096586.1	AC096586.1
AC096586.2	AC096586.2
AC096588.1	AC096588.1
AC096589.1	AC096589.1
AC096589.2	AC096589.2
AC096631.1	AC096631.1
AC096637.1	AC096637.1
AC096637.2	AC096637.2
AC096639.1	AC096639.1
AC096642.1	AC096642.1
AC096642.2	AC096642.2
AC096645.1	AC096645.1
AC096647.1	AC096647.1
AC096649.1	AC096649.1
AC096659.1	AC096659.1
AC096666.1	AC096666.1
AC096667.1	AC096667.1
AC096669.1	AC096669.1
AC096675.1	AC096675.1
AC096677.1	AC096677.1
AC096708.2	AC096708.2
AC096708.3	AC096708.3
AC096711.2	AC096711.2
AC096711.3	AC096711.3
AC096719.1	AC096719.1
AC096733.1	AC096733.1
AC096733.2	AC096733.2
AC096734.2	AC096734.2
AC096736.1	AC096736.1
AC096736.3	AC096736.3
AC096741.1	AC096741.1
AC096746.1	AC096746.1
AC096747.1	AC096747.1
AC096751.2	AC096751.2
AC096759.1	AC096759.1
AC096759.2	AC096759.2
AC096763.1	AC096763.1
AC096772.1	AC096772.1
AC096773.1	AC096773.1
AC096861.2	AC096861.2
AC096887.1	AC096887.1
AC096888.1	AC096888.1
AC096921.2	AC096921.2
AC096992.2	AC096992.2
AC096992.3	AC096992.3
AC096996.2	AC096996.2
AC096996.3	AC096996.3
AC097059.1	AC097059.1
AC097059.2	AC097059.2
AC097065.2	AC097065.2
AC097066.1	AC097066.1
AC097103.1	AC097103.1
AC097103.2	AC097103.2
AC097105.1	AC097105.1
AC097173.2	AC097173.2
AC097347.1	AC097347.1
AC097358.2	AC097358.2
AC097359.2	AC097359.2
AC097359.3	AC097359.3
AC097369.2	AC097369.2
AC097372.2	AC097372.2
AC097375.1	AC097375.1
AC097375.2	AC097375.2
AC097375.3	AC097375.3
AC097375.4	AC097375.4
AC097375.5	AC097375.5
AC097376.2	AC097376.2
AC097376.3	AC097376.3
AC097381.1	AC097381.1
AC097381.2	AC097381.2
AC097381.3	AC097381.3
AC097382.1	AC097382.1
AC097382.2	AC097382.2
AC097382.3	AC097382.3
AC097448.1	AC097448.1
AC097450.1	AC097450.1
AC097459.1	AC097459.1
AC097460.1	AC097460.1
AC097461.1	AC097461.1
AC097462.3	AC097462.3
AC097467.3	AC097467.3
AC097468.1	AC097468.1
AC097468.2	AC097468.2
AC097468.3	AC097468.3
AC097468.4	AC097468.4
AC097478.1	AC097478.1
AC097478.2	AC097478.2
AC097478.3	AC097478.3
AC097478.4	AC097478.4
AC097480.1	AC097480.1
AC097480.2	AC097480.2
AC097487.1	AC097487.1
AC097491.1	AC097491.1
AC097499.2	AC097499.2
AC097500.1	AC097500.1
AC097501.1	AC097501.1
AC097501.2	AC097501.2
AC097504.2	AC097504.2
AC097505.1	AC097505.1
AC097511.1	AC097511.1
AC097512.1	AC097512.1
AC097515.1	AC097515.1
AC097518.1	AC097518.1
AC097518.2	AC097518.2
AC097521.1	AC097521.1
AC097522.2	AC097522.2
AC097526.1	AC097526.1
AC097528.1	AC097528.1
AC097532.1	AC097532.1
AC097532.2	AC097532.2
AC097532.3	AC097532.3
AC097534.1	AC097534.1
AC097534.2	AC097534.2
AC097537.1	AC097537.1
AC097625.1	AC097625.1
AC097634.1	AC097634.1
AC097634.2	AC097634.2
AC097634.3	AC097634.3
AC097637.1	AC097637.1
AC097639.1	AC097639.1
AC097641.2	AC097641.2
AC097652.1	AC097652.1
AC097654.1	AC097654.1
AC097658.2	AC097658.2
AC097658.3	AC097658.3
AC097662.1	AC097662.1
AC097709.1	AC097709.1
AC097713.1	AC097713.1
AC097713.3	AC097713.3
AC097716.1	AC097716.1
AC097717.1	AC097717.1
AC097724.1	AC097724.1
AC098479.1	AC098479.1
AC098483.1	AC098483.1
AC098484.1	AC098484.1
AC098484.2	AC098484.2
AC098484.3	AC098484.3
AC098484.4	AC098484.4
AC098487.1	AC098487.1
AC098582.1	AC098582.1
AC098587.1	AC098587.1
AC098588.3	AC098588.3
AC098595.1	AC098595.1
AC098613.1	AC098613.1
AC098614.4	AC098614.4
AC098617.1	AC098617.1
AC098650.1	AC098650.1
AC098656.1	AC098656.1
AC098657.2	AC098657.2
AC098679.1	AC098679.1
AC098679.5	AC098679.5
AC098679.6	AC098679.6
AC098798.1	AC098798.1
AC098817.1	AC098817.1
AC098818.2	AC098818.2
AC098820.1	AC098820.1
AC098820.2	AC098820.2
AC098820.3	AC098820.3
AC098828.2	AC098828.2
AC098828.3	AC098828.3
AC098829.1	AC098829.1
AC098848.1	AC098848.1
AC098850.1	AC098850.1
AC098850.2	AC098850.2
AC098850.3	AC098850.3
AC098851.1	AC098851.1
AC098859.2	AC098859.2
AC098864.1	AC098864.1
AC098868.1	AC098868.1
AC098872.1	AC098872.1
AC098934.4	AC098934.4
AC098936.1	AC098936.1
AC098969.1	AC098969.1
AC098969.2	AC098969.2
AC099050.1	AC099050.1
AC099062.1	AC099062.1
AC099063.1	AC099063.1
AC099063.4	AC099063.4
AC099066.1	AC099066.1
AC099066.2	AC099066.2
AC099313.1	AC099313.1
AC099314.1	AC099314.1
AC099328.2	AC099328.2
AC099329.1	AC099329.1
AC099329.2	AC099329.2
AC099329.3	AC099329.3
AC099332.1	AC099332.1
AC099332.2	AC099332.2
AC099342.1	AC099342.1
AC099343.2	AC099343.2
AC099343.3	AC099343.3
AC099343.4	AC099343.4
AC099344.1	AC099344.1
AC099344.2	AC099344.2
AC099344.3	AC099344.3
AC099398.1	AC099398.1
AC099482.1	AC099482.1
AC099482.2	AC099482.2
AC099487.1	AC099487.1
AC099487.2	AC099487.2
AC099489.1	AC099489.1
AC099489.3	AC099489.3
AC099499.1	AC099499.1
AC099501.1	AC099501.1
AC099506.1	AC099506.1
AC099506.3	AC099506.3
AC099508.1	AC099508.1
AC099508.2	AC099508.2
AC099509.1	AC099509.1
AC099511.1	AC099511.1
AC099517.1	AC099517.1
AC099518.1	AC099518.1
AC099518.2	AC099518.2
AC099518.3	AC099518.3
AC099518.4	AC099518.4
AC099518.5	AC099518.5
AC099518.6	AC099518.6
AC099520.1	AC099520.1
AC099520.2	AC099520.2
AC099521.1	AC099521.1
AC099521.3	AC099521.3
AC099522.2	AC099522.2
AC099524.1	AC099524.1
AC099535.2	AC099535.2
AC099541.2	AC099541.2
AC099542.1	AC099542.1
AC099550.1	AC099550.1
AC099552.5	AC099552.5
AC099554.1	AC099554.1
AC099560.1	AC099560.1
AC099563.2	AC099563.2
AC099565.1	AC099565.1
AC099566.1	AC099566.1
AC099567.1	AC099567.1
AC099568.1	AC099568.1
AC099568.2	AC099568.2
AC099654.16	AC099654.16
AC099661.1	AC099661.1
AC099669.1	AC099669.1
AC099670.3	AC099670.3
AC099671.1	AC099671.1
AC099673.1	AC099673.1
AC099676.1	AC099676.1
AC099681.1	AC099681.1
AC099681.2	AC099681.2
AC099684.1	AC099684.1
AC099684.2	AC099684.2
AC099684.3	AC099684.3
AC099687.1	AC099687.1
AC099753.1	AC099753.1
AC099754.1	AC099754.1
AC099778.1	AC099778.1
AC099782.2	AC099782.2
AC099786.1	AC099786.1
AC099786.3	AC099786.3
AC099788.1	AC099788.1
AC099791.2	AC099791.2
AC099791.3	AC099791.3
AC099791.4	AC099791.4
AC099792.1	AC099792.1
AC099793.1	AC099793.1
AC099794.1	AC099794.1
AC099795.1	AC099795.1
AC099796.1	AC099796.1
AC099796.2	AC099796.2
AC099811.1	AC099811.1
AC099811.2	AC099811.2
AC099811.3	AC099811.3
AC099811.4	AC099811.4
AC099811.5	AC099811.5
AC099845.1	AC099845.1
AC099850.1	AC099850.1
AC099850.2	AC099850.2
AC099850.3	AC099850.3
AC100763.1	AC100763.1
AC100768.1	AC100768.1
AC100768.2	AC100768.2
AC100771.2	AC100771.2
AC100773.1	AC100773.1
AC100774.1	AC100774.1
AC100775.1	AC100775.1
AC100778.1	AC100778.1
AC100778.2	AC100778.2
AC100778.3	AC100778.3
AC100778.4	AC100778.4
AC100779.1	AC100779.1
AC100781.1	AC100781.1
AC100782.1	AC100782.1
AC100786.1	AC100786.1
AC100786.2	AC100786.2
AC100788.1	AC100788.1
AC100791.3	AC100791.3
AC100793.2	AC100793.2
AC100793.3	AC100793.3
AC100793.4	AC100793.4
AC100797.1	AC100797.1
AC100797.5	AC100797.5
AC100800.1	AC100800.1
AC100801.1	AC100801.1
AC100801.2	AC100801.2
AC100802.1	AC100802.1
AC100803.1	AC100803.1
AC100803.2	AC100803.2
AC100803.3	AC100803.3
AC100803.4	AC100803.4
AC100805.1	AC100805.1
AC100808.1	AC100808.1
AC100810.1	AC100810.1
AC100810.3	AC100810.3
AC100810.7	AC100810.7
AC100812.1	AC100812.1
AC100814.1	AC100814.1
AC100818.1	AC100818.1
AC100821.2	AC100821.2
AC100822.1	AC100822.1
AC100827.4	AC100827.4
AC100830.1	AC100830.1
AC100830.2	AC100830.2
AC100830.3	AC100830.3
AC100832.2	AC100832.2
AC100834.2	AC100834.2
AC100835.1	AC100835.1
AC100835.2	AC100835.2
AC100836.1	AC100836.1
AC100839.1	AC100839.1
AC100839.2	AC100839.2
AC100843.1	AC100843.1
AC100844.1	AC100844.1
AC100847.1	AC100847.1
AC100849.1	AC100849.1
AC100849.2	AC100849.2
AC100858.2	AC100858.2
AC100858.3	AC100858.3
AC100860.1	AC100860.1
AC100861.1	AC100861.1
AC100861.2	AC100861.2
AC100863.1	AC100863.1
AC100868.1	AC100868.1
AC100872.1	AC100872.1
AC102941.1	AC102941.1
AC102941.2	AC102941.2
AC102945.1	AC102945.1
AC102953.1	AC102953.1
AC102953.2	AC102953.2
AC103409.1	AC103409.1
AC103563.2	AC103563.2
AC103563.7	AC103563.7
AC103563.9	AC103563.9
AC103564.1	AC103564.1
AC103591.3	AC103591.3
AC103591.4	AC103591.4
AC103681.2	AC103681.2
AC103691.1	AC103691.1
AC103691.2	AC103691.2
AC103702.1	AC103702.1
AC103702.2	AC103702.2
AC103703.1	AC103703.1
AC103706.1	AC103706.1
AC103718.1	AC103718.1
AC103719.1	AC103719.1
AC103724.3	AC103724.3
AC103724.4	AC103724.4
AC103726.1	AC103726.1
AC103726.2	AC103726.2
AC103736.1	AC103736.1
AC103739.1	AC103739.1
AC103739.2	AC103739.2
AC103739.3	AC103739.3
AC103740.1	AC103740.1
AC103746.1	AC103746.1
AC103758.1	AC103758.1
AC103760.1	AC103760.1
AC103764.1	AC103764.1
AC103769.1	AC103769.1
AC103770.1	AC103770.1
AC103794.1	AC103794.1
AC103796.1	AC103796.1
AC103798.1	AC103798.1
AC103808.1	AC103808.1
AC103808.2	AC103808.2
AC103808.3	AC103808.3
AC103808.4	AC103808.4
AC103808.5	AC103808.5
AC103808.6	AC103808.6
AC103809.1	AC103809.1
AC103810.2	AC103810.2
AC103810.5	AC103810.5
AC103831.1	AC103831.1
AC103843.1	AC103843.1
AC103853.1	AC103853.1
AC103853.2	AC103853.2
AC103855.2	AC103855.2
AC103855.3	AC103855.3
AC103858.1	AC103858.1
AC103858.2	AC103858.2
AC103858.3	AC103858.3
AC103871.1	AC103871.1
AC103874.1	AC103874.1
AC103876.1	AC103876.1
AC103879.1	AC103879.1
AC103923.1	AC103923.1
AC103949.1	AC103949.1
AC103952.1	AC103952.1
AC103955.1	AC103955.1
AC103957.1	AC103957.1
AC103957.2	AC103957.2
AC103974.1	AC103974.1
AC103974.2	AC103974.2
AC103982.1	AC103982.1
AC103987.2	AC103987.2
AC103993.1	AC103993.1
AC103996.2	AC103996.2
AC104002.1	AC104002.1
AC104002.2	AC104002.2
AC104002.3	AC104002.3
AC104009.1	AC104009.1
AC104012.1	AC104012.1
AC104024.1	AC104024.1
AC104024.2	AC104024.2
AC104024.3	AC104024.3
AC104024.4	AC104024.4
AC104031.1	AC104031.1
AC104035.1	AC104035.1
AC104036.1	AC104036.1
AC104041.1	AC104041.1
AC104051.1	AC104051.1
AC104051.2	AC104051.2
AC104063.1	AC104063.1
AC104066.2	AC104066.2
AC104066.3	AC104066.3
AC104066.4	AC104066.4
AC104072.1	AC104072.1
AC104073.4	AC104073.4
AC104076.1	AC104076.1
AC104078.1	AC104078.1
AC104078.2	AC104078.2
AC104083.1	AC104083.1
AC104088.1	AC104088.1
AC104088.2	AC104088.2
AC104088.3	AC104088.3
AC104109.2	AC104109.2
AC104109.3	AC104109.3
AC104113.1	AC104113.1
AC104116.1	AC104116.1
AC104117.3	AC104117.3
AC104117.5	AC104117.5
AC104118.1	AC104118.1
AC104119.1	AC104119.1
AC104123.1	AC104123.1
AC104126.1	AC104126.1
AC104129.1	AC104129.1
AC104134.1	AC104134.1
AC104135.1	AC104135.1
AC104137.1	AC104137.1
AC104151.1	AC104151.1
AC104162.2	AC104162.2
AC104167.1	AC104167.1
AC104169.1	AC104169.1
AC104170.1	AC104170.1
AC104170.2	AC104170.2
AC104184.1	AC104184.1
AC104187.1	AC104187.1
AC104211.1	AC104211.1
AC104211.2	AC104211.2
AC104211.3	AC104211.3
AC104211.4	AC104211.4
AC104232.1	AC104232.1
AC104232.2	AC104232.2
AC104232.3	AC104232.3
AC104233.1	AC104233.1
AC104233.2	AC104233.2
AC104237.1	AC104237.1
AC104241.1	AC104241.1
AC104248.1	AC104248.1
AC104257.1	AC104257.1
AC104260.1	AC104260.1
AC104260.3	AC104260.3
AC104304.1	AC104304.1
AC104304.3	AC104304.3
AC104316.1	AC104316.1
AC104316.2	AC104316.2
AC104335.1	AC104335.1
AC104335.2	AC104335.2
AC104350.1	AC104350.1
AC104365.1	AC104365.1
AC104365.3	AC104365.3
AC104370.1	AC104370.1
AC104383.2	AC104383.2
AC104389.1	AC104389.1
AC104389.2	AC104389.2
AC104389.4	AC104389.4
AC104389.5	AC104389.5
AC104393.1	AC104393.1
AC104407.1	AC104407.1
AC104411.1	AC104411.1
AC104417.2	AC104417.2
AC104423.1	AC104423.1
AC104435.2	AC104435.2
AC104445.1	AC104445.1
AC104451.2	AC104451.2
AC104452.1	AC104452.1
AC104453.1	AC104453.1
AC104454.2	AC104454.2
AC104458.1	AC104458.1
AC104459.1	AC104459.1
AC104461.1	AC104461.1
AC104462.1	AC104462.1
AC104462.2	AC104462.2
AC104463.2	AC104463.2
AC104472.1	AC104472.1
AC104472.3	AC104472.3
AC104472.4	AC104472.4
AC104472.5	AC104472.5
AC104506.1	AC104506.1
AC104521.1	AC104521.1
AC104530.1	AC104530.1
AC104532.1	AC104532.1
AC104532.2	AC104532.2
AC104534.1	AC104534.1
AC104561.1	AC104561.1
AC104561.4	AC104561.4
AC104564.2	AC104564.2
AC104564.3	AC104564.3
AC104564.4	AC104564.4
AC104564.5	AC104564.5
AC104574.1	AC104574.1
AC104574.2	AC104574.2
AC104581.2	AC104581.2
AC104590.1	AC104590.1
AC104596.1	AC104596.1
AC104623.1	AC104623.1
AC104633.1	AC104633.1
AC104633.2	AC104633.2
AC104634.2	AC104634.2
AC104640.1	AC104640.1
AC104653.1	AC104653.1
AC104653.2	AC104653.2
AC104655.1	AC104655.1
AC104656.1	AC104656.1
AC104662.1	AC104662.1
AC104662.2	AC104662.2
AC104663.1	AC104663.1
AC104664.1	AC104664.1
AC104667.1	AC104667.1
AC104667.2	AC104667.2
AC104688.1	AC104688.1
AC104689.2	AC104689.2
AC104695.2	AC104695.2
AC104695.3	AC104695.3
AC104695.4	AC104695.4
AC104699.1	AC104699.1
AC104758.2	AC104758.2
AC104758.4	AC104758.4
AC104758.5	AC104758.5
AC104770.1	AC104770.1
AC104777.1	AC104777.1
AC104777.2	AC104777.2
AC104777.3	AC104777.3
AC104779.1	AC104779.1
AC104781.1	AC104781.1
AC104781.2	AC104781.2
AC104785.1	AC104785.1
AC104790.1	AC104790.1
AC104791.1	AC104791.1
AC104793.1	AC104793.1
AC104794.1	AC104794.1
AC104794.2	AC104794.2
AC104794.3	AC104794.3
AC104794.4	AC104794.4
AC104794.5	AC104794.5
AC104803.1	AC104803.1
AC104806.2	AC104806.2
AC104809.1	AC104809.1
AC104809.2	AC104809.2
AC104819.3	AC104819.3
AC104823.1	AC104823.1
AC104825.1	AC104825.1
AC104827.1	AC104827.1
AC104831.1	AC104831.1
AC104836.1	AC104836.1
AC104841.1	AC104841.1
AC104850.2	AC104850.2
AC104938.1	AC104938.1
AC104958.1	AC104958.1
AC104958.2	AC104958.2
AC104964.1	AC104964.1
AC104964.2	AC104964.2
AC104964.3	AC104964.3
AC104964.4	AC104964.4
AC104971.1	AC104971.1
AC104971.2	AC104971.2
AC104982.1	AC104982.1
AC104982.2	AC104982.2
AC104984.1	AC104984.1
AC104984.2	AC104984.2
AC104984.3	AC104984.3
AC104984.4	AC104984.4
AC104984.5	AC104984.5
AC104984.6	AC104984.6
AC104985.1	AC104985.1
AC104985.2	AC104985.2
AC104986.2	AC104986.2
AC104996.1	AC104996.1
AC105001.1	AC105001.1
AC105020.1	AC105020.1
AC105020.2	AC105020.2
AC105020.3	AC105020.3
AC105020.4	AC105020.4
AC105020.5	AC105020.5
AC105020.6	AC105020.6
AC105031.2	AC105031.2
AC105031.3	AC105031.3
AC105046.1	AC105046.1
AC105046.2	AC105046.2
AC105052.1	AC105052.1
AC105052.3	AC105052.3
AC105052.4	AC105052.4
AC105052.5	AC105052.5
AC105053.1	AC105053.1
AC105094.1	AC105094.1
AC105094.2	AC105094.2
AC105101.2	AC105101.2
AC105114.2	AC105114.2
AC105118.1	AC105118.1
AC105133.1	AC105133.1
AC105137.2	AC105137.2
AC105150.1	AC105150.1
AC105180.1	AC105180.1
AC105180.2	AC105180.2
AC105206.1	AC105206.1
AC105206.2	AC105206.2
AC105206.3	AC105206.3
AC105213.1	AC105213.1
AC105219.1	AC105219.1
AC105219.2	AC105219.2
AC105219.3	AC105219.3
AC105219.4	AC105219.4
AC105227.1	AC105227.1
AC105230.1	AC105230.1
AC105254.1	AC105254.1
AC105265.3	AC105265.3
AC105271.1	AC105271.1
AC105277.1	AC105277.1
AC105285.1	AC105285.1
AC105290.1	AC105290.1
AC105328.1	AC105328.1
AC105339.3	AC105339.3
AC105339.6	AC105339.6
AC105345.1	AC105345.1
AC105345.2	AC105345.2
AC105362.1	AC105362.1
AC105383.1	AC105383.1
AC105384.1	AC105384.1
AC105389.2	AC105389.2
AC105389.3	AC105389.3
AC105393.1	AC105393.1
AC105393.2	AC105393.2
AC105398.1	AC105398.1
AC105402.3	AC105402.3
AC105402.4	AC105402.4
AC105411.1	AC105411.1
AC105415.1	AC105415.1
AC105429.1	AC105429.1
AC105430.1	AC105430.1
AC105446.1	AC105446.1
AC105450.1	AC105450.1
AC105460.1	AC105460.1
AC105460.2	AC105460.2
AC105760.1	AC105760.1
AC105760.2	AC105760.2
AC105914.2	AC105914.2
AC105916.1	AC105916.1
AC105919.1	AC105919.1
AC105924.1	AC105924.1
AC105935.1	AC105935.1
AC105935.2	AC105935.2
AC105940.1	AC105940.1
AC105940.2	AC105940.2
AC105941.1	AC105941.1
AC105942.1	AC105942.1
AC105999.1	AC105999.1
AC105999.2	AC105999.2
AC106017.1	AC106017.1
AC106028.2	AC106028.2
AC106028.3	AC106028.3
AC106028.4	AC106028.4
AC106028.5	AC106028.5
AC106037.2	AC106037.2
AC106037.3	AC106037.3
AC106038.1	AC106038.1
AC106047.1	AC106047.1
AC106052.1	AC106052.1
AC106053.1	AC106053.1
AC106707.1	AC106707.1
AC106729.1	AC106729.1
AC106732.1	AC106732.1
AC106736.1	AC106736.1
AC106738.1	AC106738.1
AC106739.1	AC106739.1
AC106739.2	AC106739.2
AC106743.1	AC106743.1
AC106744.1	AC106744.1
AC106745.1	AC106745.1
AC106771.1	AC106771.1
AC106772.1	AC106772.1
AC106772.2	AC106772.2
AC106774.10	AC106774.10
AC106779.1	AC106779.1
AC106782.1	AC106782.1
AC106782.2	AC106782.2
AC106782.5	AC106782.5
AC106782.6	AC106782.6
AC106786.1	AC106786.1
AC106786.2	AC106786.2
AC106789.1	AC106789.1
AC106791.1	AC106791.1
AC106791.2	AC106791.2
AC106793.1	AC106793.1
AC106795.2	AC106795.2
AC106795.3	AC106795.3
AC106795.5	AC106795.5
AC106796.1	AC106796.1
AC106798.1	AC106798.1
AC106799.2	AC106799.2
AC106801.1	AC106801.1
AC106818.2	AC106818.2
AC106820.2	AC106820.2
AC106820.3	AC106820.3
AC106820.4	AC106820.4
AC106820.5	AC106820.5
AC106820.6	AC106820.6
AC106821.2	AC106821.2
AC106845.1	AC106845.1
AC106858.1	AC106858.1
AC106864.1	AC106864.1
AC106864.2	AC106864.2
AC106865.2	AC106865.2
AC106869.1	AC106869.1
AC106870.1	AC106870.1
AC106870.2	AC106870.2
AC106871.1	AC106871.1
AC106872.12	AC106872.12
AC106873.1	AC106873.1
AC106874.1	AC106874.1
AC106875.1	AC106875.1
AC106881.1	AC106881.1
AC106882.1	AC106882.1
AC106886.3	AC106886.3
AC106886.5	AC106886.5
AC106892.1	AC106892.1
AC106894.1	AC106894.1
AC106895.1	AC106895.1
AC106895.2	AC106895.2
AC106897.1	AC106897.1
AC106900.1	AC106900.1
AC107021.1	AC107021.1
AC107021.2	AC107021.2
AC107023.1	AC107023.1
AC107027.1	AC107027.1
AC107027.3	AC107027.3
AC107029.1	AC107029.1
AC107029.2	AC107029.2
AC107031.1	AC107031.1
AC107032.2	AC107032.2
AC107032.3	AC107032.3
AC107050.1	AC107050.1
AC107057.1	AC107057.1
AC107067.1	AC107067.1
AC107067.2	AC107067.2
AC107068.1	AC107068.1
AC107068.2	AC107068.2
AC107071.1	AC107071.1
AC107072.1	AC107072.1
AC107072.2	AC107072.2
AC107074.1	AC107074.1
AC107081.2	AC107081.2
AC107081.4	AC107081.4
AC107204.1	AC107204.1
AC107208.1	AC107208.1
AC107214.1	AC107214.1
AC107214.2	AC107214.2
AC107220.1	AC107220.1
AC107222.2	AC107222.2
AC107223.1	AC107223.1
AC107241.1	AC107241.1
AC107294.1	AC107294.1
AC107294.2	AC107294.2
AC107294.3	AC107294.3
AC107373.1	AC107373.1
AC107373.2	AC107373.2
AC107373.3	AC107373.3
AC107375.1	AC107375.1
AC107391.1	AC107391.1
AC107396.1	AC107396.1
AC107398.2	AC107398.2
AC107398.3	AC107398.3
AC107398.4	AC107398.4
AC107398.5	AC107398.5
AC107419.1	AC107419.1
AC107463.1	AC107463.1
AC107464.1	AC107464.1
AC107464.3	AC107464.3
AC107871.1	AC107871.1
AC107871.2	AC107871.2
AC107881.1	AC107881.1
AC107882.1	AC107882.1
AC107884.1	AC107884.1
AC107884.2	AC107884.2
AC107886.1	AC107886.1
AC107892.1	AC107892.1
AC107896.1	AC107896.1
AC107905.1	AC107905.1
AC107909.1	AC107909.1
AC107909.2	AC107909.2
AC107918.5	AC107918.5
AC107918.6	AC107918.6
AC107952.2	AC107952.2
AC107953.2	AC107953.2
AC107958.2	AC107958.2
AC107958.3	AC107958.3
AC107959.1	AC107959.1
AC107959.2	AC107959.2
AC107959.3	AC107959.3
AC107973.1	AC107973.1
AC107976.1	AC107976.1
AC107980.1	AC107980.1
AC107982.2	AC107982.2
AC107982.3	AC107982.3
AC107993.1	AC107993.1
AC108002.1	AC108002.1
AC108002.2	AC108002.2
AC108002.3	AC108002.3
AC108019.2	AC108019.2
AC108021.1	AC108021.1
AC108037.1	AC108037.1
AC108047.1	AC108047.1
AC108050.1	AC108050.1
AC108052.1	AC108052.1
AC108053.1	AC108053.1
AC108057.1	AC108057.1
AC108058.1	AC108058.1
AC108062.1	AC108062.1
AC108063.1	AC108063.1
AC108066.1	AC108066.1
AC108066.2	AC108066.2
AC108067.1	AC108067.1
AC108073.3	AC108073.3
AC108097.1	AC108097.1
AC108099.1	AC108099.1
AC108102.1	AC108102.1
AC108105.1	AC108105.1
AC108112.1	AC108112.1
AC108125.1	AC108125.1
AC108134.1	AC108134.1
AC108134.2	AC108134.2
AC108134.3	AC108134.3
AC108134.4	AC108134.4
AC108136.1	AC108136.1
AC108156.1	AC108156.1
AC108159.1	AC108159.1
AC108169.1	AC108169.1
AC108174.1	AC108174.1
AC108210.1	AC108210.1
AC108448.3	AC108448.3
AC108449.1	AC108449.1
AC108449.2	AC108449.2
AC108449.3	AC108449.3
AC108451.1	AC108451.1
AC108451.2	AC108451.2
AC108452.1	AC108452.1
AC108457.1	AC108457.1
AC108462.1	AC108462.1
AC108463.2	AC108463.2
AC108463.3	AC108463.3
AC108467.1	AC108467.1
AC108471.2	AC108471.2
AC108471.3	AC108471.3
AC108472.1	AC108472.1
AC108477.1	AC108477.1
AC108479.3	AC108479.3
AC108482.1	AC108482.1
AC108488.1	AC108488.1
AC108488.2	AC108488.2
AC108488.3	AC108488.3
AC108515.1	AC108515.1
AC108516.1	AC108516.1
AC108517.1	AC108517.1
AC108517.2	AC108517.2
AC108519.1	AC108519.1
AC108667.2	AC108667.2
AC108673.2	AC108673.2
AC108673.3	AC108673.3
AC108676.1	AC108676.1
AC108681.1	AC108681.1
AC108690.1	AC108690.1
AC108693.2	AC108693.2
AC108704.1	AC108704.1
AC108718.1	AC108718.1
AC108721.1	AC108721.1
AC108721.2	AC108721.2
AC108727.1	AC108727.1
AC108727.2	AC108727.2
AC108734.4	AC108734.4
AC108748.1	AC108748.1
AC108749.1	AC108749.1
AC108752.1	AC108752.1
AC108860.2	AC108860.2
AC108861.1	AC108861.1
AC108863.1	AC108863.1
AC108863.2	AC108863.2
AC108866.1	AC108866.1
AC108868.1	AC108868.1
AC108879.1	AC108879.1
AC108925.1	AC108925.1
AC108935.1	AC108935.1
AC108941.2	AC108941.2
AC109129.1	AC109129.1
AC109131.1	AC109131.1
AC109322.1	AC109322.1
AC109322.2	AC109322.2
AC109347.1	AC109347.1
AC109347.2	AC109347.2
AC109349.1	AC109349.1
AC109361.1	AC109361.1
AC109361.2	AC109361.2
AC109439.2	AC109439.2
AC109441.1	AC109441.1
AC109446.3	AC109446.3
AC109449.1	AC109449.1
AC109454.2	AC109454.2
AC109454.3	AC109454.3
AC109458.2	AC109458.2
AC109460.1	AC109460.1
AC109460.2	AC109460.2
AC109460.4	AC109460.4
AC109462.1	AC109462.1
AC109466.1	AC109466.1
AC109471.1	AC109471.1
AC109472.1	AC109472.1
AC109492.1	AC109492.1
AC109587.1	AC109587.1
AC109588.1	AC109588.1
AC109597.1	AC109597.1
AC109597.2	AC109597.2
AC109630.1	AC109630.1
AC109635.2	AC109635.2
AC109635.6	AC109635.6
AC109635.7	AC109635.7
AC109642.1	AC109642.1
AC109779.1	AC109779.1
AC109782.1	AC109782.1
AC109809.1	AC109809.1
AC109811.1	AC109811.1
AC109826.1	AC109826.1
AC109830.1	AC109830.1
AC109925.2	AC109925.2
AC109927.1	AC109927.1
AC109927.2	AC109927.2
AC109992.2	AC109992.2
AC110011.1	AC110011.1
AC110014.1	AC110014.1
AC110015.1	AC110015.1
AC110023.1	AC110023.1
AC110048.2	AC110048.2
AC110058.1	AC110058.1
AC110079.2	AC110079.2
AC110275.1	AC110275.1
AC110285.1	AC110285.1
AC110285.2	AC110285.2
AC110285.3	AC110285.3
AC110285.4	AC110285.4
AC110285.5	AC110285.5
AC110285.6	AC110285.6
AC110296.1	AC110296.1
AC110491.1	AC110491.1
AC110491.2	AC110491.2
AC110491.3	AC110491.3
AC110597.1	AC110597.1
AC110597.3	AC110597.3
AC110603.1	AC110603.1
AC110609.1	AC110609.1
AC110611.1	AC110611.1
AC110611.2	AC110611.2
AC110614.1	AC110614.1
AC110615.1	AC110615.1
AC110619.1	AC110619.1
AC110620.2	AC110620.2
AC110716.2	AC110716.2
AC110741.1	AC110741.1
AC110751.1	AC110751.1
AC110760.1	AC110760.1
AC110760.2	AC110760.2
AC110767.1	AC110767.1
AC110769.1	AC110769.1
AC110769.2	AC110769.2
AC110772.1	AC110772.1
AC110772.2	AC110772.2
AC110792.2	AC110792.2
AC110792.3	AC110792.3
AC110792.4	AC110792.4
AC110795.1	AC110795.1
AC110799.1	AC110799.1
AC110800.1	AC110800.1
AC110809.1	AC110809.1
AC110813.1	AC110813.1
AC110921.1	AC110921.1
AC110926.2	AC110926.2
AC110992.1	AC110992.1
AC110995.1	AC110995.1
AC111000.4	AC111000.4
AC111006.1	AC111006.1
AC111149.1	AC111149.1
AC111152.2	AC111152.2
AC111170.1	AC111170.1
AC111170.2	AC111170.2
AC111182.1	AC111182.1
AC111182.2	AC111182.2
AC111188.1	AC111188.1
AC111194.1	AC111194.1
AC111194.2	AC111194.2
AC111198.1	AC111198.1
AC112178.1	AC112178.1
AC112187.3	AC112187.3
AC112192.1	AC112192.1
AC112196.1	AC112196.1
AC112206.2	AC112206.2
AC112211.1	AC112211.1
AC112219.1	AC112219.1
AC112219.2	AC112219.2
AC112220.2	AC112220.2
AC112220.3	AC112220.3
AC112220.4	AC112220.4
AC112229.2	AC112229.2
AC112229.3	AC112229.3
AC112236.1	AC112236.1
AC112236.2	AC112236.2
AC112236.3	AC112236.3
AC112250.2	AC112250.2
AC112253.1	AC112253.1
AC112254.1	AC112254.1
AC112481.1	AC112481.1
AC112481.2	AC112481.2
AC112482.2	AC112482.2
AC112484.1	AC112484.1
AC112484.3	AC112484.3
AC112484.5	AC112484.5
AC112487.1	AC112487.1
AC112493.1	AC112493.1
AC112495.1	AC112495.1
AC112496.1	AC112496.1
AC112503.1	AC112503.1
AC112503.2	AC112503.2
AC112504.3	AC112504.3
AC112512.1	AC112512.1
AC112518.1	AC112518.1
AC112693.1	AC112693.1
AC112695.1	AC112695.1
AC112719.2	AC112719.2
AC112721.1	AC112721.1
AC112721.2	AC112721.2
AC112722.1	AC112722.1
AC112770.1	AC112770.1
AC112907.1	AC112907.1
AC112907.3	AC112907.3
AC113133.1	AC113133.1
AC113137.1	AC113137.1
AC113139.1	AC113139.1
AC113143.1	AC113143.1
AC113143.3	AC113143.3
AC113145.1	AC113145.1
AC113167.1	AC113167.1
AC113189.3	AC113189.3
AC113192.2	AC113192.2
AC113192.3	AC113192.3
AC113192.5	AC113192.5
AC113194.1	AC113194.1
AC113208.5	AC113208.5
AC113331.1	AC113331.1
AC113346.2	AC113346.2
AC113347.4	AC113347.4
AC113348.1	AC113348.1
AC113348.3	AC113348.3
AC113349.1	AC113349.1
AC113349.2	AC113349.2
AC113355.1	AC113355.1
AC113361.1	AC113361.1
AC113370.1	AC113370.1
AC113378.1	AC113378.1
AC113382.1	AC113382.1
AC113382.2	AC113382.2
AC113383.1	AC113383.1
AC113385.1	AC113385.1
AC113386.1	AC113386.1
AC113391.1	AC113391.1
AC113391.2	AC113391.2
AC113398.2	AC113398.2
AC113404.1	AC113404.1
AC113410.2	AC113410.2
AC113410.4	AC113410.4
AC113410.5	AC113410.5
AC113414.1	AC113414.1
AC113418.1	AC113418.1
AC113423.2	AC113423.2
AC113554.1	AC113554.1
AC113607.1	AC113607.1
AC113608.2	AC113608.2
AC113615.1	AC113615.1
AC113615.2	AC113615.2
AC113618.2	AC113618.2
AC114271.1	AC114271.1
AC114277.1	AC114277.1
AC114284.1	AC114284.1
AC114296.1	AC114296.1
AC114311.1	AC114311.1
AC114316.1	AC114316.1
AC114316.2	AC114316.2
AC114321.1	AC114321.1
AC114341.1	AC114341.1
AC114341.2	AC114341.2
AC114400.1	AC114400.1
AC114401.1	AC114401.1
AC114485.1	AC114485.1
AC114488.1	AC114488.1
AC114488.2	AC114488.2
AC114488.3	AC114488.3
AC114489.1	AC114489.1
AC114490.2	AC114490.2
AC114490.3	AC114490.3
AC114498.1	AC114498.1
AC114546.1	AC114546.1
AC114546.2	AC114546.2
AC114550.1	AC114550.1
AC114550.2	AC114550.2
AC114550.3	AC114550.3
AC114684.1	AC114684.1
AC114689.3	AC114689.3
AC114730.2	AC114730.2
AC114730.3	AC114730.3
AC114737.1	AC114737.1
AC114741.1	AC114741.1
AC114752.1	AC114752.1
AC114752.2	AC114752.2
AC114757.1	AC114757.1
AC114760.2	AC114760.2
AC114763.1	AC114763.1
AC114763.2	AC114763.2
AC114776.1	AC114776.1
AC114781.2	AC114781.2
AC114798.1	AC114798.1
AC114802.1	AC114802.1
AC114803.1	AC114803.1
AC114808.1	AC114808.1
AC114810.1	AC114810.1
AC114811.2	AC114811.2
AC114812.2	AC114812.2
AC114814.1	AC114814.1
AC114877.1	AC114877.1
AC114912.1	AC114912.1
AC114928.1	AC114928.1
AC114930.1	AC114930.1
AC114939.1	AC114939.1
AC114947.2	AC114947.2
AC114954.1	AC114954.1
AC114956.1	AC114956.1
AC114956.2	AC114956.2
AC114956.3	AC114956.3
AC114964.2	AC114964.2
AC114971.1	AC114971.1
AC114977.1	AC114977.1
AC114977.2	AC114977.2
AC114980.1	AC114980.1
AC115100.1	AC115100.1
AC115102.1	AC115102.1
AC115220.1	AC115220.1
AC115282.1	AC115282.1
AC115282.2	AC115282.2
AC115284.3	AC115284.3
AC115284.4	AC115284.4
AC115485.1	AC115485.1
AC115522.1	AC115522.1
AC115618.1	AC115618.1
AC115618.2	AC115618.2
AC115619.1	AC115619.1
AC115622.1	AC115622.1
AC115676.1	AC115676.1
AC115837.2	AC115837.2
AC115989.1	AC115989.1
AC115989.2	AC115989.2
AC116003.1	AC116003.1
AC116003.2	AC116003.2
AC116003.3	AC116003.3
AC116021.1	AC116021.1
AC116025.1	AC116025.1
AC116035.1	AC116035.1
AC116036.2	AC116036.2
AC116049.2	AC116049.2
AC116096.1	AC116096.1
AC116099.1	AC116099.1
AC116158.1	AC116158.1
AC116158.2	AC116158.2
AC116158.3	AC116158.3
AC116312.1	AC116312.1
AC116317.1	AC116317.1
AC116337.3	AC116337.3
AC116337.4	AC116337.4
AC116345.1	AC116345.1
AC116345.3	AC116345.3
AC116345.4	AC116345.4
AC116348.3	AC116348.3
AC116351.1	AC116351.1
AC116351.2	AC116351.2
AC116361.1	AC116361.1
AC116362.1	AC116362.1
AC116366.1	AC116366.1
AC116366.2	AC116366.2
AC116366.3	AC116366.3
AC116407.1	AC116407.1
AC116407.2	AC116407.2
AC116424.1	AC116424.1
AC116428.1	AC116428.1
AC116447.1	AC116447.1
AC116456.1	AC116456.1
AC116534.1	AC116534.1
AC116535.1	AC116535.1
AC116552.1	AC116552.1
AC116563.1	AC116563.1
AC116565.1	AC116565.1
AC116565.2	AC116565.2
AC116609.1	AC116609.1
AC116609.2	AC116609.2
AC116609.3	AC116609.3
AC116611.1	AC116611.1
AC116614.1	AC116614.1
AC116616.1	AC116616.1
AC116634.1	AC116634.1
AC116651.1	AC116651.1
AC116666.1	AC116666.1
AC116667.1	AC116667.1
AC116667.2	AC116667.2
AC116903.2	AC116903.2
AC116913.1	AC116913.1
AC116914.1	AC116914.1
AC116914.2	AC116914.2
AC117373.1	AC117373.1
AC117373.2	AC117373.2
AC117377.1	AC117377.1
AC117382.2	AC117382.2
AC117383.1	AC117383.1
AC117386.1	AC117386.1
AC117386.2	AC117386.2
AC117394.2	AC117394.2
AC117395.1	AC117395.1
AC117402.1	AC117402.1
AC117435.1	AC117435.1
AC117453.1	AC117453.1
AC117460.1	AC117460.1
AC117461.1	AC117461.1
AC117464.1	AC117464.1
AC117465.1	AC117465.1
AC117473.1	AC117473.1
AC117480.1	AC117480.1
AC117481.1	AC117481.1
AC117490.2	AC117490.2
AC117498.1	AC117498.1
AC117498.2	AC117498.2
AC117500.1	AC117500.1
AC117500.2	AC117500.2
AC117500.3	AC117500.3
AC117503.1	AC117503.1
AC117503.5	AC117503.5
AC117505.1	AC117505.1
AC117509.1	AC117509.1
AC117513.1	AC117513.1
AC117528.1	AC117528.1
AC117569.1	AC117569.1
AC117569.2	AC117569.2
AC117834.1	AC117834.1
AC117834.2	AC117834.2
AC117944.1	AC117944.1
AC117945.1	AC117945.1
AC118344.1	AC118344.1
AC118469.2	AC118469.2
AC118470.1	AC118470.1
AC118549.1	AC118549.1
AC118553.1	AC118553.1
AC118553.2	AC118553.2
AC118555.1	AC118555.1
AC118653.1	AC118653.1
AC118658.1	AC118658.1
AC118754.1	AC118754.1
AC118754.2	AC118754.2
AC118755.1	AC118755.1
AC118755.2	AC118755.2
AC118757.1	AC118757.1
AC118758.3	AC118758.3
AC119150.1	AC119150.1
AC119396.1	AC119396.1
AC119396.2	AC119396.2
AC119403.1	AC119403.1
AC119424.1	AC119424.1
AC119428.2	AC119428.2
AC119673.1	AC119673.1
AC119673.2	AC119673.2
AC119674.1	AC119674.1
AC119674.2	AC119674.2
AC119677.1	AC119677.1
AC119800.1	AC119800.1
AC119868.2	AC119868.2
AC120024.1	AC120024.1
AC120036.4	AC120036.4
AC120036.5	AC120036.5
AC120042.1	AC120042.1
AC120042.2	AC120042.2
AC120045.1	AC120045.1
AC120049.1	AC120049.1
AC120053.1	AC120053.1
AC120057.2	AC120057.2
AC120114.1	AC120114.1
AC120114.2	AC120114.2
AC120114.3	AC120114.3
AC120114.5	AC120114.5
AC120193.1	AC120193.1
AC120194.1	AC120194.1
AC120349.1	AC120349.1
AC120498.10	AC120498.10
AC120498.4	AC120498.4
AC120498.8	AC120498.8
AC120498.9	AC120498.9
AC121154.1	AC121154.1
AC121161.2	AC121161.2
AC121247.1	AC121247.1
AC121320.1	AC121320.1
AC121333.1	AC121333.1
AC121334.3	AC121334.3
AC121338.1	AC121338.1
AC121342.1	AC121342.1
AC121493.1	AC121493.1
AC121757.1	AC121757.1
AC121757.2	AC121757.2
AC121761.1	AC121761.1
AC121761.2	AC121761.2
AC121764.1	AC121764.1
AC121764.2	AC121764.2
AC122108.2	AC122108.2
AC122129.1	AC122129.1
AC122129.2	AC122129.2
AC122138.1	AC122138.1
AC122685.1	AC122685.1
AC122688.2	AC122688.2
AC122694.1	AC122694.1
AC122697.1	AC122697.1
AC122707.1	AC122707.1
AC122710.1	AC122710.1
AC122710.2	AC122710.2
AC122710.3	AC122710.3
AC122719.1	AC122719.1
AC122719.2	AC122719.2
AC122719.3	AC122719.3
AC123023.1	AC123023.1
AC123023.2	AC123023.2
AC123512.1	AC123512.1
AC123567.2	AC123567.2
AC123595.1	AC123595.1
AC123595.2	AC123595.2
AC123768.1	AC123768.1
AC123768.2	AC123768.2
AC123768.3	AC123768.3
AC123768.4	AC123768.4
AC123768.5	AC123768.5
AC123777.1	AC123777.1
AC123784.1	AC123784.1
AC123786.1	AC123786.1
AC123905.1	AC123905.1
AC123912.1	AC123912.1
AC123912.2	AC123912.2
AC123912.4	AC123912.4
AC124014.1	AC124014.1
AC124016.1	AC124016.1
AC124016.2	AC124016.2
AC124017.1	AC124017.1
AC124045.1	AC124045.1
AC124057.1	AC124057.1
AC124066.1	AC124066.1
AC124067.2	AC124067.2
AC124067.3	AC124067.3
AC124067.4	AC124067.4
AC124068.2	AC124068.2
AC124069.1	AC124069.1
AC124242.1	AC124242.1
AC124242.3	AC124242.3
AC124248.1	AC124248.1
AC124248.2	AC124248.2
AC124254.1	AC124254.1
AC124254.2	AC124254.2
AC124276.1	AC124276.1
AC124276.2	AC124276.2
AC124283.1	AC124283.1
AC124283.2	AC124283.2
AC124283.3	AC124283.3
AC124290.1	AC124290.1
AC124290.2	AC124290.2
AC124312.1	AC124312.1
AC124312.2	AC124312.2
AC124312.3	AC124312.3
AC124312.5	AC124312.5
AC124319.1	AC124319.1
AC124319.2	AC124319.2
AC124319.3	AC124319.3
AC124657.1	AC124657.1
AC124784.1	AC124784.1
AC124798.1	AC124798.1
AC124798.2	AC124798.2
AC124798.3	AC124798.3
AC124804.1	AC124804.1
AC124852.1	AC124852.1
AC124854.1	AC124854.1
AC124861.1	AC124861.1
AC124864.3	AC124864.3
AC124893.1	AC124893.1
AC124944.1	AC124944.1
AC124944.3	AC124944.3
AC124947.1	AC124947.1
AC125257.2	AC125257.2
AC125421.1	AC125421.1
AC125421.2	AC125421.2
AC125437.1	AC125437.1
AC125437.3	AC125437.3
AC125494.1	AC125494.1
AC125494.2	AC125494.2
AC125494.3	AC125494.3
AC125603.1	AC125603.1
AC125603.2	AC125603.2
AC125603.3	AC125603.3
AC125603.4	AC125603.4
AC125611.3	AC125611.3
AC125611.4	AC125611.4
AC125613.1	AC125613.1
AC125616.1	AC125616.1
AC125618.1	AC125618.1
AC125793.1	AC125793.1
AC125807.2	AC125807.2
AC126118.1	AC126118.1
AC126121.2	AC126121.2
AC126121.3	AC126121.3
AC126175.1	AC126175.1
AC126177.2	AC126177.2
AC126177.3	AC126177.3
AC126177.4	AC126177.4
AC126177.8	AC126177.8
AC126178.1	AC126178.1
AC126182.3	AC126182.3
AC126283.1	AC126283.1
AC126283.2	AC126283.2
AC126323.2	AC126323.2
AC126335.1	AC126335.1
AC126365.1	AC126365.1
AC126407.1	AC126407.1
AC126468.1	AC126468.1
AC126544.2	AC126544.2
AC126614.1	AC126614.1
AC126696.1	AC126696.1
AC126696.2	AC126696.2
AC126696.3	AC126696.3
AC126755.2	AC126755.2
AC126763.1	AC126763.1
AC126768.1	AC126768.1
AC126768.2	AC126768.2
AC126768.3	AC126768.3
AC126773.1	AC126773.1
AC126773.2	AC126773.2
AC126773.3	AC126773.3
AC126773.4	AC126773.4
AC126773.6	AC126773.6
AC127002.1	AC127002.1
AC127002.2	AC127002.2
AC127024.2	AC127024.2
AC127024.3	AC127024.3
AC127024.4	AC127024.4
AC127024.5	AC127024.5
AC127024.6	AC127024.6
AC127029.2	AC127029.2
AC127035.1	AC127035.1
AC127070.1	AC127070.1
AC127070.2	AC127070.2
AC127164.1	AC127164.1
AC127459.2	AC127459.2
AC127496.1	AC127496.1
AC127496.2	AC127496.2
AC127496.3	AC127496.3
AC127496.5	AC127496.5
AC127496.6	AC127496.6
AC127502.2	AC127502.2
AC127520.1	AC127520.1
AC127521.1	AC127521.1
AC127522.1	AC127522.1
AC127526.1	AC127526.1
AC127526.2	AC127526.2
AC127526.4	AC127526.4
AC127526.5	AC127526.5
AC127537.1	AC127537.1
AC127540.1	AC127540.1
AC127540.2	AC127540.2
AC127894.1	AC127894.1
AC128685.1	AC128685.1
AC128687.2	AC128687.2
AC128687.3	AC128687.3
AC128688.2	AC128688.2
AC128707.1	AC128707.1
AC128709.2	AC128709.2
AC128709.3	AC128709.3
AC129102.1	AC129102.1
AC129492.1	AC129492.1
AC129492.3	AC129492.3
AC129492.4	AC129492.4
AC129507.1	AC129507.1
AC129507.2	AC129507.2
AC129510.1	AC129510.1
AC129510.2	AC129510.2
AC129803.1	AC129803.1
AC129807.1	AC129807.1
AC129915.3	AC129915.3
AC129926.1	AC129926.1
AC129926.2	AC129926.2
AC130307.1	AC130307.1
AC130324.1	AC130324.1
AC130324.2	AC130324.2
AC130324.3	AC130324.3
AC130343.1	AC130343.1
AC130343.2	AC130343.2
AC130352.1	AC130352.1
AC130371.1	AC130371.1
AC130371.2	AC130371.2
AC130404.1	AC130404.1
AC130404.2	AC130404.2
AC130415.1	AC130415.1
AC130456.1	AC130456.1
AC130456.2	AC130456.2
AC130456.3	AC130456.3
AC130456.5	AC130456.5
AC130466.1	AC130466.1
AC130467.1	AC130467.1
AC130469.1	AC130469.1
AC130650.1	AC130650.1
AC130650.2	AC130650.2
AC130651.1	AC130651.1
AC130710.1	AC130710.1
AC130814.1	AC130814.1
AC130888.1	AC130888.1
AC130895.1	AC130895.1
AC131009.1	AC131009.1
AC131009.2	AC131009.2
AC131009.3	AC131009.3
AC131011.1	AC131011.1
AC131025.1	AC131025.1
AC131025.2	AC131025.2
AC131025.3	AC131025.3
AC131094.1	AC131094.1
AC131097.1	AC131097.1
AC131097.2	AC131097.2
AC131097.3	AC131097.3
AC131157.1	AC131157.1
AC131159.1	AC131159.1
AC131159.2	AC131159.2
AC131160.1	AC131160.1
AC131182.1	AC131182.1
AC131210.1	AC131210.1
AC131211.1	AC131211.1
AC131212.1	AC131212.1
AC131235.2	AC131235.2
AC131235.3	AC131235.3
AC131235.4	AC131235.4
AC131237.1	AC131237.1
AC131238.1	AC131238.1
AC131254.1	AC131254.1
AC131254.3	AC131254.3
AC131274.1	AC131274.1
AC131391.1	AC131391.1
AC131532.1	AC131532.1
AC131568.1	AC131568.1
AC131571.1	AC131571.1
AC131649.1	AC131649.1
AC131902.1	AC131902.1
AC131902.2	AC131902.2
AC131934.1	AC131934.1
AC131944.1	AC131944.1
AC131953.1	AC131953.1
AC131953.2	AC131953.2
AC131956.2	AC131956.2
AC131971.1	AC131971.1
AC132153.1	AC132153.1
AC132192.1	AC132192.1
AC132192.2	AC132192.2
AC132217.1	AC132217.1
AC132217.2	AC132217.2
AC132219.1	AC132219.1
AC132660.2	AC132660.2
AC132803.1	AC132803.1
AC132807.1	AC132807.1
AC132807.2	AC132807.2
AC132825.3	AC132825.3
AC132872.1	AC132872.1
AC132872.2	AC132872.2
AC132872.3	AC132872.3
AC132872.5	AC132872.5
AC132938.1	AC132938.1
AC132938.2	AC132938.2
AC132938.3	AC132938.3
AC132938.6	AC132938.6
AC133040.1	AC133040.1
AC133065.1	AC133065.1
AC133106.1	AC133106.1
AC133485.3	AC133485.3
AC133485.5	AC133485.5
AC133485.7	AC133485.7
AC133528.1	AC133528.1
AC133530.1	AC133530.1
AC133540.1	AC133540.1
AC133550.1	AC133550.1
AC133550.2	AC133550.2
AC133550.3	AC133550.3
AC133552.5	AC133552.5
AC133565.1	AC133565.1
AC133634.1	AC133634.1
AC133637.2	AC133637.2
AC133644.2	AC133644.2
AC133785.1	AC133785.1
AC133794.1	AC133794.1
AC133919.1	AC133919.1
AC133919.2	AC133919.2
AC133961.1	AC133961.1
AC134043.1	AC134043.1
AC134043.2	AC134043.2
AC134312.1	AC134312.1
AC134312.2	AC134312.2
AC134312.3	AC134312.3
AC134312.4	AC134312.4
AC134312.5	AC134312.5
AC134312.6	AC134312.6
AC134349.1	AC134349.1
AC134407.1	AC134407.1
AC134508.1	AC134508.1
AC134508.2	AC134508.2
AC134669.1	AC134669.1
AC134682.1	AC134682.1
AC134772.1	AC134772.1
AC134775.1	AC134775.1
AC134980.2	AC134980.2
AC134980.3	AC134980.3
AC135012.1	AC135012.1
AC135048.2	AC135048.2
AC135048.3	AC135048.3
AC135050.1	AC135050.1
AC135050.2	AC135050.2
AC135050.3	AC135050.3
AC135050.4	AC135050.4
AC135050.5	AC135050.5
AC135050.6	AC135050.6
AC135068.1	AC135068.1
AC135166.1	AC135166.1
AC135178.2	AC135178.2
AC135178.3	AC135178.3
AC135178.4	AC135178.4
AC135178.5	AC135178.5
AC135178.6	AC135178.6
AC135279.3	AC135279.3
AC135279.4	AC135279.4
AC135371.1	AC135371.1
AC135388.1	AC135388.1
AC135457.1	AC135457.1
AC135507.1	AC135507.1
AC135586.2	AC135586.2
AC135782.1	AC135782.1
AC135782.2	AC135782.2
AC135782.3	AC135782.3
AC135803.1	AC135803.1
AC135893.1	AC135893.1
AC135895.1	AC135895.1
AC136188.1	AC136188.1
AC136285.1	AC136285.1
AC136285.3	AC136285.3
AC136297.1	AC136297.1
AC136352.3	AC136352.3
AC136424.2	AC136424.2
AC136431.1	AC136431.1
AC136431.2	AC136431.2
AC136443.3	AC136443.3
AC136443.4	AC136443.4
AC136469.1	AC136469.1
AC136475.1	AC136475.1
AC136475.2	AC136475.2
AC136475.3	AC136475.3
AC136475.4	AC136475.4
AC136475.5	AC136475.5
AC136475.8	AC136475.8
AC136475.9	AC136475.9
AC136489.1	AC136489.1
AC136604.2	AC136604.2
AC136604.3	AC136604.3
AC136616.1	AC136616.1
AC136616.2	AC136616.2
AC136616.3	AC136616.3
AC136618.1	AC136618.1
AC136624.1	AC136624.1
AC136624.2	AC136624.2
AC136628.4	AC136628.4
AC136777.1	AC136777.1
AC136944.1	AC136944.1
AC136944.2	AC136944.2
AC137056.1	AC137056.1
AC137494.1	AC137494.1
AC137561.1	AC137561.1
AC137579.1	AC137579.1
AC137579.2	AC137579.2
AC137590.1	AC137590.1
AC137630.1	AC137630.1
AC137630.2	AC137630.2
AC137630.3	AC137630.3
AC137630.4	AC137630.4
AC137695.3	AC137695.3
AC137723.1	AC137723.1
AC137735.1	AC137735.1
AC137735.2	AC137735.2
AC137735.3	AC137735.3
AC137761.1	AC137761.1
AC137767.1	AC137767.1
AC137770.1	AC137770.1
AC137810.1	AC137810.1
AC137834.1	AC137834.1
AC137834.2	AC137834.2
AC137894.1	AC137894.1
AC137894.3	AC137894.3
AC137932.1	AC137932.1
AC137932.2	AC137932.2
AC137932.3	AC137932.3
AC137936.1	AC137936.1
AC138024.1	AC138024.1
AC138028.1	AC138028.1
AC138028.2	AC138028.2
AC138028.3	AC138028.3
AC138028.4	AC138028.4
AC138028.5	AC138028.5
AC138028.6	AC138028.6
AC138035.1	AC138035.1
AC138035.2	AC138035.2
AC138057.1	AC138057.1
AC138089.1	AC138089.1
AC138123.1	AC138123.1
AC138123.2	AC138123.2
AC138150.1	AC138150.1
AC138150.2	AC138150.2
AC138207.1	AC138207.1
AC138207.2	AC138207.2
AC138207.4	AC138207.4
AC138207.5	AC138207.5
AC138207.7	AC138207.7
AC138207.9	AC138207.9
AC138230.1	AC138230.1
AC138304.1	AC138304.1
AC138305.1	AC138305.1
AC138331.1	AC138331.1
AC138356.1	AC138356.1
AC138356.3	AC138356.3
AC138360.1	AC138360.1
AC138393.3	AC138393.3
AC138409.3	AC138409.3
AC138466.1	AC138466.1
AC138466.3	AC138466.3
AC138470.2	AC138470.2
AC138474.1	AC138474.1
AC138512.1	AC138512.1
AC138625.1	AC138625.1
AC138625.2	AC138625.2
AC138627.1	AC138627.1
AC138646.1	AC138646.1
AC138647.1	AC138647.1
AC138649.1	AC138649.1
AC138655.1	AC138655.1
AC138696.1	AC138696.1
AC138696.2	AC138696.2
AC138761.1	AC138761.1
AC138761.3	AC138761.3
AC138781.1	AC138781.1
AC138811.1	AC138811.1
AC138811.2	AC138811.2
AC138819.1	AC138819.1
AC138894.1	AC138894.1
AC138894.2	AC138894.2
AC138904.1	AC138904.1
AC138904.3	AC138904.3
AC138907.7	AC138907.7
AC138915.3	AC138915.3
AC138932.2	AC138932.2
AC138932.5	AC138932.5
AC138956.1	AC138956.1
AC138956.2	AC138956.2
AC138965.1	AC138965.1
AC138965.2	AC138965.2
AC138969.1	AC138969.1
AC139019.1	AC139019.1
AC139099.1	AC139099.1
AC139099.2	AC139099.2
AC139099.3	AC139099.3
AC139100.1	AC139100.1
AC139100.2	AC139100.2
AC139149.1	AC139149.1
AC139426.2	AC139426.2
AC139491.1	AC139491.1
AC139491.3	AC139491.3
AC139491.4	AC139491.4
AC139491.7	AC139491.7
AC139491.8	AC139491.8
AC139493.2	AC139493.2
AC139497.1	AC139497.1
AC139530.1	AC139530.1
AC139530.2	AC139530.2
AC139530.3	AC139530.3
AC139712.3	AC139712.3
AC139718.1	AC139718.1
AC139718.2	AC139718.2
AC139720.1	AC139720.1
AC139720.2	AC139720.2
AC139722.1	AC139722.1
AC139749.1	AC139749.1
AC139768.1	AC139768.1
AC139769.2	AC139769.2
AC139792.1	AC139792.1
AC139795.2	AC139795.2
AC139795.3	AC139795.3
AC139887.1	AC139887.1
AC139887.2	AC139887.2
AC139887.3	AC139887.3
AC139887.4	AC139887.4
AC139887.5	AC139887.5
AC140118.1	AC140118.1
AC140118.2	AC140118.2
AC140121.1	AC140121.1
AC140125.1	AC140125.1
AC140125.2	AC140125.2
AC140125.3	AC140125.3
AC140168.1	AC140168.1
AC140481.1	AC140481.1
AC140481.2	AC140481.2
AC140504.1	AC140504.1
AC140725.1	AC140725.1
AC140847.2	AC140847.2
AC140912.1	AC140912.1
AC141002.1	AC141002.1
AC141257.2	AC141257.2
AC141424.1	AC141424.1
AC141586.2	AC141586.2
AC141586.3	AC141586.3
AC141928.1	AC141928.1
AC141930.1	AC141930.1
AC142116.2	AC142116.2
AC142391.1	AC142391.1
AC142472.1	AC142472.1
AC144450.1	AC144450.1
AC144521.1	AC144521.1
AC144568.2	AC144568.2
AC144652.1	AC144652.1
AC144831.1	AC144831.1
AC144833.1	AC144833.1
AC144836.1	AC144836.1
AC145098.1	AC145098.1
AC145124.1	AC145124.1
AC145141.2	AC145141.2
AC145146.1	AC145146.1
AC145207.1	AC145207.1
AC145207.2	AC145207.2
AC145207.3	AC145207.3
AC145207.4	AC145207.4
AC145207.5	AC145207.5
AC145207.6	AC145207.6
AC145207.7	AC145207.7
AC145207.8	AC145207.8
AC145212.1	AC145212.1
AC145285.2	AC145285.2
AC145285.3	AC145285.3
AC145285.6	AC145285.6
AC145343.1	AC145343.1
AC145350.2	AC145350.2
AC145350.4	AC145350.4
AC145422.1	AC145422.1
AC145423.2	AC145423.2
AC145423.3	AC145423.3
AC145543.1	AC145543.1
AC145625.2	AC145625.2
AC146507.3	AC146507.3
AC146944.4	AC146944.4
AC147067.1	AC147067.1
AC147067.2	AC147067.2
AC147651.1	AC147651.1
AC147651.2	AC147651.2
AC147651.3	AC147651.3
AC147651.4	AC147651.4
AC148477.1	AC148477.1
AC148477.2	AC148477.2
AC148477.3	AC148477.3
AC148477.4	AC148477.4
AC156455.1	AC156455.1
AC159540.1	AC159540.1
AC159540.2	AC159540.2
AC171558.1	AC171558.1
AC174065.1	AC174065.1
AC174469.1	AC174469.1
AC183088.3	AC183088.3
AC187653.1	AC187653.1
AC188616.1	AC188616.1
AC188617.1	AC188617.1
AC188617.2	AC188617.2
AC207130.1	AC207130.1
AC209154.2	AC209154.2
AC211433.1	AC211433.1
AC211433.2	AC211433.2
AC211476.2	AC211476.2
AC211476.6	AC211476.6
AC211486.2	AC211486.2
AC211486.5	AC211486.5
AC211486.7	AC211486.7
AC215217.1	AC215217.1
AC215522.2	AC215522.2
AC215522.3	AC215522.3
AC217774.2	AC217774.2
AC226101.1	AC226101.1
AC226118.1	AC226118.1
AC231533.1	AC231533.1
AC231759.2	AC231759.2
AC231981.1	AC231981.1
AC232271.1	AC232271.1
AC232271.2	AC232271.2
AC232271.3	AC232271.3
AC233263.6	AC233263.6
AC233266.2	AC233266.2
AC233280.1	AC233280.1
AC233296.1	AC233296.1
AC233309.1	AC233309.1
AC233701.1	AC233701.1
AC233702.5	AC233702.5
AC233702.7	AC233702.7
AC233723.1	AC233723.1
AC233976.1	AC233976.1
AC233976.2	AC233976.2
AC233992.3	AC233992.3
AC234031.1	AC234031.1
AC234582.1	AC234582.1
AC234582.2	AC234582.2
AC234644.2	AC234644.2
AC234772.2	AC234772.2
AC234775.3	AC234775.3
AC234775.4	AC234775.4
AC234778.2	AC234778.2
AC234781.1	AC234781.1
AC234917.1	AC234917.1
AC234917.2	AC234917.2
AC234917.3	AC234917.3
AC235097.1	AC235097.1
AC235565.2	AC235565.2
AC236972.3	AC236972.3
AC236972.4	AC236972.4
AC237221.1	AC237221.1
AC239584.1	AC239584.1
AC239585.2	AC239585.2
AC239727.1	AC239727.1
AC239798.2	AC239798.2
AC239799.1	AC239799.1
AC239799.2	AC239799.2
AC239800.2	AC239800.2
AC239800.3	AC239800.3
AC239802.1	AC239802.1
AC239802.2	AC239802.2
AC239803.1	AC239803.1
AC239803.2	AC239803.2
AC239803.3	AC239803.3
AC239804.1	AC239804.1
AC239809.3	AC239809.3
AC239859.3	AC239859.3
AC239860.4	AC239860.4
AC239868.1	AC239868.1
AC239868.2	AC239868.2
AC239868.3	AC239868.3
AC240274.1	AC240274.1
AC240565.1	AC240565.1
AC240565.2	AC240565.2
AC241644.2	AC241644.2
AC242022.1	AC242022.1
AC242022.2	AC242022.2
AC242426.2	AC242426.2
AC242842.1	AC242842.1
AC242988.1	AC242988.1
AC242988.2	AC242988.2
AC243547.2	AC243547.2
AC243547.3	AC243547.3
AC243562.3	AC243562.3
AC243571.1	AC243571.1
AC243571.2	AC243571.2
AC243585.2	AC243585.2
AC243654.1	AC243654.1
AC243654.3	AC243654.3
AC243756.1	AC243756.1
AC243772.2	AC243772.2
AC243773.2	AC243773.2
AC243829.1	AC243829.1
AC243829.2	AC243829.2
AC243829.4	AC243829.4
AC243829.5	AC243829.5
AC243830.1	AC243830.1
AC243830.2	AC243830.2
AC243830.3	AC243830.3
AC243836.1	AC243836.1
AC243960.1	AC243960.1
AC243960.3	AC243960.3
AC243964.2	AC243964.2
AC243964.3	AC243964.3
AC243965.2	AC243965.2
AC243967.1	AC243967.1
AC243967.2	AC243967.2
AC243967.3	AC243967.3
AC244021.1	AC244021.1
AC244033.2	AC244033.2
AC244034.2	AC244034.2
AC244035.1	AC244035.1
AC244035.2	AC244035.2
AC244035.4	AC244035.4
AC244090.1	AC244090.1
AC244090.3	AC244090.3
AC244093.3	AC244093.3
AC244093.4	AC244093.4
AC244093.5	AC244093.5
AC244100.3	AC244100.3
AC244102.1	AC244102.1
AC244102.3	AC244102.3
AC244102.4	AC244102.4
AC244131.2	AC244131.2
AC244153.1	AC244153.1
AC244197.2	AC244197.2
AC244197.3	AC244197.3
AC244213.1	AC244213.1
AC244250.4	AC244250.4
AC244394.2	AC244394.2
AC244453.1	AC244453.1
AC244453.2	AC244453.2
AC244453.3	AC244453.3
AC244472.1	AC244472.1
AC244502.1	AC244502.1
AC244517.1	AC244517.1
AC244517.10	AC244517.10
AC244517.11	AC244517.11
AC244517.12	AC244517.12
AC244517.2	AC244517.2
AC244517.5	AC244517.5
AC244517.6	AC244517.6
AC244517.9	AC244517.9
AC244636.3	AC244636.3
AC245008.1	AC245008.1
AC245014.1	AC245014.1
AC245014.3	AC245014.3
AC245033.1	AC245033.1
AC245033.2	AC245033.2
AC245041.1	AC245041.1
AC245041.2	AC245041.2
AC245052.4	AC245052.4
AC245052.7	AC245052.7
AC245060.2	AC245060.2
AC245060.5	AC245060.5
AC245060.6	AC245060.6
AC245100.1	AC245100.1
AC245100.6	AC245100.6
AC245100.7	AC245100.7
AC245123.1	AC245123.1
AC245128.3	AC245128.3
AC245140.1	AC245140.1
AC245140.2	AC245140.2
AC245140.3	AC245140.3
AC245164.1	AC245164.1
AC245164.2	AC245164.2
AC245187.1	AC245187.1
AC245187.2	AC245187.2
AC245297.2	AC245297.2
AC245297.3	AC245297.3
AC245407.2	AC245407.2
AC245427.1	AC245427.1
AC245427.2	AC245427.2
AC245452.1	AC245452.1
AC245519.1	AC245519.1
AC245519.2	AC245519.2
AC245595.1	AC245595.1
AC245748.1	AC245748.1
AC245884.1	AC245884.1
AC245884.10	AC245884.10
AC245884.8	AC245884.8
AC245884.9	AC245884.9
AC246680.1	AC246680.1
AC246785.3	AC246785.3
AC246793.1	AC246793.1
AC246817.1	AC246817.1
AC246817.2	AC246817.2
AC247036.1	AC247036.1
AC253536.3	AC253536.3
AC253536.6	AC253536.6
AC253572.1	AC253572.1
AC253572.2	AC253572.2
AC253576.2	AC253576.2
AC254562.2	AC254562.2
AC254562.3	AC254562.3
AC254629.1	AC254629.1
AC254633.1	AC254633.1
ACAA1	ACAA1
ACAA2	ACAA2
ACACA	ACACA
ACACB	ACACB
ACAD10	ACAD10
ACAD11	ACAD11
ACAD8	ACAD8
ACAD9	ACAD9
ACADL	ACADL
ACADM	ACADM
ACADS	ACADS
ACADSB	ACADSB
ACADVL	ACADVL
ACAN	ACAN
ACAP1	ACAP1
ACAP2	ACAP2
ACAP2-IT1	ACAP2-IT1
ACAP3	ACAP3
ACAT1	ACAT1
ACAT2	ACAT2
ACBD3	ACBD3
ACBD3-AS1	ACBD3-AS1
ACBD4	ACBD4
ACBD5	ACBD5
ACBD6	ACBD6
ACBD7	ACBD7
ACCS	ACCS
ACCSL	ACCSL
ACD	ACD
ACE	ACE
ACE2	ACE2
ACER1	ACER1
ACER2	ACER2
ACER3	ACER3
ACHE	ACHE
ACIN1	ACIN1
ACKR1	ACKR1
ACKR2	ACKR2
ACKR3	ACKR3
ACKR4	ACKR4
ACLY	ACLY
ACMSD	ACMSD
ACO1	ACO1
ACO2	ACO2
ACOD1	ACOD1
ACOT1	ACOT1
ACOT11	ACOT11
ACOT12	ACOT12
ACOT13	ACOT13
ACOT2	ACOT2
ACOT4	ACOT4
ACOT6	ACOT6
ACOT7	ACOT7
ACOT8	ACOT8
ACOT9	ACOT9
ACOX1	ACOX1
ACOX2	ACOX2
ACOX3	ACOX3
ACOXL	ACOXL
ACOXL-AS1	ACOXL-AS1
ACP1	ACP1
ACP2	ACP2
ACP4	ACP4
ACP5	ACP5
ACP6	ACP6
ACP7	ACP7
ACPP	ACPP
ACR	ACR
ACRBP	ACRBP
ACRV1	ACRV1
ACSBG1	ACSBG1
ACSBG2	ACSBG2
ACSF2	ACSF2
ACSF3	ACSF3
ACSL1	ACSL1
ACSL3	ACSL3
ACSL4	ACSL4
ACSL5	ACSL5
ACSL6	ACSL6
ACSM1	ACSM1
ACSM2A	ACSM2A
ACSM2B	ACSM2B
ACSM3	ACSM3
ACSM4	ACSM4
ACSM5	ACSM5
ACSM6	ACSM6
ACSS1	ACSS1
ACSS2	ACSS2
ACSS3	ACSS3
ACTA1	ACTA1
ACTA2	ACTA2
ACTA2-AS1	ACTA2-AS1
ACTB	ACTB
ACTC1	ACTC1
ACTG1	ACTG1
ACTG2	ACTG2
ACTL10	ACTL10
ACTL6A	ACTL6A
ACTL6B	ACTL6B
ACTL7A	ACTL7A
ACTL8	ACTL8
ACTN1	ACTN1
ACTN1-AS1	ACTN1-AS1
ACTN2	ACTN2
ACTN3	ACTN3
ACTN4	ACTN4
ACTR10	ACTR10
ACTR1A	ACTR1A
ACTR1B	ACTR1B
ACTR2	ACTR2
ACTR3	ACTR3
ACTR3B	ACTR3B
ACTR3C	ACTR3C
ACTR5	ACTR5
ACTR6	ACTR6
ACTR8	ACTR8
ACTRT1	ACTRT1
ACTRT3	ACTRT3
ACVR1	ACVR1
ACVR1B	ACVR1B
ACVR1C	ACVR1C
ACVR2A	ACVR2A
ACVR2B	ACVR2B
ACVR2B-AS1	ACVR2B-AS1
ACVRL1	ACVRL1
ACY1	ACY1
ACY3	ACY3
ACYP1	ACYP1
ACYP2	ACYP2
AD000090.1	AD000090.1
AD000671.1	AD000671.1
AD000671.2	AD000671.2
AD000671.3	AD000671.3
AD001527.1	AD001527.1
ADA	ADA
ADA2	ADA2
ADAD1	ADAD1
ADAD2	ADAD2
ADAL	ADAL
ADAM10	ADAM10
ADAM11	ADAM11
ADAM12	ADAM12
ADAM15	ADAM15
ADAM17	ADAM17
ADAM18	ADAM18
ADAM19	ADAM19
ADAM2	ADAM2
ADAM20	ADAM20
ADAM21	ADAM21
ADAM22	ADAM22
ADAM23	ADAM23
ADAM28	ADAM28
ADAM29	ADAM29
ADAM30	ADAM30
ADAM32	ADAM32
ADAM33	ADAM33
ADAM7	ADAM7
ADAM8	ADAM8
ADAM9	ADAM9
ADAMDEC1	ADAMDEC1
ADAMTS1	ADAMTS1
ADAMTS10	ADAMTS10
ADAMTS12	ADAMTS12
ADAMTS13	ADAMTS13
ADAMTS14	ADAMTS14
ADAMTS15	ADAMTS15
ADAMTS16	ADAMTS16
ADAMTS17	ADAMTS17
ADAMTS18	ADAMTS18
ADAMTS19	ADAMTS19
ADAMTS19-AS1	ADAMTS19-AS1
ADAMTS2	ADAMTS2
ADAMTS20	ADAMTS20
ADAMTS3	ADAMTS3
ADAMTS4	ADAMTS4
ADAMTS5	ADAMTS5
ADAMTS6	ADAMTS6
ADAMTS7	ADAMTS7
ADAMTS8	ADAMTS8
ADAMTS9	ADAMTS9
ADAMTS9-AS1	ADAMTS9-AS1
ADAMTS9-AS2	ADAMTS9-AS2
ADAMTSL1	ADAMTSL1
ADAMTSL2	ADAMTSL2
ADAMTSL3	ADAMTSL3
ADAMTSL4	ADAMTSL4
ADAMTSL4-AS1	ADAMTSL4-AS1
ADAMTSL5	ADAMTSL5
ADAP1	ADAP1
ADAP2	ADAP2
ADAR	ADAR
ADARB1	ADARB1
ADARB2	ADARB2
ADARB2-AS1	ADARB2-AS1
ADAT1	ADAT1
ADAT2	ADAT2
ADAT3	ADAT3
ADCK1	ADCK1
ADCK2	ADCK2
ADCK5	ADCK5
ADCY1	ADCY1
ADCY10	ADCY10
ADCY2	ADCY2
ADCY3	ADCY3
ADCY4	ADCY4
ADCY5	ADCY5
ADCY6	ADCY6
ADCY6-DT	ADCY6-DT
ADCY7	ADCY7
ADCY8	ADCY8
ADCY9	ADCY9
ADCYAP1	ADCYAP1
ADCYAP1R1	ADCYAP1R1
ADD1	ADD1
ADD2	ADD2
ADD3	ADD3
ADD3-AS1	ADD3-AS1
ADGB	ADGB
ADGRA1	ADGRA1
ADGRA1-AS1	ADGRA1-AS1
ADGRA2	ADGRA2
ADGRA3	ADGRA3
ADGRB1	ADGRB1
ADGRB2	ADGRB2
ADGRB3	ADGRB3
ADGRD1	ADGRD1
ADGRD1-AS1	ADGRD1-AS1
ADGRD2	ADGRD2
ADGRE1	ADGRE1
ADGRE2	ADGRE2
ADGRE3	ADGRE3
ADGRE5	ADGRE5
ADGRF1	ADGRF1
ADGRF2	ADGRF2
ADGRF3	ADGRF3
ADGRF4	ADGRF4
ADGRF5	ADGRF5
ADGRG1	ADGRG1
ADGRG2	ADGRG2
ADGRG3	ADGRG3
ADGRG4	ADGRG4
ADGRG5	ADGRG5
ADGRG6	ADGRG6
ADGRG7	ADGRG7
ADGRL1	ADGRL1
ADGRL2	ADGRL2
ADGRL3	ADGRL3
ADGRL3-AS1	ADGRL3-AS1
ADGRL4	ADGRL4
ADGRV1	ADGRV1
ADH1A	ADH1A
ADH1B	ADH1B
ADH4	ADH4
ADH5	ADH5
ADH6	ADH6
ADH7	ADH7
ADHFE1	ADHFE1
ADI1	ADI1
ADIG	ADIG
ADIPOQ	ADIPOQ
ADIPOR1	ADIPOR1
ADIPOR2	ADIPOR2
ADIRF	ADIRF
ADIRF-AS1	ADIRF-AS1
ADK	ADK
ADM	ADM
ADM2	ADM2
ADM5	ADM5
ADNP	ADNP
ADNP-AS1	ADNP-AS1
ADNP2	ADNP2
ADO	ADO
ADORA1	ADORA1
ADORA2A	ADORA2A
ADORA2A-AS1	ADORA2A-AS1
ADORA2B	ADORA2B
ADORA3	ADORA3
ADPGK	ADPGK
ADPGK-AS1	ADPGK-AS1
ADPRH	ADPRH
ADPRHL1	ADPRHL1
ADPRHL2	ADPRHL2
ADPRM	ADPRM
ADRA1A	ADRA1A
ADRA1B	ADRA1B
ADRA1D	ADRA1D
ADRA2A	ADRA2A
ADRA2B	ADRA2B
ADRA2C	ADRA2C
ADRB1	ADRB1
ADRB2	ADRB2
ADRB3	ADRB3
ADRM1	ADRM1
ADSL	ADSL
ADSS	ADSS
ADSSL1	ADSSL1
ADTRP	ADTRP
AEBP1	AEBP1
AEBP2	AEBP2
AEN	AEN
AES	AES
AF001548.1	AF001548.1
AF001548.2	AF001548.2
AF001550.1	AF001550.1
AF015720.1	AF015720.1
AF038458.2	AF038458.2
AF038458.3	AF038458.3
AF064858.1	AF064858.1
AF064858.2	AF064858.2
AF064858.3	AF064858.3
AF064860.1	AF064860.1
AF064860.2	AF064860.2
AF064866.1	AF064866.1
AF067845.1	AF067845.1
AF067845.2	AF067845.2
AF067845.4	AF067845.4
AF067845.5	AF067845.5
AF096876.1	AF096876.1
AF099810.1	AF099810.1
AF106564.1	AF106564.1
AF107885.2	AF107885.2
AF111167.1	AF111167.1
AF111167.2	AF111167.2
AF111169.2	AF111169.2
AF111169.3	AF111169.3
AF111169.4	AF111169.4
AF117829.1	AF117829.1
AF121898.1	AF121898.1
AF123462.1	AF123462.1
AF124730.1	AF124730.1
AF127577.1	AF127577.1
AF127577.2	AF127577.2
AF127577.3	AF127577.3
AF127577.4	AF127577.4
AF127577.5	AF127577.5
AF127936.1	AF127936.1
AF127936.2	AF127936.2
AF129075.1	AF129075.1
AF129075.2	AF129075.2
AF129075.3	AF129075.3
AF129408.1	AF129408.1
AF130359.1	AF130359.1
AF130417.1	AF130417.1
AF131215.2	AF131215.2
AF131215.3	AF131215.3
AF131215.4	AF131215.4
AF131215.5	AF131215.5
AF131215.6	AF131215.6
AF131215.7	AF131215.7
AF131216.1	AF131216.1
AF131216.3	AF131216.3
AF131216.4	AF131216.4
AF131216.5	AF131216.5
AF165147.1	AF165147.1
AF178030.1	AF178030.1
AF181450.1	AF181450.1
AF186192.1	AF186192.1
AF186192.3	AF186192.3
AF196972.1	AF196972.1
AF212831.1	AF212831.1
AF213884.3	AF213884.3
AF228727.1	AF228727.1
AF230666.1	AF230666.1
AF230666.2	AF230666.2
AF233439.1	AF233439.1
AF235103.1	AF235103.1
AF235103.3	AF235103.3
AF240627.1	AF240627.1
AF241725.1	AF241725.1
AF241726.2	AF241726.2
AF241728.1	AF241728.1
AF241728.2	AF241728.2
AF250324.1	AF250324.1
AF274573.1	AF274573.1
AF274853.1	AF274853.1
AF279873.3	AF279873.3
AF279873.4	AF279873.4
AF287957.1	AF287957.1
AF305872.2	AF305872.2
AFAP1	AFAP1
AFAP1-AS1	AFAP1-AS1
AFAP1L1	AFAP1L1
AFAP1L2	AFAP1L2
AFDN	AFDN
AFDN-DT	AFDN-DT
AFF1	AFF1
AFF2	AFF2
AFF2-IT1	AFF2-IT1
AFF3	AFF3
AFF4	AFF4
AFG1L	AFG1L
AFG3L2	AFG3L2
AFM	AFM
AFMID	AFMID
AFP	AFP
AFTPH	AFTPH
AGA	AGA
AGAP1	AGAP1
AGAP1-IT1	AGAP1-IT1
AGAP2	AGAP2
AGAP2-AS1	AGAP2-AS1
AGAP3	AGAP3
AGAP4	AGAP4
AGAP5	AGAP5
AGAP6	AGAP6
AGAP9	AGAP9
AGBL1	AGBL1
AGBL1-AS1	AGBL1-AS1
AGBL2	AGBL2
AGBL3	AGBL3
AGBL4	AGBL4
AGBL4-IT1	AGBL4-IT1
AGBL5	AGBL5
AGBL5-AS1	AGBL5-AS1
AGBL5-IT1	AGBL5-IT1
AGER	AGER
AGFG1	AGFG1
AGFG2	AGFG2
AGGF1	AGGF1
AGK	AGK
AGL	AGL
AGMAT	AGMAT
AGMO	AGMO
AGO1	AGO1
AGO2	AGO2
AGO3	AGO3
AGO4	AGO4
AGPAT1	AGPAT1
AGPAT2	AGPAT2
AGPAT3	AGPAT3
AGPAT4	AGPAT4
AGPAT5	AGPAT5
AGPS	AGPS
AGR2	AGR2
AGR3	AGR3
AGRN	AGRN
AGRP	AGRP
AGT	AGT
AGTPBP1	AGTPBP1
AGTR1	AGTR1
AGTR2	AGTR2
AGTRAP	AGTRAP
AGXT2	AGXT2
AHCTF1	AHCTF1
AHCY	AHCY
AHCYL1	AHCYL1
AHCYL2	AHCYL2
AHDC1	AHDC1
AHI1	AHI1
AHNAK	AHNAK
AHNAK2	AHNAK2
AHR	AHR
AHRR	AHRR
AHSA1	AHSA1
AHSG	AHSG
AHSP	AHSP
AICDA	AICDA
AIDA	AIDA
AIF1	AIF1
AIF1L	AIF1L
AIFM1	AIFM1
AIFM2	AIFM2
AIFM3	AIFM3
AIG1	AIG1
AIM2	AIM2
AIMP1	AIMP1
AIMP2	AIMP2
AIP	AIP
AIPL1	AIPL1
AIRE	AIRE
AIRN	AIRN
AJ003147.1	AJ003147.1
AJ003147.2	AJ003147.2
AJ006995.1	AJ006995.1
AJ009632.1	AJ009632.1
AJ009632.2	AJ009632.2
AJ011931.1	AJ011931.1
AJ011931.2	AJ011931.2
AJ011932.1	AJ011932.1
AJ239318.1	AJ239318.1
AJ239322.1	AJ239322.1
AJ239322.2	AJ239322.2
AJ239328.1	AJ239328.1
AJAP1	AJAP1
AJM1	AJM1
AJUBA	AJUBA
AK1	AK1
AK2	AK2
AK3	AK3
AK4	AK4
AK5	AK5
AK6	AK6
AK7	AK7
AK8	AK8
AK9	AK9
AKAIN1	AKAIN1
AKAP1	AKAP1
AKAP10	AKAP10
AKAP11	AKAP11
AKAP12	AKAP12
AKAP13	AKAP13
AKAP14	AKAP14
AKAP17A	AKAP17A
AKAP3	AKAP3
AKAP5	AKAP5
AKAP6	AKAP6
AKAP7	AKAP7
AKAP8	AKAP8
AKAP8L	AKAP8L
AKAP9	AKAP9
AKIP1	AKIP1
AKIRIN1	AKIRIN1
AKIRIN2	AKIRIN2
AKNA	AKNA
AKNAD1	AKNAD1
AKR1A1	AKR1A1
AKR1B1	AKR1B1
AKR1B10	AKR1B10
AKR1B15	AKR1B15
AKR1C1	AKR1C1
AKR1C2	AKR1C2
AKR1C3	AKR1C3
AKR1C4	AKR1C4
AKR1C8P	AKR1C8P
AKR1D1	AKR1D1
AKR1E2	AKR1E2
AKR7A2	AKR7A2
AKR7A3	AKR7A3
AKT1	AKT1
AKT1S1	AKT1S1
AKT2	AKT2
AKT3	AKT3
AKT3-IT1	AKT3-IT1
AKTIP	AKTIP
AL008582.1	AL008582.1
AL008628.1	AL008628.1
AL008633.1	AL008633.1
AL008635.1	AL008635.1
AL008638.1	AL008638.1
AL008638.2	AL008638.2
AL008638.3	AL008638.3
AL008638.4	AL008638.4
AL008638.5	AL008638.5
AL008638.6	AL008638.6
AL008718.2	AL008718.2
AL008718.3	AL008718.3
AL008719.1	AL008719.1
AL008721.1	AL008721.1
AL008721.2	AL008721.2
AL008723.1	AL008723.1
AL008723.2	AL008723.2
AL008723.3	AL008723.3
AL008725.1	AL008725.1
AL008726.1	AL008726.1
AL008727.1	AL008727.1
AL008729.1	AL008729.1
AL008729.2	AL008729.2
AL008730.1	AL008730.1
AL009031.1	AL009031.1
AL009050.1	AL009050.1
AL009176.1	AL009176.1
AL009177.1	AL009177.1
AL009178.2	AL009178.2
AL009178.3	AL009178.3
AL009179.1	AL009179.1
AL009179.2	AL009179.2
AL009181.1	AL009181.1
AL020993.1	AL020993.1
AL020994.1	AL020994.1
AL020994.2	AL020994.2
AL020994.3	AL020994.3
AL020995.1	AL020995.1
AL020996.1	AL020996.1
AL020996.2	AL020996.2
AL020997.2	AL020997.2
AL020997.3	AL020997.3
AL020997.4	AL020997.4
AL020997.5	AL020997.5
AL020998.1	AL020998.1
AL021026.1	AL021026.1
AL021068.1	AL021068.1
AL021154.1	AL021154.1
AL021155.5	AL021155.5
AL021308.1	AL021308.1
AL021328.1	AL021328.1
AL021368.1	AL021368.1
AL021368.2	AL021368.2
AL021368.3	AL021368.3
AL021368.5	AL021368.5
AL021391.1	AL021391.1
AL021392.1	AL021392.1
AL021393.1	AL021393.1
AL021395.1	AL021395.1
AL021396.1	AL021396.1
AL021408.1	AL021408.1
AL021453.1	AL021453.1
AL021546.1	AL021546.1
AL021578.1	AL021578.1
AL021707.1	AL021707.1
AL021707.2	AL021707.2
AL021707.3	AL021707.3
AL021707.4	AL021707.4
AL021707.5	AL021707.5
AL021707.6	AL021707.6
AL021707.7	AL021707.7
AL021707.8	AL021707.8
AL021707.9	AL021707.9
AL021807.1	AL021807.1
AL021877.2	AL021877.2
AL021878.2	AL021878.2
AL021917.1	AL021917.1
AL021918.3	AL021918.3
AL021918.4	AL021918.4
AL021918.5	AL021918.5
AL021920.3	AL021920.3
AL021937.1	AL021937.1
AL021937.3	AL021937.3
AL021937.4	AL021937.4
AL021978.1	AL021978.1
AL021997.3	AL021997.3
AL022067.1	AL022067.1
AL022068.1	AL022068.1
AL022069.1	AL022069.1
AL022069.3	AL022069.3
AL022097.1	AL022097.1
AL022098.1	AL022098.1
AL022151.1	AL022151.1
AL022157.1	AL022157.1
AL022162.1	AL022162.1
AL022170.1	AL022170.1
AL022238.2	AL022238.2
AL022238.3	AL022238.3
AL022310.1	AL022310.1
AL022311.1	AL022311.1
AL022313.2	AL022313.2
AL022313.4	AL022313.4
AL022315.1	AL022315.1
AL022316.1	AL022316.1
AL022318.1	AL022318.1
AL022318.5	AL022318.5
AL022322.1	AL022322.1
AL022322.2	AL022322.2
AL022323.1	AL022323.1
AL022323.2	AL022323.2
AL022323.3	AL022323.3
AL022323.4	AL022323.4
AL022323.5	AL022323.5
AL022324.3	AL022324.3
AL022326.1	AL022326.1
AL022328.1	AL022328.1
AL022328.2	AL022328.2
AL022328.3	AL022328.3
AL022328.4	AL022328.4
AL022329.1	AL022329.1
AL022329.2	AL022329.2
AL022332.1	AL022332.1
AL022334.2	AL022334.2
AL022337.1	AL022337.1
AL022341.1	AL022341.1
AL022341.2	AL022341.2
AL022344.1	AL022344.1
AL022344.2	AL022344.2
AL022345.4	AL022345.4
AL022396.1	AL022396.1
AL022397.1	AL022397.1
AL022476.1	AL022476.1
AL022724.1	AL022724.1
AL022724.3	AL022724.3
AL022726.1	AL022726.1
AL023284.4	AL023284.4
AL023495.1	AL023495.1
AL023553.1	AL023553.1
AL023574.1	AL023574.1
AL023581.1	AL023581.1
AL023581.2	AL023581.2
AL023583.1	AL023583.1
AL023584.1	AL023584.1
AL023584.2	AL023584.2
AL023653.1	AL023653.1
AL023754.1	AL023754.1
AL023755.1	AL023755.1
AL023775.2	AL023775.2
AL023802.1	AL023802.1
AL023803.1	AL023803.1
AL023803.2	AL023803.2
AL023803.3	AL023803.3
AL023806.1	AL023806.1
AL023806.2	AL023806.2
AL023806.4	AL023806.4
AL023877.1	AL023877.1
AL023881.1	AL023881.1
AL023882.1	AL023882.1
AL024474.2	AL024474.2
AL024495.1	AL024495.1
AL024497.1	AL024497.1
AL024497.2	AL024497.2
AL024498.1	AL024498.1
AL024498.2	AL024498.2
AL024507.2	AL024507.2
AL024508.1	AL024508.1
AL024508.2	AL024508.2
AL031005.1	AL031005.1
AL031005.2	AL031005.2
AL031008.1	AL031008.1
AL031055.1	AL031055.1
AL031056.1	AL031056.1
AL031056.2	AL031056.2
AL031058.1	AL031058.1
AL031073.2	AL031073.2
AL031118.1	AL031118.1
AL031121.2	AL031121.2
AL031121.3	AL031121.3
AL031123.1	AL031123.1
AL031123.2	AL031123.2
AL031123.5	AL031123.5
AL031186.1	AL031186.1
AL031259.1	AL031259.1
AL031275.1	AL031275.1
AL031280.1	AL031280.1
AL031281.2	AL031281.2
AL031283.1	AL031283.1
AL031283.2	AL031283.2
AL031289.1	AL031289.1
AL031289.2	AL031289.2
AL031290.1	AL031290.1
AL031291.1	AL031291.1
AL031293.1	AL031293.1
AL031316.1	AL031316.1
AL031428.1	AL031428.1
AL031429.2	AL031429.2
AL031430.1	AL031430.1
AL031432.1	AL031432.1
AL031432.3	AL031432.3
AL031432.4	AL031432.4
AL031432.5	AL031432.5
AL031587.1	AL031587.1
AL031587.2	AL031587.2
AL031587.3	AL031587.3
AL031587.4	AL031587.4
AL031590.1	AL031590.1
AL031594.1	AL031594.1
AL031595.2	AL031595.2
AL031595.3	AL031595.3
AL031598.1	AL031598.1
AL031599.1	AL031599.1
AL031600.1	AL031600.1
AL031600.2	AL031600.2
AL031600.3	AL031600.3
AL031602.2	AL031602.2
AL031651.2	AL031651.2
AL031658.1	AL031658.1
AL031658.2	AL031658.2
AL031663.2	AL031663.2
AL031663.3	AL031663.3
AL031665.2	AL031665.2
AL031666.1	AL031666.1
AL031666.2	AL031666.2
AL031666.3	AL031666.3
AL031667.3	AL031667.3
AL031668.1	AL031668.1
AL031668.2	AL031668.2
AL031670.1	AL031670.1
AL031673.1	AL031673.1
AL031674.1	AL031674.1
AL031676.1	AL031676.1
AL031687.1	AL031687.1
AL031705.1	AL031705.1
AL031709.1	AL031709.1
AL031710.1	AL031710.1
AL031710.2	AL031710.2
AL031714.1	AL031714.1
AL031716.1	AL031716.1
AL031717.1	AL031717.1
AL031722.1	AL031722.1
AL031726.1	AL031726.1
AL031727.2	AL031727.2
AL031728.1	AL031728.1
AL031731.1	AL031731.1
AL031733.2	AL031733.2
AL031767.2	AL031767.2
AL031768.1	AL031768.1
AL031768.2	AL031768.2
AL031770.1	AL031770.1
AL031772.1	AL031772.1
AL031775.1	AL031775.1
AL031775.2	AL031775.2
AL031777.3	AL031777.3
AL031778.1	AL031778.1
AL031846.2	AL031846.2
AL031847.1	AL031847.1
AL031848.2	AL031848.2
AL031963.1	AL031963.1
AL031963.2	AL031963.2
AL031963.3	AL031963.3
AL031985.3	AL031985.3
AL031985.4	AL031985.4
AL032819.1	AL032819.1
AL032819.3	AL032819.3
AL032821.1	AL032821.1
AL033379.1	AL033379.1
AL033380.1	AL033380.1
AL033381.1	AL033381.1
AL033381.2	AL033381.2
AL033381.3	AL033381.3
AL033384.1	AL033384.1
AL033384.2	AL033384.2
AL033397.2	AL033397.2
AL033504.1	AL033504.1
AL033519.4	AL033519.4
AL033519.5	AL033519.5
AL033523.1	AL033523.1
AL033527.3	AL033527.3
AL033527.4	AL033527.4
AL033527.5	AL033527.5
AL033528.2	AL033528.2
AL033529.1	AL033529.1
AL033530.1	AL033530.1
AL033539.1	AL033539.1
AL033539.2	AL033539.2
AL033543.1	AL033543.1
AL034345.2	AL034345.2
AL034346.1	AL034346.1
AL034347.1	AL034347.1
AL034348.1	AL034348.1
AL034349.1	AL034349.1
AL034351.3	AL034351.3
AL034351.4	AL034351.4
AL034374.1	AL034374.1
AL034376.2	AL034376.2
AL034380.1	AL034380.1
AL034397.2	AL034397.2
AL034397.3	AL034397.3
AL034399.2	AL034399.2
AL034405.1	AL034405.1
AL034417.2	AL034417.2
AL034417.3	AL034417.3
AL034417.4	AL034417.4
AL034422.1	AL034422.1
AL034427.1	AL034427.1
AL034428.1	AL034428.1
AL034546.1	AL034546.1
AL034548.1	AL034548.1
AL034548.2	AL034548.2
AL034549.1	AL034549.1
AL034550.1	AL034550.1
AL034550.2	AL034550.2
AL034550.3	AL034550.3
AL035045.1	AL035045.1
AL035071.1	AL035071.1
AL035071.2	AL035071.2
AL035078.1	AL035078.1
AL035078.2	AL035078.2
AL035078.4	AL035078.4
AL035106.1	AL035106.1
AL035250.1	AL035250.1
AL035251.1	AL035251.1
AL035252.2	AL035252.2
AL035252.3	AL035252.3
AL035252.5	AL035252.5
AL035401.1	AL035401.1
AL035409.1	AL035409.1
AL035411.3	AL035411.3
AL035412.1	AL035412.1
AL035413.1	AL035413.1
AL035415.1	AL035415.1
AL035416.1	AL035416.1
AL035420.1	AL035420.1
AL035420.2	AL035420.2
AL035420.3	AL035420.3
AL035425.1	AL035425.1
AL035425.2	AL035425.2
AL035425.3	AL035425.3
AL035427.1	AL035427.1
AL035427.2	AL035427.2
AL035443.1	AL035443.1
AL035446.1	AL035446.1
AL035446.2	AL035446.2
AL035448.1	AL035448.1
AL035454.1	AL035454.1
AL035458.2	AL035458.2
AL035461.2	AL035461.2
AL035467.2	AL035467.2
AL035530.2	AL035530.2
AL035541.1	AL035541.1
AL035563.1	AL035563.1
AL035587.1	AL035587.1
AL035587.2	AL035587.2
AL035587.3	AL035587.3
AL035588.1	AL035588.1
AL035603.1	AL035603.1
AL035604.1	AL035604.1
AL035634.1	AL035634.1
AL035658.1	AL035658.1
AL035661.1	AL035661.1
AL035661.2	AL035661.2
AL035665.1	AL035665.1
AL035665.2	AL035665.2
AL035670.1	AL035670.1
AL035681.1	AL035681.1
AL035691.1	AL035691.1
AL035693.1	AL035693.1
AL035696.1	AL035696.1
AL035696.3	AL035696.3
AL035696.4	AL035696.4
AL035701.1	AL035701.1
AL035706.1	AL035706.1
AL049536.1	AL049536.1
AL049539.1	AL049539.1
AL049541.2	AL049541.2
AL049543.1	AL049543.1
AL049548.1	AL049548.1
AL049552.1	AL049552.1
AL049552.2	AL049552.2
AL049557.1	AL049557.1
AL049569.1	AL049569.1
AL049594.1	AL049594.1
AL049597.2	AL049597.2
AL049612.1	AL049612.1
AL049629.1	AL049629.1
AL049629.2	AL049629.2
AL049634.2	AL049634.2
AL049637.1	AL049637.1
AL049637.2	AL049637.2
AL049646.1	AL049646.1
AL049646.2	AL049646.2
AL049647.1	AL049647.1
AL049648.1	AL049648.1
AL049649.1	AL049649.1
AL049650.1	AL049650.1
AL049651.1	AL049651.1
AL049651.2	AL049651.2
AL049697.1	AL049697.1
AL049712.1	AL049712.1
AL049747.1	AL049747.1
AL049748.1	AL049748.1
AL049749.1	AL049749.1
AL049765.1	AL049765.1
AL049775.1	AL049775.1
AL049775.2	AL049775.2
AL049775.3	AL049775.3
AL049777.1	AL049777.1
AL049779.1	AL049779.1
AL049779.4	AL049779.4
AL049780.1	AL049780.1
AL049780.2	AL049780.2
AL049794.1	AL049794.1
AL049794.2	AL049794.2
AL049795.1	AL049795.1
AL049795.2	AL049795.2
AL049796.1	AL049796.1
AL049812.2	AL049812.2
AL049812.3	AL049812.3
AL049820.1	AL049820.1
AL049825.1	AL049825.1
AL049828.1	AL049828.1
AL049828.2	AL049828.2
AL049829.2	AL049829.2
AL049830.3	AL049830.3
AL049833.2	AL049833.2
AL049835.1	AL049835.1
AL049836.1	AL049836.1
AL049836.2	AL049836.2
AL049838.1	AL049838.1
AL049839.2	AL049839.2
AL049839.3	AL049839.3
AL049840.1	AL049840.1
AL049840.2	AL049840.2
AL049840.3	AL049840.3
AL049840.4	AL049840.4
AL049840.5	AL049840.5
AL049840.6	AL049840.6
AL049844.1	AL049844.1
AL049844.3	AL049844.3
AL049869.2	AL049869.2
AL049869.3	AL049869.3
AL049870.2	AL049870.2
AL049870.3	AL049870.3
AL049871.1	AL049871.1
AL049874.3	AL049874.3
AL049875.1	AL049875.1
AL050309.1	AL050309.1
AL050320.1	AL050320.1
AL050327.1	AL050327.1
AL050331.2	AL050331.2
AL050338.1	AL050338.1
AL050338.2	AL050338.2
AL050341.2	AL050341.2
AL050343.1	AL050343.1
AL050343.2	AL050343.2
AL050343.3	AL050343.3
AL050344.1	AL050344.1
AL050349.1	AL050349.1
AL050350.1	AL050350.1
AL050402.1	AL050402.1
AL050403.1	AL050403.1
AL050403.2	AL050403.2
AL050404.1	AL050404.1
AL078459.1	AL078459.1
AL078581.1	AL078581.1
AL078581.2	AL078581.2
AL078581.3	AL078581.3
AL078581.4	AL078581.4
AL078582.1	AL078582.1
AL078582.2	AL078582.2
AL078587.1	AL078587.1
AL078587.2	AL078587.2
AL078590.1	AL078590.1
AL078590.2	AL078590.2
AL078590.3	AL078590.3
AL078599.2	AL078599.2
AL078600.1	AL078600.1
AL078601.2	AL078601.2
AL078602.1	AL078602.1
AL078604.2	AL078604.2
AL078604.4	AL078604.4
AL078605.1	AL078605.1
AL078612.1	AL078612.1
AL078612.2	AL078612.2
AL078621.4	AL078621.4
AL078622.1	AL078622.1
AL078639.1	AL078639.1
AL078644.2	AL078644.2
AL078645.1	AL078645.1
AL079301.1	AL079301.1
AL079304.1	AL079304.1
AL079307.1	AL079307.1
AL079307.2	AL079307.2
AL079338.1	AL079338.1
AL079343.1	AL079343.1
AL080250.1	AL080250.1
AL080251.1	AL080251.1
AL080273.1	AL080273.1
AL080276.2	AL080276.2
AL080284.1	AL080284.1
AL080312.2	AL080312.2
AL080313.1	AL080313.1
AL080313.2	AL080313.2
AL080316.1	AL080316.1
AL080317.1	AL080317.1
AL080317.2	AL080317.2
AL080317.3	AL080317.3
AL096677.1	AL096677.1
AL096678.1	AL096678.1
AL096701.3	AL096701.3
AL096701.4	AL096701.4
AL096706.1	AL096706.1
AL096709.1	AL096709.1
AL096711.2	AL096711.2
AL096712.2	AL096712.2
AL096772.1	AL096772.1
AL096794.1	AL096794.1
AL096799.1	AL096799.1
AL096803.2	AL096803.2
AL096803.3	AL096803.3
AL096803.4	AL096803.4
AL096814.2	AL096814.2
AL096828.1	AL096828.1
AL096828.2	AL096828.2
AL096828.3	AL096828.3
AL096828.5	AL096828.5
AL096840.2	AL096840.2
AL096854.1	AL096854.1
AL096855.1	AL096855.1
AL096865.1	AL096865.1
AL096869.1	AL096869.1
AL096869.2	AL096869.2
AL096870.6	AL096870.6
AL096870.8	AL096870.8
AL109610.1	AL109610.1
AL109613.1	AL109613.1
AL109614.1	AL109614.1
AL109615.2	AL109615.2
AL109615.3	AL109615.3
AL109615.4	AL109615.4
AL109627.1	AL109627.1
AL109628.2	AL109628.2
AL109653.3	AL109653.3
AL109659.1	AL109659.1
AL109659.2	AL109659.2
AL109741.1	AL109741.1
AL109761.1	AL109761.1
AL109767.1	AL109767.1
AL109797.1	AL109797.1
AL109806.2	AL109806.2
AL109807.1	AL109807.1
AL109809.5	AL109809.5
AL109810.2	AL109810.2
AL109811.1	AL109811.1
AL109811.2	AL109811.2
AL109811.4	AL109811.4
AL109824.1	AL109824.1
AL109827.1	AL109827.1
AL109829.1	AL109829.1
AL109837.2	AL109837.2
AL109837.3	AL109837.3
AL109838.1	AL109838.1
AL109840.2	AL109840.2
AL109910.1	AL109910.1
AL109910.2	AL109910.2
AL109917.1	AL109917.1
AL109920.1	AL109920.1
AL109923.1	AL109923.1
AL109924.2	AL109924.2
AL109924.3	AL109924.3
AL109930.1	AL109930.1
AL109933.1	AL109933.1
AL109933.5	AL109933.5
AL109935.1	AL109935.1
AL109935.2	AL109935.2
AL109936.2	AL109936.2
AL109936.6	AL109936.6
AL109945.1	AL109945.1
AL109946.1	AL109946.1
AL109947.1	AL109947.1
AL109954.1	AL109954.1
AL109955.1	AL109955.1
AL109955.2	AL109955.2
AL109976.1	AL109976.1
AL109984.1	AL109984.1
AL110114.1	AL110114.1
AL110115.1	AL110115.1
AL110115.2	AL110115.2
AL110118.2	AL110118.2
AL110292.1	AL110292.1
AL110504.1	AL110504.1
AL110505.1	AL110505.1
AL117190.1	AL117190.1
AL117190.2	AL117190.2
AL117209.1	AL117209.1
AL117327.1	AL117327.1
AL117328.2	AL117328.2
AL117329.1	AL117329.1
AL117332.1	AL117332.1
AL117335.1	AL117335.1
AL117336.1	AL117336.1
AL117336.2	AL117336.2
AL117336.3	AL117336.3
AL117337.1	AL117337.1
AL117338.1	AL117338.1
AL117339.4	AL117339.4
AL117339.5	AL117339.5
AL117341.1	AL117341.1
AL117344.2	AL117344.2
AL117348.2	AL117348.2
AL117350.1	AL117350.1
AL117353.1	AL117353.1
AL117372.1	AL117372.1
AL117378.1	AL117378.1
AL117379.1	AL117379.1
AL117381.1	AL117381.1
AL117382.1	AL117382.1
AL118505.1	AL118505.1
AL118506.1	AL118506.1
AL118508.1	AL118508.1
AL118508.2	AL118508.2
AL118511.1	AL118511.1
AL118511.2	AL118511.2
AL118511.3	AL118511.3
AL118511.4	AL118511.4
AL118516.1	AL118516.1
AL118522.1	AL118522.1
AL118523.1	AL118523.1
AL118556.1	AL118556.1
AL118558.3	AL118558.3
AL118558.4	AL118558.4
AL121574.1	AL121574.1
AL121578.2	AL121578.2
AL121578.3	AL121578.3
AL121580.1	AL121580.1
AL121581.2	AL121581.2
AL121582.1	AL121582.1
AL121583.1	AL121583.1
AL121584.1	AL121584.1
AL121594.1	AL121594.1
AL121601.1	AL121601.1
AL121603.2	AL121603.2
AL121652.1	AL121652.1
AL121655.1	AL121655.1
AL121656.1	AL121656.1
AL121658.1	AL121658.1
AL121672.1	AL121672.1
AL121672.2	AL121672.2
AL121672.3	AL121672.3
AL121718.1	AL121718.1
AL121721.1	AL121721.1
AL121748.1	AL121748.1
AL121748.2	AL121748.2
AL121749.1	AL121749.1
AL121749.2	AL121749.2
AL121750.1	AL121750.1
AL121753.1	AL121753.1
AL121757.1	AL121757.1
AL121757.2	AL121757.2
AL121757.3	AL121757.3
AL121758.1	AL121758.1
AL121759.1	AL121759.1
AL121759.2	AL121759.2
AL121760.1	AL121760.1
AL121761.1	AL121761.1
AL121761.2	AL121761.2
AL121762.2	AL121762.2
AL121768.1	AL121768.1
AL121772.1	AL121772.1
AL121772.2	AL121772.2
AL121772.3	AL121772.3
AL121781.1	AL121781.1
AL121782.1	AL121782.1
AL121787.1	AL121787.1
AL121790.1	AL121790.1
AL121790.2	AL121790.2
AL121809.1	AL121809.1
AL121809.2	AL121809.2
AL121820.1	AL121820.1
AL121820.2	AL121820.2
AL121820.3	AL121820.3
AL121821.1	AL121821.1
AL121821.2	AL121821.2
AL121827.1	AL121827.1
AL121827.2	AL121827.2
AL121829.1	AL121829.1
AL121829.2	AL121829.2
AL121830.1	AL121830.1
AL121832.1	AL121832.1
AL121832.2	AL121832.2
AL121832.3	AL121832.3
AL121839.2	AL121839.2
AL121845.1	AL121845.1
AL121845.2	AL121845.2
AL121845.3	AL121845.3
AL121845.4	AL121845.4
AL121852.1	AL121852.1
AL121872.1	AL121872.1
AL121885.1	AL121885.1
AL121885.2	AL121885.2
AL121888.1	AL121888.1
AL121888.2	AL121888.2
AL121890.2	AL121890.2
AL121890.3	AL121890.3
AL121890.4	AL121890.4
AL121890.5	AL121890.5
AL121892.1	AL121892.1
AL121894.1	AL121894.1
AL121894.2	AL121894.2
AL121894.3	AL121894.3
AL121895.1	AL121895.1
AL121895.2	AL121895.2
AL121897.1	AL121897.1
AL121899.1	AL121899.1
AL121899.3	AL121899.3
AL121899.4	AL121899.4
AL121900.1	AL121900.1
AL121900.2	AL121900.2
AL121901.1	AL121901.1
AL121904.1	AL121904.1
AL121904.2	AL121904.2
AL121906.1	AL121906.1
AL121906.2	AL121906.2
AL121908.1	AL121908.1
AL121917.1	AL121917.1
AL121917.2	AL121917.2
AL121928.1	AL121928.1
AL121929.2	AL121929.2
AL121929.3	AL121929.3
AL121932.2	AL121932.2
AL121933.2	AL121933.2
AL121935.1	AL121935.1
AL121935.2	AL121935.2
AL121936.1	AL121936.1
AL121938.1	AL121938.1
AL121944.1	AL121944.1
AL121956.1	AL121956.1
AL121956.4	AL121956.4
AL121956.6	AL121956.6
AL121957.1	AL121957.1
AL121970.1	AL121970.1
AL121972.1	AL121972.1
AL121974.1	AL121974.1
AL121977.2	AL121977.2
AL121981.1	AL121981.1
AL121983.1	AL121983.1
AL121983.2	AL121983.2
AL121985.1	AL121985.1
AL121987.1	AL121987.1
AL121987.2	AL121987.2
AL121989.1	AL121989.1
AL121990.1	AL121990.1
AL121992.1	AL121992.1
AL121992.2	AL121992.2
AL121992.3	AL121992.3
AL121999.1	AL121999.1
AL122003.2	AL122003.2
AL122008.1	AL122008.1
AL122008.3	AL122008.3
AL122008.4	AL122008.4
AL122010.1	AL122010.1
AL122014.1	AL122014.1
AL122017.1	AL122017.1
AL122019.1	AL122019.1
AL122020.2	AL122020.2
AL122023.1	AL122023.1
AL122034.1	AL122034.1
AL122035.1	AL122035.1
AL122035.2	AL122035.2
AL122058.1	AL122058.1
AL122125.1	AL122125.1
AL132633.1	AL132633.1
AL132639.2	AL132639.2
AL132639.3	AL132639.3
AL132642.1	AL132642.1
AL132655.1	AL132655.1
AL132655.2	AL132655.2
AL132656.2	AL132656.2
AL132656.3	AL132656.3
AL132657.1	AL132657.1
AL132671.1	AL132671.1
AL132671.2	AL132671.2
AL132708.1	AL132708.1
AL132709.1	AL132709.1
AL132709.7	AL132709.7
AL132709.8	AL132709.8
AL132711.1	AL132711.1
AL132712.1	AL132712.1
AL132712.2	AL132712.2
AL132718.1	AL132718.1
AL132719.1	AL132719.1
AL132765.2	AL132765.2
AL132775.1	AL132775.1
AL132775.2	AL132775.2
AL132780.1	AL132780.1
AL132780.2	AL132780.2
AL132780.3	AL132780.3
AL132796.2	AL132796.2
AL132799.1	AL132799.1
AL132800.1	AL132800.1
AL132801.1	AL132801.1
AL132819.1	AL132819.1
AL132821.1	AL132821.1
AL132822.1	AL132822.1
AL132857.1	AL132857.1
AL132875.2	AL132875.2
AL132875.3	AL132875.3
AL132981.1	AL132981.1
AL132982.1	AL132982.1
AL132986.1	AL132986.1
AL132989.1	AL132989.1
AL132989.2	AL132989.2
AL132996.1	AL132996.1
AL133153.2	AL133153.2
AL133163.2	AL133163.2
AL133163.3	AL133163.3
AL133166.1	AL133166.1
AL133167.1	AL133167.1
AL133215.1	AL133215.1
AL133215.2	AL133215.2
AL133215.3	AL133215.3
AL133216.1	AL133216.1
AL133227.1	AL133227.1
AL133230.1	AL133230.1
AL133240.1	AL133240.1
AL133240.2	AL133240.2
AL133243.1	AL133243.1
AL133243.2	AL133243.2
AL133243.3	AL133243.3
AL133244.2	AL133244.2
AL133245.1	AL133245.1
AL133247.1	AL133247.1
AL133255.1	AL133255.1
AL133257.1	AL133257.1
AL133259.1	AL133259.1
AL133260.2	AL133260.2
AL133264.2	AL133264.2
AL133268.3	AL133268.3
AL133268.4	AL133268.4
AL133279.1	AL133279.1
AL133279.2	AL133279.2
AL133284.1	AL133284.1
AL133297.1	AL133297.1
AL133297.2	AL133297.2
AL133299.1	AL133299.1
AL133304.1	AL133304.1
AL133304.2	AL133304.2
AL133304.3	AL133304.3
AL133313.1	AL133313.1
AL133320.2	AL133320.2
AL133325.2	AL133325.2
AL133325.3	AL133325.3
AL133329.1	AL133329.1
AL133330.1	AL133330.1
AL133330.2	AL133330.2
AL133331.1	AL133331.1
AL133334.1	AL133334.1
AL133335.1	AL133335.1
AL133335.2	AL133335.2
AL133338.1	AL133338.1
AL133342.1	AL133342.1
AL133343.2	AL133343.2
AL133346.1	AL133346.1
AL133351.1	AL133351.1
AL133351.2	AL133351.2
AL133352.1	AL133352.1
AL133353.1	AL133353.1
AL133355.1	AL133355.1
AL133367.1	AL133367.1
AL133368.2	AL133368.2
AL133370.1	AL133370.1
AL133371.2	AL133371.2
AL133371.3	AL133371.3
AL133372.2	AL133372.2
AL133372.3	AL133372.3
AL133375.1	AL133375.1
AL133383.1	AL133383.1
AL133387.1	AL133387.1
AL133387.2	AL133387.2
AL133390.1	AL133390.1
AL133395.1	AL133395.1
AL133396.2	AL133396.2
AL133405.1	AL133405.1
AL133405.2	AL133405.2
AL133406.2	AL133406.2
AL133406.3	AL133406.3
AL133410.1	AL133410.1
AL133410.2	AL133410.2
AL133415.1	AL133415.1
AL133417.1	AL133417.1
AL133419.1	AL133419.1
AL133444.1	AL133444.1
AL133445.2	AL133445.2
AL133445.3	AL133445.3
AL133453.1	AL133453.1
AL133456.1	AL133456.1
AL133464.1	AL133464.1
AL133465.1	AL133465.1
AL133467.1	AL133467.1
AL133467.2	AL133467.2
AL133475.1	AL133475.1
AL133476.1	AL133476.1
AL133477.2	AL133477.2
AL133480.1	AL133480.1
AL133481.1	AL133481.1
AL133481.3	AL133481.3
AL133482.1	AL133482.1
AL133485.1	AL133485.1
AL133485.2	AL133485.2
AL133485.3	AL133485.3
AL133492.1	AL133492.1
AL133493.1	AL133493.1
AL133516.1	AL133516.1
AL133520.1	AL133520.1
AL133523.1	AL133523.1
AL133538.1	AL133538.1
AL133551.1	AL133551.1
AL135744.1	AL135744.1
AL135784.1	AL135784.1
AL135785.1	AL135785.1
AL135786.2	AL135786.2
AL135787.1	AL135787.1
AL135791.1	AL135791.1
AL135818.1	AL135818.1
AL135818.2	AL135818.2
AL135818.3	AL135818.3
AL135838.1	AL135838.1
AL135841.1	AL135841.1
AL135878.1	AL135878.1
AL135902.1	AL135902.1
AL135902.2	AL135902.2
AL135905.1	AL135905.1
AL135905.2	AL135905.2
AL135908.1	AL135908.1
AL135910.1	AL135910.1
AL135923.1	AL135923.1
AL135923.2	AL135923.2
AL135924.2	AL135924.2
AL135925.1	AL135925.1
AL135926.2	AL135926.2
AL135934.1	AL135934.1
AL135936.1	AL135936.1
AL135937.1	AL135937.1
AL135960.1	AL135960.1
AL135978.2	AL135978.2
AL135999.1	AL135999.1
AL135999.2	AL135999.2
AL135999.3	AL135999.3
AL136018.1	AL136018.1
AL136038.2	AL136038.2
AL136038.3	AL136038.3
AL136038.5	AL136038.5
AL136040.1	AL136040.1
AL136040.2	AL136040.2
AL136084.2	AL136084.2
AL136084.3	AL136084.3
AL136088.1	AL136088.1
AL136090.2	AL136090.2
AL136097.2	AL136097.2
AL136114.1	AL136114.1
AL136115.1	AL136115.1
AL136115.2	AL136115.2
AL136115.3	AL136115.3
AL136119.1	AL136119.1
AL136129.1	AL136129.1
AL136131.2	AL136131.2
AL136131.3	AL136131.3
AL136140.1	AL136140.1
AL136141.1	AL136141.1
AL136146.2	AL136146.2
AL136162.1	AL136162.1
AL136164.1	AL136164.1
AL136164.2	AL136164.2
AL136169.1	AL136169.1
AL136171.2	AL136171.2
AL136172.1	AL136172.1
AL136181.1	AL136181.1
AL136221.1	AL136221.1
AL136225.1	AL136225.1
AL136234.1	AL136234.1
AL136295.1	AL136295.1
AL136295.17	AL136295.17
AL136295.2	AL136295.2
AL136295.3	AL136295.3
AL136295.4	AL136295.4
AL136295.5	AL136295.5
AL136295.6	AL136295.6
AL136295.7	AL136295.7
AL136298.1	AL136298.1
AL136301.1	AL136301.1
AL136304.1	AL136304.1
AL136305.1	AL136305.1
AL136307.1	AL136307.1
AL136309.2	AL136309.2
AL136309.3	AL136309.3
AL136309.4	AL136309.4
AL136317.2	AL136317.2
AL136320.1	AL136320.1
AL136322.1	AL136322.1
AL136359.1	AL136359.1
AL136360.2	AL136360.2
AL136361.1	AL136361.1
AL136366.1	AL136366.1
AL136368.1	AL136368.1
AL136369.1	AL136369.1
AL136369.2	AL136369.2
AL136372.2	AL136372.2
AL136373.1	AL136373.1
AL136379.1	AL136379.1
AL136382.1	AL136382.1
AL136418.1	AL136418.1
AL136419.2	AL136419.2
AL136419.3	AL136419.3
AL136439.1	AL136439.1
AL136441.1	AL136441.1
AL136442.1	AL136442.1
AL136454.1	AL136454.1
AL136456.1	AL136456.1
AL136460.1	AL136460.1
AL136501.1	AL136501.1
AL136526.1	AL136526.1
AL136528.1	AL136528.1
AL136528.2	AL136528.2
AL136529.1	AL136529.1
AL136531.1	AL136531.1
AL136531.2	AL136531.2
AL136537.1	AL136537.1
AL136961.1	AL136961.1
AL136962.1	AL136962.1
AL136964.1	AL136964.1
AL136972.1	AL136972.1
AL136979.1	AL136979.1
AL136980.1	AL136980.1
AL136981.3	AL136981.3
AL136982.2	AL136982.2
AL136982.3	AL136982.3
AL136982.7	AL136982.7
AL136984.1	AL136984.1
AL136985.1	AL136985.1
AL136985.2	AL136985.2
AL136985.3	AL136985.3
AL136987.1	AL136987.1
AL136988.1	AL136988.1
AL136988.2	AL136988.2
AL137001.2	AL137001.2
AL137002.1	AL137002.1
AL137002.2	AL137002.2
AL137003.1	AL137003.1
AL137003.2	AL137003.2
AL137005.1	AL137005.1
AL137009.1	AL137009.1
AL137017.1	AL137017.1
AL137018.1	AL137018.1
AL137024.1	AL137024.1
AL137025.1	AL137025.1
AL137026.1	AL137026.1
AL137026.3	AL137026.3
AL137027.1	AL137027.1
AL137058.1	AL137058.1
AL137060.3	AL137060.3
AL137067.1	AL137067.1
AL137067.3	AL137067.3
AL137071.1	AL137071.1
AL137077.2	AL137077.2
AL137100.3	AL137100.3
AL137127.1	AL137127.1
AL137139.2	AL137139.2
AL137140.1	AL137140.1
AL137145.1	AL137145.1
AL137145.2	AL137145.2
AL137157.1	AL137157.1
AL137182.1	AL137182.1
AL137186.1	AL137186.1
AL137186.2	AL137186.2
AL137191.1	AL137191.1
AL137220.1	AL137220.1
AL137224.1	AL137224.1
AL137230.1	AL137230.1
AL137244.1	AL137244.1
AL137246.1	AL137246.1
AL137246.2	AL137246.2
AL137779.1	AL137779.1
AL137779.2	AL137779.2
AL137781.1	AL137781.1
AL137784.2	AL137784.2
AL137785.1	AL137785.1
AL137786.1	AL137786.1
AL137786.2	AL137786.2
AL137786.3	AL137786.3
AL137789.1	AL137789.1
AL137789.2	AL137789.2
AL137793.1	AL137793.1
AL137793.2	AL137793.2
AL137796.1	AL137796.1
AL137798.1	AL137798.1
AL137798.2	AL137798.2
AL137802.1	AL137802.1
AL137802.2	AL137802.2
AL137804.1	AL137804.1
AL137847.1	AL137847.1
AL137847.2	AL137847.2
AL137856.1	AL137856.1
AL137857.1	AL137857.1
AL138478.1	AL138478.1
AL138479.2	AL138479.2
AL138686.1	AL138686.1
AL138689.1	AL138689.1
AL138689.2	AL138689.2
AL138690.1	AL138690.1
AL138694.1	AL138694.1
AL138701.2	AL138701.2
AL138708.1	AL138708.1
AL138716.1	AL138716.1
AL138720.1	AL138720.1
AL138724.1	AL138724.1
AL138731.1	AL138731.1
AL138733.1	AL138733.1
AL138737.1	AL138737.1
AL138740.1	AL138740.1
AL138752.2	AL138752.2
AL138756.1	AL138756.1
AL138759.1	AL138759.1
AL138760.1	AL138760.1
AL138762.1	AL138762.1
AL138767.1	AL138767.1
AL138767.2	AL138767.2
AL138767.3	AL138767.3
AL138773.1	AL138773.1
AL138775.1	AL138775.1
AL138778.1	AL138778.1
AL138781.1	AL138781.1
AL138781.2	AL138781.2
AL138787.2	AL138787.2
AL138789.1	AL138789.1
AL138799.2	AL138799.2
AL138799.4	AL138799.4
AL138808.1	AL138808.1
AL138812.1	AL138812.1
AL138820.1	AL138820.1
AL138824.1	AL138824.1
AL138826.1	AL138826.1
AL138828.1	AL138828.1
AL138830.1	AL138830.1
AL138830.2	AL138830.2
AL138831.1	AL138831.1
AL138831.2	AL138831.2
AL138881.1	AL138881.1
AL138885.3	AL138885.3
AL138889.1	AL138889.1
AL138889.3	AL138889.3
AL138895.1	AL138895.1
AL138899.1	AL138899.1
AL138902.1	AL138902.1
AL138916.1	AL138916.1
AL138916.2	AL138916.2
AL138921.1	AL138921.1
AL138921.2	AL138921.2
AL138927.1	AL138927.1
AL138930.1	AL138930.1
AL138955.1	AL138955.1
AL138957.1	AL138957.1
AL138960.1	AL138960.1
AL138963.1	AL138963.1
AL138963.3	AL138963.3
AL138963.4	AL138963.4
AL138966.2	AL138966.2
AL138974.1	AL138974.1
AL138976.2	AL138976.2
AL138995.1	AL138995.1
AL138997.1	AL138997.1
AL138999.1	AL138999.1
AL138999.2	AL138999.2
AL139002.1	AL139002.1
AL139008.2	AL139008.2
AL139011.1	AL139011.1
AL139011.2	AL139011.2
AL139020.1	AL139020.1
AL139021.1	AL139021.1
AL139021.2	AL139021.2
AL139022.1	AL139022.1
AL139022.2	AL139022.2
AL139023.1	AL139023.1
AL139035.1	AL139035.1
AL139035.2	AL139035.2
AL139039.3	AL139039.3
AL139041.1	AL139041.1
AL139042.1	AL139042.1
AL139081.1	AL139081.1
AL139081.2	AL139081.2
AL139082.1	AL139082.1
AL139089.1	AL139089.1
AL139090.1	AL139090.1
AL139095.4	AL139095.4
AL139099.1	AL139099.1
AL139099.2	AL139099.2
AL139106.1	AL139106.1
AL139118.1	AL139118.1
AL139120.1	AL139120.1
AL139121.1	AL139121.1
AL139123.1	AL139123.1
AL139124.1	AL139124.1
AL139125.1	AL139125.1
AL139130.1	AL139130.1
AL139142.1	AL139142.1
AL139147.1	AL139147.1
AL139158.2	AL139158.2
AL139158.3	AL139158.3
AL139161.1	AL139161.1
AL139161.2	AL139161.2
AL139193.1	AL139193.1
AL139193.2	AL139193.2
AL139220.2	AL139220.2
AL139230.1	AL139230.1
AL139231.1	AL139231.1
AL139232.1	AL139232.1
AL139234.1	AL139234.1
AL139237.2	AL139237.2
AL139240.1	AL139240.1
AL139241.1	AL139241.1
AL139243.1	AL139243.1
AL139246.1	AL139246.1
AL139246.3	AL139246.3
AL139246.5	AL139246.5
AL139254.1	AL139254.1
AL139254.2	AL139254.2
AL139254.3	AL139254.3
AL139260.1	AL139260.1
AL139260.3	AL139260.3
AL139274.2	AL139274.2
AL139275.1	AL139275.1
AL139275.2	AL139275.2
AL139280.2	AL139280.2
AL139286.2	AL139286.2
AL139286.3	AL139286.3
AL139287.1	AL139287.1
AL139288.1	AL139288.1
AL139289.1	AL139289.1
AL139289.2	AL139289.2
AL139289.3	AL139289.3
AL139294.1	AL139294.1
AL139300.2	AL139300.2
AL139316.1	AL139316.1
AL139317.1	AL139317.1
AL139317.3	AL139317.3
AL139317.5	AL139317.5
AL139327.2	AL139327.2
AL139330.1	AL139330.1
AL139339.1	AL139339.1
AL139339.2	AL139339.2
AL139340.1	AL139340.1
AL139351.1	AL139351.1
AL139351.2	AL139351.2
AL139351.3	AL139351.3
AL139352.1	AL139352.1
AL139353.1	AL139353.1
AL139353.2	AL139353.2
AL139379.1	AL139379.1
AL139381.1	AL139381.1
AL139383.1	AL139383.1
AL139384.1	AL139384.1
AL139384.2	AL139384.2
AL139385.1	AL139385.1
AL139390.1	AL139390.1
AL139393.1	AL139393.1
AL139393.2	AL139393.2
AL139393.3	AL139393.3
AL139397.1	AL139397.1
AL139398.1	AL139398.1
AL139405.1	AL139405.1
AL139407.1	AL139407.1
AL139412.1	AL139412.1
AL139423.1	AL139423.1
AL139423.2	AL139423.2
AL139424.1	AL139424.1
AL139424.2	AL139424.2
AL139424.3	AL139424.3
AL139801.1	AL139801.1
AL139807.1	AL139807.1
AL139815.1	AL139815.1
AL139819.1	AL139819.1
AL139823.1	AL139823.1
AL157359.1	AL157359.1
AL157359.2	AL157359.2
AL157369.1	AL157369.1
AL157371.2	AL157371.2
AL157373.1	AL157373.1
AL157373.2	AL157373.2
AL157378.1	AL157378.1
AL157385.2	AL157385.2
AL157388.1	AL157388.1
AL157392.1	AL157392.1
AL157392.2	AL157392.2
AL157392.3	AL157392.3
AL157392.4	AL157392.4
AL157392.5	AL157392.5
AL157394.3	AL157394.3
AL157395.1	AL157395.1
AL157396.1	AL157396.1
AL157400.1	AL157400.1
AL157400.2	AL157400.2
AL157400.3	AL157400.3
AL157400.4	AL157400.4
AL157402.2	AL157402.2
AL157413.1	AL157413.1
AL157414.1	AL157414.1
AL157414.4	AL157414.4
AL157688.1	AL157688.1
AL157700.1	AL157700.1
AL157702.2	AL157702.2
AL157703.1	AL157703.1
AL157709.1	AL157709.1
AL157714.2	AL157714.2
AL157756.1	AL157756.1
AL157762.1	AL157762.1
AL157769.1	AL157769.1
AL157778.1	AL157778.1
AL157786.1	AL157786.1
AL157813.1	AL157813.1
AL157823.2	AL157823.2
AL157827.2	AL157827.2
AL157829.1	AL157829.1
AL157831.2	AL157831.2
AL157831.3	AL157831.3
AL157832.1	AL157832.1
AL157832.2	AL157832.2
AL157832.3	AL157832.3
AL157834.1	AL157834.1
AL157834.2	AL157834.2
AL157838.1	AL157838.1
AL157871.1	AL157871.1
AL157871.2	AL157871.2
AL157871.4	AL157871.4
AL157871.5	AL157871.5
AL157871.6	AL157871.6
AL157882.1	AL157882.1
AL157884.2	AL157884.2
AL157886.1	AL157886.1
AL157888.1	AL157888.1
AL157893.2	AL157893.2
AL157895.1	AL157895.1
AL157896.1	AL157896.1
AL157902.1	AL157902.1
AL157904.1	AL157904.1
AL157911.1	AL157911.1
AL157912.1	AL157912.1
AL157931.1	AL157931.1
AL157931.2	AL157931.2
AL157935.1	AL157935.1
AL157935.2	AL157935.2
AL157936.1	AL157936.1
AL157937.1	AL157937.1
AL157938.2	AL157938.2
AL157938.3	AL157938.3
AL157938.4	AL157938.4
AL157944.1	AL157944.1
AL157955.1	AL157955.1
AL157955.2	AL157955.2
AL157996.2	AL157996.2
AL157997.1	AL157997.1
AL158011.1	AL158011.1
AL158013.1	AL158013.1
AL158038.1	AL158038.1
AL158042.1	AL158042.1
AL158055.1	AL158055.1
AL158058.1	AL158058.1
AL158058.2	AL158058.2
AL158063.1	AL158063.1
AL158064.1	AL158064.1
AL158065.1	AL158065.1
AL158068.2	AL158068.2
AL158070.1	AL158070.1
AL158071.1	AL158071.1
AL158071.3	AL158071.3
AL158071.4	AL158071.4
AL158071.5	AL158071.5
AL158077.2	AL158077.2
AL158090.1	AL158090.1
AL158136.1	AL158136.1
AL158151.1	AL158151.1
AL158151.2	AL158151.2
AL158151.3	AL158151.3
AL158151.4	AL158151.4
AL158152.1	AL158152.1
AL158152.2	AL158152.2
AL158154.2	AL158154.2
AL158154.3	AL158154.3
AL158163.1	AL158163.1
AL158163.2	AL158163.2
AL158166.1	AL158166.1
AL158166.2	AL158166.2
AL158167.1	AL158167.1
AL158168.1	AL158168.1
AL158175.1	AL158175.1
AL158195.1	AL158195.1
AL158196.1	AL158196.1
AL158198.1	AL158198.1
AL158198.2	AL158198.2
AL158206.1	AL158206.1
AL158207.2	AL158207.2
AL158209.1	AL158209.1
AL158210.1	AL158210.1
AL158211.1	AL158211.1
AL158211.2	AL158211.2
AL158211.3	AL158211.3
AL158211.4	AL158211.4
AL158212.1	AL158212.1
AL158212.2	AL158212.2
AL158212.3	AL158212.3
AL158212.5	AL158212.5
AL158214.2	AL158214.2
AL158216.1	AL158216.1
AL158800.1	AL158800.1
AL158801.2	AL158801.2
AL158801.3	AL158801.3
AL158817.1	AL158817.1
AL158825.2	AL158825.2
AL158828.1	AL158828.1
AL158829.1	AL158829.1
AL158832.1	AL158832.1
AL158832.2	AL158832.2
AL158834.1	AL158834.1
AL158834.2	AL158834.2
AL158835.1	AL158835.1
AL158835.2	AL158835.2
AL158835.4	AL158835.4
AL158837.1	AL158837.1
AL158839.1	AL158839.1
AL158840.1	AL158840.1
AL158847.1	AL158847.1
AL158850.1	AL158850.1
AL159156.1	AL159156.1
AL159163.1	AL159163.1
AL159166.1	AL159166.1
AL159169.2	AL159169.2
AL159169.3	AL159169.3
AL159174.1	AL159174.1
AL159972.1	AL159972.1
AL159978.1	AL159978.1
AL160006.1	AL160006.1
AL160035.1	AL160035.1
AL160153.1	AL160153.1
AL160154.1	AL160154.1
AL160162.1	AL160162.1
AL160163.1	AL160163.1
AL160171.1	AL160171.1
AL160191.1	AL160191.1
AL160237.1	AL160237.1
AL160254.1	AL160254.1
AL160262.1	AL160262.1
AL160269.1	AL160269.1
AL160270.1	AL160270.1
AL160271.1	AL160271.1
AL160272.1	AL160272.1
AL160272.2	AL160272.2
AL160286.2	AL160286.2
AL160286.3	AL160286.3
AL160290.2	AL160290.2
AL160291.1	AL160291.1
AL160313.1	AL160313.1
AL160313.2	AL160313.2
AL160314.2	AL160314.2
AL160396.1	AL160396.1
AL160396.2	AL160396.2
AL160400.1	AL160400.1
AL160408.1	AL160408.1
AL160408.2	AL160408.2
AL160408.3	AL160408.3
AL160408.5	AL160408.5
AL160408.6	AL160408.6
AL160410.1	AL160410.1
AL160411.1	AL160411.1
AL160412.1	AL160412.1
AL161421.1	AL161421.1
AL161430.1	AL161430.1
AL161431.1	AL161431.1
AL161443.1	AL161443.1
AL161449.2	AL161449.2
AL161452.1	AL161452.1
AL161457.1	AL161457.1
AL161457.2	AL161457.2
AL161616.2	AL161616.2
AL161618.1	AL161618.1
AL161621.1	AL161621.1
AL161628.1	AL161628.1
AL161629.1	AL161629.1
AL161630.1	AL161630.1
AL161636.1	AL161636.1
AL161640.1	AL161640.1
AL161640.2	AL161640.2
AL161640.3	AL161640.3
AL161644.1	AL161644.1
AL161645.1	AL161645.1
AL161645.2	AL161645.2
AL161646.1	AL161646.1
AL161652.1	AL161652.1
AL161662.1	AL161662.1
AL161663.1	AL161663.1
AL161663.2	AL161663.2
AL161665.1	AL161665.1
AL161665.2	AL161665.2
AL161668.1	AL161668.1
AL161668.3	AL161668.3
AL161669.3	AL161669.3
AL161714.1	AL161714.1
AL161716.1	AL161716.1
AL161717.1	AL161717.1
AL161719.1	AL161719.1
AL161725.1	AL161725.1
AL161725.2	AL161725.2
AL161729.1	AL161729.1
AL161729.2	AL161729.2
AL161729.4	AL161729.4
AL161731.1	AL161731.1
AL161733.1	AL161733.1
AL161734.1	AL161734.1
AL161734.2	AL161734.2
AL161740.1	AL161740.1
AL161747.2	AL161747.2
AL161751.1	AL161751.1
AL161752.1	AL161752.1
AL161753.1	AL161753.1
AL161756.1	AL161756.1
AL161756.3	AL161756.3
AL161757.2	AL161757.2
AL161757.3	AL161757.3
AL161757.4	AL161757.4
AL161757.5	AL161757.5
AL161772.1	AL161772.1
AL161781.2	AL161781.2
AL161782.1	AL161782.1
AL161785.1	AL161785.1
AL161785.2	AL161785.2
AL161785.3	AL161785.3
AL161793.1	AL161793.1
AL161797.1	AL161797.1
AL161804.1	AL161804.1
AL161851.1	AL161851.1
AL161851.2	AL161851.2
AL161891.1	AL161891.1
AL161893.1	AL161893.1
AL161896.1	AL161896.1
AL161908.1	AL161908.1
AL161909.2	AL161909.2
AL161910.1	AL161910.1
AL161912.1	AL161912.1
AL161912.2	AL161912.2
AL161935.1	AL161935.1
AL161935.3	AL161935.3
AL161937.1	AL161937.1
AL161937.2	AL161937.2
AL161938.1	AL161938.1
AL161941.1	AL161941.1
AL162171.1	AL162171.1
AL162171.2	AL162171.2
AL162171.3	AL162171.3
AL162231.1	AL162231.1
AL162231.2	AL162231.2
AL162253.1	AL162253.1
AL162253.2	AL162253.2
AL162254.1	AL162254.1
AL162258.2	AL162258.2
AL162274.1	AL162274.1
AL162274.2	AL162274.2
AL162293.1	AL162293.1
AL162311.1	AL162311.1
AL162311.3	AL162311.3
AL162377.1	AL162377.1
AL162377.3	AL162377.3
AL162384.1	AL162384.1
AL162385.1	AL162385.1
AL162385.2	AL162385.2
AL162386.2	AL162386.2
AL162388.2	AL162388.2
AL162390.1	AL162390.1
AL162391.1	AL162391.1
AL162394.1	AL162394.1
AL162399.1	AL162399.1
AL162400.1	AL162400.1
AL162400.3	AL162400.3
AL162408.1	AL162408.1
AL162411.1	AL162411.1
AL162412.1	AL162412.1
AL162414.1	AL162414.1
AL162417.1	AL162417.1
AL162419.1	AL162419.1
AL162424.1	AL162424.1
AL162425.1	AL162425.1
AL162426.1	AL162426.1
AL162430.2	AL162430.2
AL162431.1	AL162431.1
AL162431.2	AL162431.2
AL162456.1	AL162456.1
AL162457.1	AL162457.1
AL162457.2	AL162457.2
AL162458.1	AL162458.1
AL162464.1	AL162464.1
AL162464.2	AL162464.2
AL162493.1	AL162493.1
AL162497.1	AL162497.1
AL162511.1	AL162511.1
AL162574.1	AL162574.1
AL162574.2	AL162574.2
AL162582.1	AL162582.1
AL162584.1	AL162584.1
AL162586.1	AL162586.1
AL162586.2	AL162586.2
AL162591.2	AL162591.2
AL162595.1	AL162595.1
AL162595.2	AL162595.2
AL162632.1	AL162632.1
AL162632.3	AL162632.3
AL162713.1	AL162713.1
AL162713.2	AL162713.2
AL162717.1	AL162717.1
AL162718.1	AL162718.1
AL162718.2	AL162718.2
AL162718.3	AL162718.3
AL162719.1	AL162719.1
AL162724.1	AL162724.1
AL162724.2	AL162724.2
AL162725.2	AL162725.2
AL162726.1	AL162726.1
AL162726.4	AL162726.4
AL162727.2	AL162727.2
AL162731.1	AL162731.1
AL162734.1	AL162734.1
AL162741.1	AL162741.1
AL162742.1	AL162742.1
AL162742.2	AL162742.2
AL162872.1	AL162872.1
AL163051.1	AL163051.1
AL163192.1	AL163192.1
AL163195.2	AL163195.2
AL163541.1	AL163541.1
AL163636.1	AL163636.1
AL163932.1	AL163932.1
AL163952.1	AL163952.1
AL163953.1	AL163953.1
AL163973.2	AL163973.2
AL352977.1	AL352977.1
AL352977.2	AL352977.2
AL352979.2	AL352979.2
AL352979.4	AL352979.4
AL352984.1	AL352984.1
AL353052.1	AL353052.1
AL353072.2	AL353072.2
AL353135.1	AL353135.1
AL353135.2	AL353135.2
AL353138.1	AL353138.1
AL353147.1	AL353147.1
AL353148.1	AL353148.1
AL353150.1	AL353150.1
AL353151.2	AL353151.2
AL353152.1	AL353152.1
AL353152.2	AL353152.2
AL353194.1	AL353194.1
AL353572.3	AL353572.3
AL353572.4	AL353572.4
AL353576.1	AL353576.1
AL353581.1	AL353581.1
AL353586.1	AL353586.1
AL353588.1	AL353588.1
AL353593.1	AL353593.1
AL353593.2	AL353593.2
AL353593.3	AL353593.3
AL353595.1	AL353595.1
AL353596.1	AL353596.1
AL353597.1	AL353597.1
AL353600.2	AL353600.2
AL353604.1	AL353604.1
AL353608.1	AL353608.1
AL353608.2	AL353608.2
AL353608.3	AL353608.3
AL353611.1	AL353611.1
AL353612.1	AL353612.1
AL353612.2	AL353612.2
AL353613.1	AL353613.1
AL353614.1	AL353614.1
AL353616.2	AL353616.2
AL353622.1	AL353622.1
AL353626.1	AL353626.1
AL353633.1	AL353633.1
AL353637.2	AL353637.2
AL353648.1	AL353648.1
AL353651.3	AL353651.3
AL353653.1	AL353653.1
AL353658.1	AL353658.1
AL353658.2	AL353658.2
AL353660.1	AL353660.1
AL353680.1	AL353680.1
AL353681.1	AL353681.1
AL353688.1	AL353688.1
AL353689.2	AL353689.2
AL353689.3	AL353689.3
AL353693.1	AL353693.1
AL353697.1	AL353697.1
AL353699.1	AL353699.1
AL353704.1	AL353704.1
AL353704.2	AL353704.2
AL353708.1	AL353708.1
AL353708.2	AL353708.2
AL353708.3	AL353708.3
AL353709.1	AL353709.1
AL353719.1	AL353719.1
AL353730.1	AL353730.1
AL353732.1	AL353732.1
AL353740.1	AL353740.1
AL353742.1	AL353742.1
AL353743.2	AL353743.2
AL353746.1	AL353746.1
AL353747.2	AL353747.2
AL353747.3	AL353747.3
AL353747.4	AL353747.4
AL353748.3	AL353748.3
AL353751.1	AL353751.1
AL353752.2	AL353752.2
AL353753.1	AL353753.1
AL353759.1	AL353759.1
AL353764.1	AL353764.1
AL353768.1	AL353768.1
AL353768.2	AL353768.2
AL353770.3	AL353770.3
AL353770.4	AL353770.4
AL353771.1	AL353771.1
AL353774.1	AL353774.1
AL353780.1	AL353780.1
AL353784.1	AL353784.1
AL353789.1	AL353789.1
AL353795.2	AL353795.2
AL353796.1	AL353796.1
AL353796.2	AL353796.2
AL353801.1	AL353801.1
AL353801.2	AL353801.2
AL353801.3	AL353801.3
AL353803.1	AL353803.1
AL353803.2	AL353803.2
AL353803.4	AL353803.4
AL353804.1	AL353804.1
AL353804.2	AL353804.2
AL353807.2	AL353807.2
AL353807.5	AL353807.5
AL353811.1	AL353811.1
AL353997.2	AL353997.2
AL354674.1	AL354674.1
AL354694.1	AL354694.1
AL354696.1	AL354696.1
AL354696.2	AL354696.2
AL354702.2	AL354702.2
AL354707.1	AL354707.1
AL354707.2	AL354707.2
AL354710.2	AL354710.2
AL354712.1	AL354712.1
AL354714.1	AL354714.1
AL354714.3	AL354714.3
AL354718.2	AL354718.2
AL354719.2	AL354719.2
AL354726.1	AL354726.1
AL354732.1	AL354732.1
AL354733.1	AL354733.1
AL354733.2	AL354733.2
AL354733.3	AL354733.3
AL354740.1	AL354740.1
AL354741.1	AL354741.1
AL354743.1	AL354743.1
AL354743.2	AL354743.2
AL354754.1	AL354754.1
AL354760.1	AL354760.1
AL354761.1	AL354761.1
AL354766.2	AL354766.2
AL354771.1	AL354771.1
AL354793.1	AL354793.1
AL354794.1	AL354794.1
AL354809.1	AL354809.1
AL354810.1	AL354810.1
AL354811.1	AL354811.1
AL354811.2	AL354811.2
AL354813.1	AL354813.1
AL354821.1	AL354821.1
AL354822.1	AL354822.1
AL354824.1	AL354824.1
AL354824.2	AL354824.2
AL354836.1	AL354836.1
AL354861.2	AL354861.2
AL354861.3	AL354861.3
AL354863.1	AL354863.1
AL354864.1	AL354864.1
AL354872.2	AL354872.2
AL354892.1	AL354892.1
AL354892.2	AL354892.2
AL354892.3	AL354892.3
AL354893.2	AL354893.2
AL354896.1	AL354896.1
AL354897.1	AL354897.1
AL354897.2	AL354897.2
AL354916.1	AL354916.1
AL354919.1	AL354919.1
AL354919.2	AL354919.2
AL354920.1	AL354920.1
AL354928.1	AL354928.1
AL354936.1	AL354936.1
AL354949.1	AL354949.1
AL354950.1	AL354950.1
AL354950.2	AL354950.2
AL354950.3	AL354950.3
AL354953.1	AL354953.1
AL354956.1	AL354956.1
AL354977.1	AL354977.1
AL354977.2	AL354977.2
AL354979.1	AL354979.1
AL354989.1	AL354989.1
AL354993.1	AL354993.1
AL354993.2	AL354993.2
AL354994.1	AL354994.1
AL355001.1	AL355001.1
AL355001.2	AL355001.2
AL355053.1	AL355053.1
AL355073.1	AL355073.1
AL355073.2	AL355073.2
AL355075.1	AL355075.1
AL355075.2	AL355075.2
AL355075.3	AL355075.3
AL355075.4	AL355075.4
AL355075.6	AL355075.6
AL355076.2	AL355076.2
AL355095.1	AL355095.1
AL355096.1	AL355096.1
AL355102.1	AL355102.1
AL355102.2	AL355102.2
AL355102.3	AL355102.3
AL355102.4	AL355102.4
AL355112.1	AL355112.1
AL355297.2	AL355297.2
AL355297.3	AL355297.3
AL355297.4	AL355297.4
AL355303.1	AL355303.1
AL355304.1	AL355304.1
AL355306.2	AL355306.2
AL355310.1	AL355310.1
AL355310.2	AL355310.2
AL355310.3	AL355310.3
AL355312.2	AL355312.2
AL355312.3	AL355312.3
AL355312.4	AL355312.4
AL355314.1	AL355314.1
AL355314.2	AL355314.2
AL355315.1	AL355315.1
AL355334.2	AL355334.2
AL355336.1	AL355336.1
AL355337.1	AL355337.1
AL355338.1	AL355338.1
AL355339.1	AL355339.1
AL355340.1	AL355340.1
AL355347.1	AL355347.1
AL355353.1	AL355353.1
AL355361.1	AL355361.1
AL355377.3	AL355377.3
AL355377.4	AL355377.4
AL355385.1	AL355385.1
AL355388.1	AL355388.1
AL355388.2	AL355388.2
AL355388.3	AL355388.3
AL355390.1	AL355390.1
AL355390.2	AL355390.2
AL355432.1	AL355432.1
AL355472.1	AL355472.1
AL355472.2	AL355472.2
AL355472.3	AL355472.3
AL355472.4	AL355472.4
AL355474.1	AL355474.1
AL355478.1	AL355478.1
AL355481.1	AL355481.1
AL355482.1	AL355482.1
AL355482.2	AL355482.2
AL355483.1	AL355483.1
AL355483.2	AL355483.2
AL355483.4	AL355483.4
AL355488.1	AL355488.1
AL355490.1	AL355490.1
AL355490.2	AL355490.2
AL355493.2	AL355493.2
AL355499.1	AL355499.1
AL355500.1	AL355500.1
AL355501.1	AL355501.1
AL355512.1	AL355512.1
AL355531.1	AL355531.1
AL355537.2	AL355537.2
AL355538.1	AL355538.1
AL355574.1	AL355574.1
AL355578.1	AL355578.1
AL355581.1	AL355581.1
AL355592.1	AL355592.1
AL355596.1	AL355596.1
AL355597.1	AL355597.1
AL355601.1	AL355601.1
AL355602.1	AL355602.1
AL355607.1	AL355607.1
AL355607.2	AL355607.2
AL355612.1	AL355612.1
AL355613.1	AL355613.1
AL355672.1	AL355672.1
AL355674.1	AL355674.1
AL355677.1	AL355677.1
AL355773.1	AL355773.1
AL355802.2	AL355802.2
AL355802.3	AL355802.3
AL355810.1	AL355810.1
AL355816.1	AL355816.1
AL355816.2	AL355816.2
AL355834.1	AL355834.1
AL355834.2	AL355834.2
AL355835.1	AL355835.1
AL355836.2	AL355836.2
AL355836.4	AL355836.4
AL355838.1	AL355838.1
AL355870.1	AL355870.1
AL355881.1	AL355881.1
AL355916.1	AL355916.1
AL355916.2	AL355916.2
AL355916.3	AL355916.3
AL355922.1	AL355922.1
AL355922.2	AL355922.2
AL355922.4	AL355922.4
AL355922.5	AL355922.5
AL355974.1	AL355974.1
AL355974.2	AL355974.2
AL355981.1	AL355981.1
AL355987.3	AL355987.3
AL355990.1	AL355990.1
AL355990.2	AL355990.2
AL355997.1	AL355997.1
AL355999.1	AL355999.1
AL356010.2	AL356010.2
AL356019.2	AL356019.2
AL356020.1	AL356020.1
AL356022.1	AL356022.1
AL356055.1	AL356055.1
AL356056.1	AL356056.1
AL356056.2	AL356056.2
AL356056.3	AL356056.3
AL356094.2	AL356094.2
AL356108.1	AL356108.1
AL356113.1	AL356113.1
AL356123.1	AL356123.1
AL356124.1	AL356124.1
AL356124.2	AL356124.2
AL356130.1	AL356130.1
AL356130.2	AL356130.2
AL356133.2	AL356133.2
AL356134.1	AL356134.1
AL356157.1	AL356157.1
AL356215.1	AL356215.1
AL356218.1	AL356218.1
AL356218.2	AL356218.2
AL356234.2	AL356234.2
AL356258.1	AL356258.1
AL356259.1	AL356259.1
AL356270.1	AL356270.1
AL356272.1	AL356272.1
AL356275.1	AL356275.1
AL356276.1	AL356276.1
AL356277.3	AL356277.3
AL356289.1	AL356289.1
AL356295.1	AL356295.1
AL356299.2	AL356299.2
AL356309.1	AL356309.1
AL356309.2	AL356309.2
AL356310.1	AL356310.1
AL356317.2	AL356317.2
AL356356.1	AL356356.1
AL356361.2	AL356361.2
AL356364.1	AL356364.1
AL356379.2	AL356379.2
AL356387.1	AL356387.1
AL356413.1	AL356413.1
AL356414.1	AL356414.1
AL356417.1	AL356417.1
AL356417.2	AL356417.2
AL356417.3	AL356417.3
AL356419.1	AL356419.1
AL356421.2	AL356421.2
AL356433.1	AL356433.1
AL356441.1	AL356441.1
AL356475.1	AL356475.1
AL356476.1	AL356476.1
AL356479.1	AL356479.1
AL356481.1	AL356481.1
AL356481.2	AL356481.2
AL356481.3	AL356481.3
AL356488.2	AL356488.2
AL356488.3	AL356488.3
AL356489.1	AL356489.1
AL356489.2	AL356489.2
AL356489.3	AL356489.3
AL356495.1	AL356495.1
AL356512.1	AL356512.1
AL356515.1	AL356515.1
AL356580.1	AL356580.1
AL356599.1	AL356599.1
AL356608.1	AL356608.1
AL356608.3	AL356608.3
AL356652.1	AL356652.1
AL356737.2	AL356737.2
AL356740.1	AL356740.1
AL356740.2	AL356740.2
AL356740.3	AL356740.3
AL356747.1	AL356747.1
AL356752.1	AL356752.1
AL356753.1	AL356753.1
AL356756.1	AL356756.1
AL356776.2	AL356776.2
AL356804.1	AL356804.1
AL356805.1	AL356805.1
AL356807.1	AL356807.1
AL356859.1	AL356859.1
AL356952.1	AL356952.1
AL356961.1	AL356961.1
AL356966.1	AL356966.1
AL357033.1	AL357033.1
AL357033.4	AL357033.4
AL357052.1	AL357052.1
AL357054.2	AL357054.2
AL357054.3	AL357054.3
AL357054.4	AL357054.4
AL357054.5	AL357054.5
AL357055.3	AL357055.3
AL357060.1	AL357060.1
AL357075.3	AL357075.3
AL357075.4	AL357075.4
AL357078.1	AL357078.1
AL357078.2	AL357078.2
AL357078.3	AL357078.3
AL357079.1	AL357079.1
AL357079.2	AL357079.2
AL357093.1	AL357093.1
AL357093.2	AL357093.2
AL357127.1	AL357127.1
AL357127.2	AL357127.2
AL357139.2	AL357139.2
AL357140.1	AL357140.1
AL357140.2	AL357140.2
AL357140.4	AL357140.4
AL357141.1	AL357141.1
AL357146.1	AL357146.1
AL357153.1	AL357153.1
AL357153.2	AL357153.2
AL357153.3	AL357153.3
AL357172.1	AL357172.1
AL357314.1	AL357314.1
AL357315.1	AL357315.1
AL357375.1	AL357375.1
AL357497.1	AL357497.1
AL357500.1	AL357500.1
AL357507.1	AL357507.1
AL357509.1	AL357509.1
AL357513.1	AL357513.1
AL357514.1	AL357514.1
AL357518.1	AL357518.1
AL357522.1	AL357522.1
AL357552.2	AL357552.2
AL357556.4	AL357556.4
AL357568.1	AL357568.1
AL357568.2	AL357568.2
AL357614.1	AL357614.1
AL357673.1	AL357673.1
AL357673.2	AL357673.2
AL357793.1	AL357793.1
AL357793.2	AL357793.2
AL357832.1	AL357832.1
AL357833.1	AL357833.1
AL357833.2	AL357833.2
AL357873.1	AL357873.1
AL357874.1	AL357874.1
AL357874.2	AL357874.2
AL357972.1	AL357972.1
AL357992.1	AL357992.1
AL358053.1	AL358053.1
AL358072.1	AL358072.1
AL358074.1	AL358074.1
AL358075.1	AL358075.1
AL358075.2	AL358075.2
AL358075.4	AL358075.4
AL358113.1	AL358113.1
AL358115.1	AL358115.1
AL358134.1	AL358134.1
AL358154.1	AL358154.1
AL358176.4	AL358176.4
AL358215.1	AL358215.1
AL358216.1	AL358216.1
AL358232.2	AL358232.2
AL358234.1	AL358234.1
AL358292.1	AL358292.1
AL358332.1	AL358332.1
AL358333.1	AL358333.1
AL358333.2	AL358333.2
AL358333.3	AL358333.3
AL358334.1	AL358334.1
AL358334.2	AL358334.2
AL358334.3	AL358334.3
AL358334.4	AL358334.4
AL358335.2	AL358335.2
AL358393.1	AL358393.1
AL358394.1	AL358394.1
AL358452.1	AL358452.1
AL358472.2	AL358472.2
AL358472.3	AL358472.3
AL358472.4	AL358472.4
AL358472.5	AL358472.5
AL358473.1	AL358473.1
AL358473.2	AL358473.2
AL358612.1	AL358612.1
AL358777.1	AL358777.1
AL358779.1	AL358779.1
AL358780.1	AL358780.1
AL358781.1	AL358781.1
AL358781.2	AL358781.2
AL358787.1	AL358787.1
AL358790.1	AL358790.1
AL358852.1	AL358852.1
AL358933.1	AL358933.1
AL358937.1	AL358937.1
AL358944.1	AL358944.1
AL358972.1	AL358972.1
AL358975.1	AL358975.1
AL358976.2	AL358976.2
AL359076.1	AL359076.1
AL359081.1	AL359081.1
AL359091.1	AL359091.1
AL359091.4	AL359091.4
AL359091.5	AL359091.5
AL359094.1	AL359094.1
AL359095.1	AL359095.1
AL359182.1	AL359182.1
AL359198.1	AL359198.1
AL359208.1	AL359208.1
AL359220.1	AL359220.1
AL359232.1	AL359232.1
AL359233.1	AL359233.1
AL359237.1	AL359237.1
AL359258.1	AL359258.1
AL359258.2	AL359258.2
AL359265.3	AL359265.3
AL359313.1	AL359313.1
AL359317.1	AL359317.1
AL359317.2	AL359317.2
AL359378.1	AL359378.1
AL359380.1	AL359380.1
AL359382.1	AL359382.1
AL359382.2	AL359382.2
AL359397.1	AL359397.1
AL359397.2	AL359397.2
AL359436.1	AL359436.1
AL359475.1	AL359475.1
AL359502.1	AL359502.1
AL359502.2	AL359502.2
AL359504.2	AL359504.2
AL359511.2	AL359511.2
AL359511.3	AL359511.3
AL359513.1	AL359513.1
AL359532.1	AL359532.1
AL359538.4	AL359538.4
AL359541.1	AL359541.1
AL359546.1	AL359546.1
AL359551.1	AL359551.1
AL359555.1	AL359555.1
AL359555.2	AL359555.2
AL359555.3	AL359555.3
AL359555.4	AL359555.4
AL359632.1	AL359632.1
AL359633.2	AL359633.2
AL359636.1	AL359636.1
AL359636.2	AL359636.2
AL359636.3	AL359636.3
AL359643.2	AL359643.2
AL359643.3	AL359643.3
AL359644.1	AL359644.1
AL359649.1	AL359649.1
AL359682.1	AL359682.1
AL359697.1	AL359697.1
AL359704.3	AL359704.3
AL359706.1	AL359706.1
AL359710.1	AL359710.1
AL359711.2	AL359711.2
AL359715.1	AL359715.1
AL359715.2	AL359715.2
AL359715.3	AL359715.3
AL359732.1	AL359732.1
AL359736.1	AL359736.1
AL359745.1	AL359745.1
AL359762.1	AL359762.1
AL359762.2	AL359762.2
AL359764.1	AL359764.1
AL359764.2	AL359764.2
AL359764.3	AL359764.3
AL359771.1	AL359771.1
AL359813.1	AL359813.1
AL359815.1	AL359815.1
AL359834.1	AL359834.1
AL359844.1	AL359844.1
AL359851.1	AL359851.1
AL359852.2	AL359852.2
AL359853.1	AL359853.1
AL359853.2	AL359853.2
AL359853.3	AL359853.3
AL359878.1	AL359878.1
AL359878.2	AL359878.2
AL359880.1	AL359880.1
AL359881.1	AL359881.1
AL359881.2	AL359881.2
AL359881.3	AL359881.3
AL359894.1	AL359894.1
AL359915.1	AL359915.1
AL359915.2	AL359915.2
AL359916.1	AL359916.1
AL359918.2	AL359918.2
AL359921.1	AL359921.1
AL359921.2	AL359921.2
AL359922.1	AL359922.1
AL359922.2	AL359922.2
AL359924.1	AL359924.1
AL359962.2	AL359962.2
AL359962.3	AL359962.3
AL359979.1	AL359979.1
AL359979.2	AL359979.2
AL359987.1	AL359987.1
AL360004.1	AL360004.1
AL360006.1	AL360006.1
AL360007.1	AL360007.1
AL360012.1	AL360012.1
AL360013.2	AL360013.2
AL360013.3	AL360013.3
AL360013.4	AL360013.4
AL360014.1	AL360014.1
AL360015.1	AL360015.1
AL360020.1	AL360020.1
AL360089.1	AL360089.1
AL360091.1	AL360091.1
AL360091.2	AL360091.2
AL360091.3	AL360091.3
AL360093.1	AL360093.1
AL360169.1	AL360169.1
AL360169.2	AL360169.2
AL360169.3	AL360169.3
AL360175.1	AL360175.1
AL360178.1	AL360178.1
AL360178.2	AL360178.2
AL360181.1	AL360181.1
AL360181.2	AL360181.2
AL360181.3	AL360181.3
AL360181.4	AL360181.4
AL360182.2	AL360182.2
AL360219.1	AL360219.1
AL360227.1	AL360227.1
AL360267.2	AL360267.2
AL360268.1	AL360268.1
AL360268.2	AL360268.2
AL360270.1	AL360270.1
AL360270.2	AL360270.2
AL360270.3	AL360270.3
AL360294.1	AL360294.1
AL365181.1	AL365181.1
AL365181.2	AL365181.2
AL365181.3	AL365181.3
AL365181.4	AL365181.4
AL365184.1	AL365184.1
AL365184.2	AL365184.2
AL365194.1	AL365194.1
AL365203.2	AL365203.2
AL365204.1	AL365204.1
AL365204.2	AL365204.2
AL365205.1	AL365205.1
AL365205.3	AL365205.3
AL365205.4	AL365205.4
AL365214.2	AL365214.2
AL365214.3	AL365214.3
AL365215.2	AL365215.2
AL365226.1	AL365226.1
AL365226.2	AL365226.2
AL365229.1	AL365229.1
AL365232.1	AL365232.1
AL365255.1	AL365255.1
AL365256.1	AL365256.1
AL365258.1	AL365258.1
AL365259.1	AL365259.1
AL365271.1	AL365271.1
AL365272.1	AL365272.1
AL365273.2	AL365273.2
AL365275.1	AL365275.1
AL365277.1	AL365277.1
AL365295.1	AL365295.1
AL365295.2	AL365295.2
AL365318.1	AL365318.1
AL365330.1	AL365330.1
AL365356.1	AL365356.1
AL365361.1	AL365361.1
AL365394.1	AL365394.1
AL365434.1	AL365434.1
AL365434.2	AL365434.2
AL365436.2	AL365436.2
AL365440.2	AL365440.2
AL365500.1	AL365500.1
AL389885.1	AL389885.1
AL390036.1	AL390036.1
AL390037.1	AL390037.1
AL390061.1	AL390061.1
AL390066.1	AL390066.1
AL390066.2	AL390066.2
AL390067.1	AL390067.1
AL390071.1	AL390071.1
AL390115.1	AL390115.1
AL390195.1	AL390195.1
AL390195.2	AL390195.2
AL390198.1	AL390198.1
AL390208.1	AL390208.1
AL390236.1	AL390236.1
AL390242.1	AL390242.1
AL390243.1	AL390243.1
AL390718.1	AL390718.1
AL390719.2	AL390719.2
AL390719.3	AL390719.3
AL390728.5	AL390728.5
AL390728.6	AL390728.6
AL390729.1	AL390729.1
AL390755.1	AL390755.1
AL390755.3	AL390755.3
AL390760.1	AL390760.1
AL390763.1	AL390763.1
AL390763.2	AL390763.2
AL390774.2	AL390774.2
AL390778.1	AL390778.1
AL390778.2	AL390778.2
AL390783.1	AL390783.1
AL390786.1	AL390786.1
AL390791.1	AL390791.1
AL390800.1	AL390800.1
AL390816.1	AL390816.1
AL390816.2	AL390816.2
AL390838.1	AL390838.1
AL390839.1	AL390839.1
AL390839.2	AL390839.2
AL390856.1	AL390856.1
AL390860.1	AL390860.1
AL390866.1	AL390866.1
AL390955.2	AL390955.2
AL390957.1	AL390957.1
AL390961.1	AL390961.1
AL390961.2	AL390961.2
AL390962.1	AL390962.1
AL390964.1	AL390964.1
AL391001.1	AL391001.1
AL391056.1	AL391056.1
AL391056.2	AL391056.2
AL391069.1	AL391069.1
AL391069.2	AL391069.2
AL391069.3	AL391069.3
AL391069.4	AL391069.4
AL391095.1	AL391095.1
AL391095.2	AL391095.2
AL391095.3	AL391095.3
AL391097.1	AL391097.1
AL391097.2	AL391097.2
AL391097.3	AL391097.3
AL391117.1	AL391117.1
AL391119.1	AL391119.1
AL391121.1	AL391121.1
AL391152.1	AL391152.1
AL391244.1	AL391244.1
AL391244.2	AL391244.2
AL391244.3	AL391244.3
AL391261.2	AL391261.2
AL391262.1	AL391262.1
AL391294.1	AL391294.1
AL391335.1	AL391335.1
AL391361.2	AL391361.2
AL391415.1	AL391415.1
AL391421.1	AL391421.1
AL391422.2	AL391422.2
AL391422.3	AL391422.3
AL391422.4	AL391422.4
AL391425.1	AL391425.1
AL391427.1	AL391427.1
AL391497.1	AL391497.1
AL391538.1	AL391538.1
AL391557.1	AL391557.1
AL391560.1	AL391560.1
AL391560.2	AL391560.2
AL391597.1	AL391597.1
AL391645.1	AL391645.1
AL391650.1	AL391650.1
AL391650.2	AL391650.2
AL391684.1	AL391684.1
AL391704.1	AL391704.1
AL391704.2	AL391704.2
AL391730.2	AL391730.2
AL391807.1	AL391807.1
AL391811.1	AL391811.1
AL391832.2	AL391832.2
AL391832.3	AL391832.3
AL391832.4	AL391832.4
AL391834.1	AL391834.1
AL391834.2	AL391834.2
AL391834.3	AL391834.3
AL391839.1	AL391839.1
AL391839.2	AL391839.2
AL391839.3	AL391839.3
AL391840.1	AL391840.1
AL391840.3	AL391840.3
AL391844.1	AL391844.1
AL391845.2	AL391845.2
AL391863.1	AL391863.1
AL391863.2	AL391863.2
AL391869.1	AL391869.1
AL391883.1	AL391883.1
AL391987.2	AL391987.2
AL391987.3	AL391987.3
AL391987.4	AL391987.4
AL391988.1	AL391988.1
AL392023.1	AL392023.1
AL392023.2	AL392023.2
AL392024.1	AL392024.1
AL392046.1	AL392046.1
AL392046.2	AL392046.2
AL392048.1	AL392048.1
AL392083.1	AL392083.1
AL392083.2	AL392083.2
AL392086.1	AL392086.1
AL392086.3	AL392086.3
AL392089.1	AL392089.1
AL392172.1	AL392172.1
AL392172.2	AL392172.2
AL392183.1	AL392183.1
AL392185.1	AL392185.1
AL441883.1	AL441883.1
AL441943.2	AL441943.2
AL441943.3	AL441943.3
AL441992.1	AL441992.1
AL442003.1	AL442003.1
AL442067.1	AL442067.1
AL442067.2	AL442067.2
AL442067.3	AL442067.3
AL442071.1	AL442071.1
AL442071.2	AL442071.2
AL442125.1	AL442125.1
AL442125.2	AL442125.2
AL442128.2	AL442128.2
AL442163.1	AL442163.1
AL442224.1	AL442224.1
AL442636.1	AL442636.1
AL442647.1	AL442647.1
AL442663.3	AL442663.3
AL445070.1	AL445070.1
AL445072.1	AL445072.1
AL445074.1	AL445074.1
AL445123.1	AL445123.1
AL445123.2	AL445123.2
AL445183.1	AL445183.1
AL445183.2	AL445183.2
AL445190.1	AL445190.1
AL445193.2	AL445193.2
AL445205.1	AL445205.1
AL445207.1	AL445207.1
AL445209.1	AL445209.1
AL445213.2	AL445213.2
AL445218.1	AL445218.1
AL445222.1	AL445222.1
AL445223.1	AL445223.1
AL445224.1	AL445224.1
AL445228.1	AL445228.1
AL445228.2	AL445228.2
AL445231.1	AL445231.1
AL445237.1	AL445237.1
AL445242.1	AL445242.1
AL445248.1	AL445248.1
AL445250.1	AL445250.1
AL445253.1	AL445253.1
AL445255.1	AL445255.1
AL445259.1	AL445259.1
AL445288.1	AL445288.1
AL445307.1	AL445307.1
AL445309.1	AL445309.1
AL445363.1	AL445363.1
AL445363.2	AL445363.2
AL445423.1	AL445423.1
AL445426.1	AL445426.1
AL445430.1	AL445430.1
AL445430.2	AL445430.2
AL445433.2	AL445433.2
AL445438.1	AL445438.1
AL445465.1	AL445465.1
AL445465.2	AL445465.2
AL445470.1	AL445470.1
AL445472.1	AL445472.1
AL445483.1	AL445483.1
AL445488.1	AL445488.1
AL445489.1	AL445489.1
AL445490.1	AL445490.1
AL445493.2	AL445493.2
AL445493.3	AL445493.3
AL445524.1	AL445524.1
AL445526.1	AL445526.1
AL445584.2	AL445584.2
AL445588.1	AL445588.1
AL445604.1	AL445604.1
AL445623.1	AL445623.1
AL445623.2	AL445623.2
AL445644.1	AL445644.1
AL445645.1	AL445645.1
AL445647.1	AL445647.1
AL445648.1	AL445648.1
AL445649.1	AL445649.1
AL445668.1	AL445668.1
AL445673.1	AL445673.1
AL445685.1	AL445685.1
AL445686.2	AL445686.2
AL445928.2	AL445928.2
AL445931.1	AL445931.1
AL445933.2	AL445933.2
AL445985.1	AL445985.1
AL445985.2	AL445985.2
AL445989.1	AL445989.1
AL449043.1	AL449043.1
AL449106.1	AL449106.1
AL449214.1	AL449214.1
AL449223.1	AL449223.1
AL449266.1	AL449266.1
AL449363.2	AL449363.2
AL449403.1	AL449403.1
AL449403.2	AL449403.2
AL449403.3	AL449403.3
AL449983.1	AL449983.1
AL450043.1	AL450043.1
AL450163.1	AL450163.1
AL450226.1	AL450226.1
AL450263.1	AL450263.1
AL450267.1	AL450267.1
AL450267.2	AL450267.2
AL450270.1	AL450270.1
AL450306.1	AL450306.1
AL450307.1	AL450307.1
AL450311.1	AL450311.1
AL450311.2	AL450311.2
AL450313.1	AL450313.1
AL450322.1	AL450322.1
AL450322.2	AL450322.2
AL450326.1	AL450326.1
AL450326.3	AL450326.3
AL450327.1	AL450327.1
AL450332.1	AL450332.1
AL450338.2	AL450338.2
AL450344.1	AL450344.1
AL450344.2	AL450344.2
AL450344.3	AL450344.3
AL450345.1	AL450345.1
AL450345.2	AL450345.2
AL450352.1	AL450352.1
AL450384.1	AL450384.1
AL450384.2	AL450384.2
AL450423.1	AL450423.1
AL450423.2	AL450423.2
AL450426.1	AL450426.1
AL450442.1	AL450442.1
AL450467.1	AL450467.1
AL450469.1	AL450469.1
AL450992.1	AL450992.1
AL450992.2	AL450992.2
AL450992.3	AL450992.3
AL450998.2	AL450998.2
AL450998.3	AL450998.3
AL451007.2	AL451007.2
AL451007.3	AL451007.3
AL451042.1	AL451042.1
AL451042.2	AL451042.2
AL451047.1	AL451047.1
AL451048.1	AL451048.1
AL451049.1	AL451049.1
AL451050.2	AL451050.2
AL451054.4	AL451054.4
AL451060.1	AL451060.1
AL451062.1	AL451062.1
AL451062.3	AL451062.3
AL451064.1	AL451064.1
AL451067.1	AL451067.1
AL451069.1	AL451069.1
AL451069.2	AL451069.2
AL451069.3	AL451069.3
AL451070.1	AL451070.1
AL451074.2	AL451074.2
AL451074.5	AL451074.5
AL451074.6	AL451074.6
AL451080.1	AL451080.1
AL451085.1	AL451085.1
AL451085.2	AL451085.2
AL451105.2	AL451105.2
AL451123.1	AL451123.1
AL451123.2	AL451123.2
AL451127.2	AL451127.2
AL451137.1	AL451137.1
AL451137.2	AL451137.2
AL451140.1	AL451140.1
AL451164.1	AL451164.1
AL451164.2	AL451164.2
AL451164.3	AL451164.3
AL451165.2	AL451165.2
AL451166.1	AL451166.1
AL499602.1	AL499602.1
AL499604.1	AL499604.1
AL499616.1	AL499616.1
AL500522.1	AL500522.1
AL512271.1	AL512271.1
AL512274.1	AL512274.1
AL512283.1	AL512283.1
AL512283.2	AL512283.2
AL512283.3	AL512283.3
AL512288.1	AL512288.1
AL512303.1	AL512303.1
AL512306.2	AL512306.2
AL512306.3	AL512306.3
AL512308.1	AL512308.1
AL512328.1	AL512328.1
AL512329.2	AL512329.2
AL512330.1	AL512330.1
AL512343.2	AL512343.2
AL512353.1	AL512353.1
AL512356.4	AL512356.4
AL512356.5	AL512356.5
AL512358.1	AL512358.1
AL512358.2	AL512358.2
AL512380.1	AL512380.1
AL512380.2	AL512380.2
AL512408.1	AL512408.1
AL512413.1	AL512413.1
AL512422.1	AL512422.1
AL512424.1	AL512424.1
AL512427.2	AL512427.2
AL512428.1	AL512428.1
AL512444.1	AL512444.1
AL512452.1	AL512452.1
AL512506.1	AL512506.1
AL512506.3	AL512506.3
AL512590.3	AL512590.3
AL512598.1	AL512598.1
AL512603.1	AL512603.1
AL512603.2	AL512603.2
AL512604.2	AL512604.2
AL512604.3	AL512604.3
AL512622.1	AL512622.1
AL512625.1	AL512625.1
AL512625.2	AL512625.2
AL512625.3	AL512625.3
AL512631.1	AL512631.1
AL512631.2	AL512631.2
AL512634.1	AL512634.1
AL512638.2	AL512638.2
AL512641.1	AL512641.1
AL512643.2	AL512643.2
AL512652.1	AL512652.1
AL512655.1	AL512655.1
AL512656.1	AL512656.1
AL512658.1	AL512658.1
AL512658.2	AL512658.2
AL512662.2	AL512662.2
AL512770.1	AL512770.1
AL512791.1	AL512791.1
AL512791.2	AL512791.2
AL513008.1	AL513008.1
AL513122.2	AL513122.2
AL513123.1	AL513123.1
AL513128.1	AL513128.1
AL513128.2	AL513128.2
AL513128.3	AL513128.3
AL513164.1	AL513164.1
AL513165.1	AL513165.1
AL513165.2	AL513165.2
AL513166.1	AL513166.1
AL513185.1	AL513185.1
AL513188.1	AL513188.1
AL513190.1	AL513190.1
AL513210.1	AL513210.1
AL513211.1	AL513211.1
AL513217.1	AL513217.1
AL513218.1	AL513218.1
AL513218.2	AL513218.2
AL513220.1	AL513220.1
AL513283.1	AL513283.1
AL513303.1	AL513303.1
AL513314.1	AL513314.1
AL513314.2	AL513314.2
AL513317.1	AL513317.1
AL513318.2	AL513318.2
AL513320.1	AL513320.1
AL513321.2	AL513321.2
AL513323.1	AL513323.1
AL513327.1	AL513327.1
AL513327.2	AL513327.2
AL513327.3	AL513327.3
AL513329.1	AL513329.1
AL513365.2	AL513365.2
AL513412.1	AL513412.1
AL513422.1	AL513422.1
AL513477.2	AL513477.2
AL513478.2	AL513478.2
AL513487.1	AL513487.1
AL513493.1	AL513493.1
AL513523.3	AL513523.3
AL513523.4	AL513523.4
AL513524.1	AL513524.1
AL513534.2	AL513534.2
AL513548.1	AL513548.1
AL513548.3	AL513548.3
AL513548.4	AL513548.4
AL513550.1	AL513550.1
AL583722.1	AL583722.1
AL583722.2	AL583722.2
AL583722.3	AL583722.3
AL583722.4	AL583722.4
AL583785.1	AL583785.1
AL583804.1	AL583804.1
AL583805.2	AL583805.2
AL583808.1	AL583808.1
AL583808.2	AL583808.2
AL583810.1	AL583810.1
AL583810.2	AL583810.2
AL583824.1	AL583824.1
AL583827.1	AL583827.1
AL583829.1	AL583829.1
AL583836.1	AL583836.1
AL583839.1	AL583839.1
AL583839.2	AL583839.2
AL583852.1	AL583852.1
AL583856.2	AL583856.2
AL583859.1	AL583859.1
AL583859.2	AL583859.2
AL583859.3	AL583859.3
AL589182.1	AL589182.1
AL589642.1	AL589642.1
AL589642.2	AL589642.2
AL589645.1	AL589645.1
AL589666.1	AL589666.1
AL589669.1	AL589669.1
AL589678.1	AL589678.1
AL589684.1	AL589684.1
AL589693.1	AL589693.1
AL589702.1	AL589702.1
AL589739.1	AL589739.1
AL589740.1	AL589740.1
AL589743.4	AL589743.4
AL589743.5	AL589743.5
AL589745.1	AL589745.1
AL589765.1	AL589765.1
AL589765.4	AL589765.4
AL589765.5	AL589765.5
AL589765.6	AL589765.6
AL589765.7	AL589765.7
AL589787.1	AL589787.1
AL589787.2	AL589787.2
AL589794.2	AL589794.2
AL589826.2	AL589826.2
AL589843.1	AL589843.1
AL589863.1	AL589863.1
AL589863.2	AL589863.2
AL589923.1	AL589923.1
AL589935.1	AL589935.1
AL589935.3	AL589935.3
AL589946.1	AL589946.1
AL589986.1	AL589986.1
AL589986.2	AL589986.2
AL589990.1	AL589990.1
AL590004.3	AL590004.3
AL590004.4	AL590004.4
AL590006.1	AL590006.1
AL590009.1	AL590009.1
AL590062.1	AL590062.1
AL590064.1	AL590064.1
AL590068.2	AL590068.2
AL590068.4	AL590068.4
AL590079.1	AL590079.1
AL590093.1	AL590093.1
AL590096.1	AL590096.1
AL590101.1	AL590101.1
AL590133.1	AL590133.1
AL590133.2	AL590133.2
AL590138.1	AL590138.1
AL590226.1	AL590226.1
AL590226.2	AL590226.2
AL590235.1	AL590235.1
AL590235.2	AL590235.2
AL590282.2	AL590282.2
AL590286.2	AL590286.2
AL590302.1	AL590302.1
AL590302.2	AL590302.2
AL590369.1	AL590369.1
AL590399.1	AL590399.1
AL590399.3	AL590399.3
AL590399.5	AL590399.5
AL590426.2	AL590426.2
AL590428.1	AL590428.1
AL590432.1	AL590432.1
AL590434.1	AL590434.1
AL590438.1	AL590438.1
AL590440.1	AL590440.1
AL590440.2	AL590440.2
AL590483.1	AL590483.1
AL590490.1	AL590490.1
AL590491.2	AL590491.2
AL590502.1	AL590502.1
AL590550.1	AL590550.1
AL590560.1	AL590560.1
AL590560.2	AL590560.2
AL590560.3	AL590560.3
AL590560.5	AL590560.5
AL590608.1	AL590608.1
AL590609.3	AL590609.3
AL590617.2	AL590617.2
AL590637.1	AL590637.1
AL590640.1	AL590640.1
AL590644.1	AL590644.1
AL590644.3	AL590644.3
AL590648.3	AL590648.3
AL590652.1	AL590652.1
AL590666.1	AL590666.1
AL590666.2	AL590666.2
AL590666.3	AL590666.3
AL590666.4	AL590666.4
AL590666.5	AL590666.5
AL590677.1	AL590677.1
AL590683.1	AL590683.1
AL590705.1	AL590705.1
AL590705.2	AL590705.2
AL590705.3	AL590705.3
AL590708.1	AL590708.1
AL590714.1	AL590714.1
AL590723.1	AL590723.1
AL590727.1	AL590727.1
AL590729.1	AL590729.1
AL590730.1	AL590730.1
AL590764.1	AL590764.1
AL590764.2	AL590764.2
AL590783.1	AL590783.1
AL590787.1	AL590787.1
AL590807.1	AL590807.1
AL590814.1	AL590814.1
AL590822.1	AL590822.1
AL590822.2	AL590822.2
AL590822.3	AL590822.3
AL590867.1	AL590867.1
AL590867.3	AL590867.3
AL590989.1	AL590989.1
AL590999.1	AL590999.1
AL591002.1	AL591002.1
AL591022.1	AL591022.1
AL591043.2	AL591043.2
AL591069.1	AL591069.1
AL591074.1	AL591074.1
AL591115.1	AL591115.1
AL591135.2	AL591135.2
AL591163.1	AL591163.1
AL591167.1	AL591167.1
AL591178.1	AL591178.1
AL591212.1	AL591212.1
AL591222.1	AL591222.1
AL591242.1	AL591242.1
AL591368.1	AL591368.1
AL591378.1	AL591378.1
AL591428.1	AL591428.1
AL591441.1	AL591441.1
AL591441.2	AL591441.2
AL591463.1	AL591463.1
AL591468.1	AL591468.1
AL591501.1	AL591501.1
AL591503.1	AL591503.1
AL591504.2	AL591504.2
AL591506.1	AL591506.1
AL591518.1	AL591518.1
AL591519.1	AL591519.1
AL591543.1	AL591543.1
AL591623.1	AL591623.1
AL591643.1	AL591643.1
AL591684.1	AL591684.1
AL591686.1	AL591686.1
AL591686.2	AL591686.2
AL591721.1	AL591721.1
AL591767.1	AL591767.1
AL591770.1	AL591770.1
AL591806.3	AL591806.3
AL591845.1	AL591845.1
AL591846.2	AL591846.2
AL591848.2	AL591848.2
AL591848.3	AL591848.3
AL591848.4	AL591848.4
AL591885.1	AL591885.1
AL591888.1	AL591888.1
AL591895.1	AL591895.1
AL591896.1	AL591896.1
AL591926.2	AL591926.2
AL592043.1	AL592043.1
AL592071.1	AL592071.1
AL592078.1	AL592078.1
AL592078.2	AL592078.2
AL592114.3	AL592114.3
AL592146.1	AL592146.1
AL592146.2	AL592146.2
AL592148.3	AL592148.3
AL592156.2	AL592156.2
AL592161.1	AL592161.1
AL592164.1	AL592164.1
AL592166.1	AL592166.1
AL592182.1	AL592182.1
AL592182.2	AL592182.2
AL592183.1	AL592183.1
AL592211.1	AL592211.1
AL592211.2	AL592211.2
AL592287.1	AL592287.1
AL592295.3	AL592295.3
AL592295.4	AL592295.4
AL592295.5	AL592295.5
AL592301.1	AL592301.1
AL592402.1	AL592402.1
AL592424.1	AL592424.1
AL592429.2	AL592429.2
AL592430.1	AL592430.1
AL592430.2	AL592430.2
AL592431.1	AL592431.1
AL592431.2	AL592431.2
AL592435.1	AL592435.1
AL592435.2	AL592435.2
AL592463.1	AL592463.1
AL592466.1	AL592466.1
AL592486.1	AL592486.1
AL592490.1	AL592490.1
AL592494.1	AL592494.1
AL592494.2	AL592494.2
AL592494.3	AL592494.3
AL592528.1	AL592528.1
AL592546.1	AL592546.1
AL592546.2	AL592546.2
AL592546.3	AL592546.3
AL593844.1	AL593844.1
AL596087.2	AL596087.2
AL596087.3	AL596087.3
AL596094.1	AL596094.1
AL596188.1	AL596188.1
AL596202.1	AL596202.1
AL596214.1	AL596214.1
AL596218.1	AL596218.1
AL596220.1	AL596220.1
AL596223.1	AL596223.1
AL596223.2	AL596223.2
AL596244.1	AL596244.1
AL596247.1	AL596247.1
AL596257.1	AL596257.1
AL596275.2	AL596275.2
AL596325.1	AL596325.1
AL596325.2	AL596325.2
AL596330.1	AL596330.1
AL596330.2	AL596330.2
AL596442.2	AL596442.2
AL596442.3	AL596442.3
AL596442.4	AL596442.4
AL596451.1	AL596451.1
AL603756.1	AL603756.1
AL603783.1	AL603783.1
AL603824.1	AL603824.1
AL603832.1	AL603832.1
AL603832.2	AL603832.2
AL603832.3	AL603832.3
AL603839.1	AL603839.1
AL603839.2	AL603839.2
AL603839.3	AL603839.3
AL603840.1	AL603840.1
AL603910.1	AL603910.1
AL604028.1	AL604028.1
AL606468.1	AL606468.1
AL606469.1	AL606469.1
AL606489.1	AL606489.1
AL606491.1	AL606491.1
AL606500.1	AL606500.1
AL606516.1	AL606516.1
AL606534.1	AL606534.1
AL606534.2	AL606534.2
AL606537.1	AL606537.1
AL606753.2	AL606753.2
AL606760.1	AL606760.1
AL606760.2	AL606760.2
AL606760.3	AL606760.3
AL606763.1	AL606763.1
AL606804.1	AL606804.1
AL606807.1	AL606807.1
AL606834.1	AL606834.1
AL606834.2	AL606834.2
AL606923.2	AL606923.2
AL606970.2	AL606970.2
AL606970.3	AL606970.3
AL606970.4	AL606970.4
AL607028.1	AL607028.1
AL611929.1	AL611929.1
AL626787.1	AL626787.1
AL627095.2	AL627095.2
AL627171.1	AL627171.1
AL627171.2	AL627171.2
AL627230.1	AL627230.1
AL627232.1	AL627232.1
AL627308.3	AL627308.3
AL627309.1	AL627309.1
AL627309.2	AL627309.2
AL627309.3	AL627309.3
AL627309.5	AL627309.5
AL627316.1	AL627316.1
AL627422.2	AL627422.2
AL627443.1	AL627443.1
AL627443.3	AL627443.3
AL645465.1	AL645465.1
AL645504.1	AL645504.1
AL645507.1	AL645507.1
AL645568.1	AL645568.1
AL645608.1	AL645608.1
AL645608.2	AL645608.2
AL645608.6	AL645608.6
AL645608.7	AL645608.7
AL645608.8	AL645608.8
AL645634.2	AL645634.2
AL645728.1	AL645728.1
AL645768.1	AL645768.1
AL645929.2	AL645929.2
AL645933.2	AL645933.2
AL645933.3	AL645933.3
AL645937.2	AL645937.2
AL645937.4	AL645937.4
AL645939.4	AL645939.4
AL645939.5	AL645939.5
AL645940.1	AL645940.1
AL645941.2	AL645941.2
AL645941.3	AL645941.3
AL645944.2	AL645944.2
AL646090.1	AL646090.1
AL646090.2	AL646090.2
AL662791.1	AL662791.1
AL662791.2	AL662791.2
AL662796.1	AL662796.1
AL662797.1	AL662797.1
AL662820.1	AL662820.1
AL662844.3	AL662844.3
AL662844.4	AL662844.4
AL662860.1	AL662860.1
AL662873.1	AL662873.1
AL662884.1	AL662884.1
AL662884.3	AL662884.3
AL662884.4	AL662884.4
AL662884.5	AL662884.5
AL662889.1	AL662889.1
AL662890.1	AL662890.1
AL662899.1	AL662899.1
AL662907.3	AL662907.3
AL663023.1	AL663023.1
AL663058.2	AL663058.2
AL669831.2	AL669831.2
AL669831.5	AL669831.5
AL669841.1	AL669841.1
AL669918.1	AL669918.1
AL669970.1	AL669970.1
AL669970.3	AL669970.3
AL670729.1	AL670729.1
AL670729.2	AL670729.2
AL670729.3	AL670729.3
AL671710.1	AL671710.1
AL671883.3	AL671883.3
AL672032.1	AL672032.1
AL672142.1	AL672142.1
AL672277.1	AL672277.1
AL672291.1	AL672291.1
AL672310.1	AL672310.1
AL683807.1	AL683807.1
AL683807.2	AL683807.2
AL683813.1	AL683813.1
AL691403.1	AL691403.1
AL691403.2	AL691403.2
AL691420.1	AL691420.1
AL691432.2	AL691432.2
AL691432.4	AL691432.4
AL691442.1	AL691442.1
AL691447.2	AL691447.2
AL691497.1	AL691497.1
AL691515.2	AL691515.2
AL691520.1	AL691520.1
AL713851.1	AL713851.1
AL713852.1	AL713852.1
AL713852.2	AL713852.2
AL713868.1	AL713868.1
AL713923.1	AL713923.1
AL713999.1	AL713999.1
AL731533.2	AL731533.2
AL731533.3	AL731533.3
AL731537.1	AL731537.1
AL731544.1	AL731544.1
AL731553.1	AL731553.1
AL731555.1	AL731555.1
AL731559.1	AL731559.1
AL731563.2	AL731563.2
AL731563.3	AL731563.3
AL731566.1	AL731566.1
AL731566.2	AL731566.2
AL731566.3	AL731566.3
AL731567.1	AL731567.1
AL731568.1	AL731568.1
AL731569.1	AL731569.1
AL731571.1	AL731571.1
AL731574.1	AL731574.1
AL731575.1	AL731575.1
AL731577.1	AL731577.1
AL731577.2	AL731577.2
AL731661.1	AL731661.1
AL731661.2	AL731661.2
AL731684.1	AL731684.1
AL731684.2	AL731684.2
AL731702.1	AL731702.1
AL731769.1	AL731769.1
AL731769.2	AL731769.2
AL732292.2	AL732292.2
AL732314.4	AL732314.4
AL732314.6	AL732314.6
AL732323.1	AL732323.1
AL732437.3	AL732437.3
AL732509.1	AL732509.1
AL772155.1	AL772155.1
AL772202.1	AL772202.1
AL772337.2	AL772337.2
AL772363.1	AL772363.1
AL773545.1	AL773545.1
AL773573.1	AL773573.1
AL805961.1	AL805961.1
AL805961.2	AL805961.2
AL807740.1	AL807740.1
AL807742.1	AL807742.1
AL807752.2	AL807752.2
AL807752.3	AL807752.3
AL807752.4	AL807752.4
AL807752.5	AL807752.5
AL807752.6	AL807752.6
AL807752.7	AL807752.7
AL807757.1	AL807757.1
AL807757.2	AL807757.2
AL807761.3	AL807761.3
AL807761.4	AL807761.4
AL807776.1	AL807776.1
AL831784.1	AL831784.1
AL844170.1	AL844170.1
AL844175.1	AL844175.1
AL844892.1	AL844892.1
AL844892.2	AL844892.2
AL844908.1	AL844908.1
AL844908.2	AL844908.2
AL845311.1	AL845311.1
AL845331.2	AL845331.2
AL845472.1	AL845472.1
AL845552.2	AL845552.2
AL928596.1	AL928596.1
AL928654.1	AL928654.1
AL928654.2	AL928654.2
AL928654.3	AL928654.3
AL928921.1	AL928921.1
AL928921.2	AL928921.2
AL928970.1	AL928970.1
AL929091.1	AL929091.1
AL929236.1	AL929236.1
AL929288.1	AL929288.1
AL929472.2	AL929472.2
AL929472.3	AL929472.3
AL929601.1	AL929601.1
AL935212.1	AL935212.1
AL935212.2	AL935212.2
AL953883.1	AL953883.1
AL953897.1	AL953897.1
AL954642.1	AL954642.1
AL954650.1	AL954650.1
ALAD	ALAD
ALAS1	ALAS1
ALAS2	ALAS2
ALB	ALB
ALCAM	ALCAM
ALDH16A1	ALDH16A1
ALDH18A1	ALDH18A1
ALDH1A1	ALDH1A1
ALDH1A2	ALDH1A2
ALDH1A3	ALDH1A3
ALDH1B1	ALDH1B1
ALDH1L1	ALDH1L1
ALDH1L1-AS1	ALDH1L1-AS1
ALDH1L1-AS2	ALDH1L1-AS2
ALDH1L2	ALDH1L2
ALDH2	ALDH2
ALDH3A1	ALDH3A1
ALDH3A2	ALDH3A2
ALDH3B1	ALDH3B1
ALDH3B2	ALDH3B2
ALDH4A1	ALDH4A1
ALDH5A1	ALDH5A1
ALDH6A1	ALDH6A1
ALDH7A1	ALDH7A1
ALDH8A1	ALDH8A1
ALDH9A1	ALDH9A1
ALDOA	ALDOA
ALDOB	ALDOB
ALDOC	ALDOC
ALG1	ALG1
ALG10	ALG10
ALG10B	ALG10B
ALG11	ALG11
ALG12	ALG12
ALG13	ALG13
ALG13-AS1	ALG13-AS1
ALG14	ALG14
ALG1L	ALG1L
ALG1L2	ALG1L2
ALG1L9P	ALG1L9P
ALG2	ALG2
ALG3	ALG3
ALG5	ALG5
ALG6	ALG6
ALG8	ALG8
ALG9	ALG9
ALG9-IT1	ALG9-IT1
ALK	ALK
ALKAL1	ALKAL1
ALKAL2	ALKAL2
ALKBH1	ALKBH1
ALKBH2	ALKBH2
ALKBH3	ALKBH3
ALKBH3-AS1	ALKBH3-AS1
ALKBH4	ALKBH4
ALKBH5	ALKBH5
ALKBH6	ALKBH6
ALKBH7	ALKBH7
ALKBH8	ALKBH8
ALLC	ALLC
ALMS1	ALMS1
ALMS1-IT1	ALMS1-IT1
ALOX12	ALOX12
ALOX12-AS1	ALOX12-AS1
ALOX12B	ALOX12B
ALOX15	ALOX15
ALOX15B	ALOX15B
ALOX5	ALOX5
ALOX5AP	ALOX5AP
ALOXE3	ALOXE3
ALPK1	ALPK1
ALPK2	ALPK2
ALPK3	ALPK3
ALPL	ALPL
ALS2	ALS2
ALS2CL	ALS2CL
ALS2CR12	ALS2CR12
ALX1	ALX1
ALX3	ALX3
ALX4	ALX4
ALYREF	ALYREF
AMACR	AMACR
AMBN	AMBN
AMBP	AMBP
AMBRA1	AMBRA1
AMD1	AMD1
AMDHD1	AMDHD1
AMDHD2	AMDHD2
AMELX	AMELX
AMELY	AMELY
AMER1	AMER1
AMER2	AMER2
AMER3	AMER3
AMFR	AMFR
AMH	AMH
AMHR2	AMHR2
AMIGO1	AMIGO1
AMIGO2	AMIGO2
AMIGO3	AMIGO3
AMMECR1	AMMECR1
AMMECR1-IT1	AMMECR1-IT1
AMMECR1L	AMMECR1L
AMN	AMN
AMN1	AMN1
AMOT	AMOT
AMOTL1	AMOTL1
AMOTL2	AMOTL2
AMPD1	AMPD1
AMPD2	AMPD2
AMPD3	AMPD3
AMPH	AMPH
AMT	AMT
AMTN	AMTN
AMY1A	AMY1A
AMY2A	AMY2A
AMY2B	AMY2B
AMZ1	AMZ1
AMZ2	AMZ2
ANAPC1	ANAPC1
ANAPC10	ANAPC10
ANAPC11	ANAPC11
ANAPC13	ANAPC13
ANAPC15	ANAPC15
ANAPC16	ANAPC16
ANAPC2	ANAPC2
ANAPC4	ANAPC4
ANAPC5	ANAPC5
ANAPC7	ANAPC7
ANG	ANG
ANGEL1	ANGEL1
ANGEL2	ANGEL2
ANGPT1	ANGPT1
ANGPT2	ANGPT2
ANGPT4	ANGPT4
ANGPTL1	ANGPTL1
ANGPTL2	ANGPTL2
ANGPTL3	ANGPTL3
ANGPTL4	ANGPTL4
ANGPTL5	ANGPTL5
ANGPTL6	ANGPTL6
ANGPTL7	ANGPTL7
ANGPTL8	ANGPTL8
ANHX	ANHX
ANK1	ANK1
ANK2	ANK2
ANK3	ANK3
ANKAR	ANKAR
ANKDD1A	ANKDD1A
ANKDD1B	ANKDD1B
ANKEF1	ANKEF1
ANKFN1	ANKFN1
ANKFY1	ANKFY1
ANKH	ANKH
ANKHD1	ANKHD1
ANKHD1-EIF4EBP3	ANKHD1-EIF4EBP3
ANKIB1	ANKIB1
ANKK1	ANKK1
ANKLE1	ANKLE1
ANKLE2	ANKLE2
ANKMY1	ANKMY1
ANKMY2	ANKMY2
ANKRA2	ANKRA2
ANKRD1	ANKRD1
ANKRD10	ANKRD10
ANKRD10-IT1	ANKRD10-IT1
ANKRD11	ANKRD11
ANKRD12	ANKRD12
ANKRD13A	ANKRD13A
ANKRD13B	ANKRD13B
ANKRD13C	ANKRD13C
ANKRD13D	ANKRD13D
ANKRD16	ANKRD16
ANKRD17	ANKRD17
ANKRD18A	ANKRD18A
ANKRD18B	ANKRD18B
ANKRD2	ANKRD2
ANKRD20A1	ANKRD20A1
ANKRD20A2	ANKRD20A2
ANKRD20A3	ANKRD20A3
ANKRD20A4	ANKRD20A4
ANKRD20A8P	ANKRD20A8P
ANKRD22	ANKRD22
ANKRD23	ANKRD23
ANKRD24	ANKRD24
ANKRD26	ANKRD26
ANKRD27	ANKRD27
ANKRD28	ANKRD28
ANKRD29	ANKRD29
ANKRD30A	ANKRD30A
ANKRD30B	ANKRD30B
ANKRD30BL	ANKRD30BL
ANKRD31	ANKRD31
ANKRD33	ANKRD33
ANKRD33B	ANKRD33B
ANKRD33B-AS1	ANKRD33B-AS1
ANKRD34A	ANKRD34A
ANKRD34B	ANKRD34B
ANKRD34C	ANKRD34C
ANKRD34C-AS1	ANKRD34C-AS1
ANKRD35	ANKRD35
ANKRD36	ANKRD36
ANKRD36B	ANKRD36B
ANKRD36C	ANKRD36C
ANKRD37	ANKRD37
ANKRD39	ANKRD39
ANKRD40	ANKRD40
ANKRD40CL	ANKRD40CL
ANKRD42	ANKRD42
ANKRD44	ANKRD44
ANKRD44-IT1	ANKRD44-IT1
ANKRD45	ANKRD45
ANKRD46	ANKRD46
ANKRD49	ANKRD49
ANKRD50	ANKRD50
ANKRD52	ANKRD52
ANKRD53	ANKRD53
ANKRD54	ANKRD54
ANKRD55	ANKRD55
ANKRD6	ANKRD6
ANKRD61	ANKRD61
ANKRD62	ANKRD62
ANKRD62P1-PARP4P3	ANKRD62P1-PARP4P3
ANKRD65	ANKRD65
ANKRD66	ANKRD66
ANKRD7	ANKRD7
ANKRD9	ANKRD9
ANKS1A	ANKS1A
ANKS1B	ANKS1B
ANKS3	ANKS3
ANKS4B	ANKS4B
ANKS6	ANKS6
ANKUB1	ANKUB1
ANKZF1	ANKZF1
ANLN	ANLN
ANO1	ANO1
ANO10	ANO10
ANO2	ANO2
ANO3	ANO3
ANO3-AS1	ANO3-AS1
ANO4	ANO4
ANO5	ANO5
ANO6	ANO6
ANO7	ANO7
ANO8	ANO8
ANO9	ANO9
ANOS1	ANOS1
ANP32A	ANP32A
ANP32B	ANP32B
ANP32D	ANP32D
ANP32E	ANP32E
ANPEP	ANPEP
ANTKMT	ANTKMT
ANTXR1	ANTXR1
ANTXR2	ANTXR2
ANTXRL	ANTXRL
ANXA1	ANXA1
ANXA10	ANXA10
ANXA11	ANXA11
ANXA13	ANXA13
ANXA2	ANXA2
ANXA2R	ANXA2R
ANXA3	ANXA3
ANXA4	ANXA4
ANXA5	ANXA5
ANXA6	ANXA6
ANXA7	ANXA7
ANXA8	ANXA8
ANXA8L1	ANXA8L1
ANXA9	ANXA9
AOAH	AOAH
AOAH-IT1	AOAH-IT1
AOC1	AOC1
AOC2	AOC2
AOC3	AOC3
AOPEP	AOPEP
AOX1	AOX1
AP000146.1	AP000146.1
AP000221.1	AP000221.1
AP000223.1	AP000223.1
AP000224.1	AP000224.1
AP000229.1	AP000229.1
AP000233.1	AP000233.1
AP000233.2	AP000233.2
AP000235.1	AP000235.1
AP000238.1	AP000238.1
AP000240.1	AP000240.1
AP000248.1	AP000248.1
AP000251.1	AP000251.1
AP000253.1	AP000253.1
AP000254.1	AP000254.1
AP000254.2	AP000254.2
AP000255.1	AP000255.1
AP000265.1	AP000265.1
AP000266.1	AP000266.1
AP000275.2	AP000275.2
AP000281.2	AP000281.2
AP000282.1	AP000282.1
AP000289.1	AP000289.1
AP000290.1	AP000290.1
AP000295.1	AP000295.1
AP000302.1	AP000302.1
AP000311.1	AP000311.1
AP000317.1	AP000317.1
AP000320.1	AP000320.1
AP000322.1	AP000322.1
AP000322.2	AP000322.2
AP000331.1	AP000331.1
AP000345.1	AP000345.1
AP000345.2	AP000345.2
AP000345.3	AP000345.3
AP000350.4	AP000350.4
AP000350.5	AP000350.5
AP000350.6	AP000350.6
AP000350.7	AP000350.7
AP000355.1	AP000355.1
AP000356.1	AP000356.1
AP000356.2	AP000356.2
AP000357.2	AP000357.2
AP000365.1	AP000365.1
AP000402.1	AP000402.1
AP000424.1	AP000424.1
AP000426.1	AP000426.1
AP000428.1	AP000428.1
AP000428.2	AP000428.2
AP000438.1	AP000438.1
AP000439.1	AP000439.1
AP000439.2	AP000439.2
AP000439.3	AP000439.3
AP000442.1	AP000442.1
AP000442.2	AP000442.2
AP000446.1	AP000446.1
AP000459.1	AP000459.1
AP000459.2	AP000459.2
AP000462.1	AP000462.1
AP000462.2	AP000462.2
AP000462.3	AP000462.3
AP000465.1	AP000465.1
AP000470.1	AP000470.1
AP000471.1	AP000471.1
AP000472.1	AP000472.1
AP000474.2	AP000474.2
AP000477.1	AP000477.1
AP000477.3	AP000477.3
AP000487.1	AP000487.1
AP000487.2	AP000487.2
AP000525.1	AP000525.1
AP000527.1	AP000527.1
AP000542.2	AP000542.2
AP000542.3	AP000542.3
AP000547.3	AP000547.3
AP000547.4	AP000547.4
AP000550.1	AP000550.1
AP000552.1	AP000552.1
AP000553.2	AP000553.2
AP000553.3	AP000553.3
AP000553.8	AP000553.8
AP000553.9	AP000553.9
AP000561.1	AP000561.1
AP000569.1	AP000569.1
AP000593.3	AP000593.3
AP000593.4	AP000593.4
AP000640.1	AP000640.1
AP000640.2	AP000640.2
AP000646.1	AP000646.1
AP000654.1	AP000654.1
AP000662.1	AP000662.1
AP000676.5	AP000676.5
AP000679.1	AP000679.1
AP000688.1	AP000688.1
AP000688.2	AP000688.2
AP000688.3	AP000688.3
AP000688.4	AP000688.4
AP000692.1	AP000692.1
AP000692.2	AP000692.2
AP000695.1	AP000695.1
AP000695.2	AP000695.2
AP000696.1	AP000696.1
AP000697.1	AP000697.1
AP000704.1	AP000704.1
AP000708.1	AP000708.1
AP000721.1	AP000721.1
AP000721.2	AP000721.2
AP000722.1	AP000722.1
AP000753.1	AP000753.1
AP000753.2	AP000753.2
AP000755.1	AP000755.1
AP000755.2	AP000755.2
AP000757.1	AP000757.1
AP000757.2	AP000757.2
AP000759.1	AP000759.1
AP000763.3	AP000763.3
AP000763.4	AP000763.4
AP000766.1	AP000766.1
AP000769.2	AP000769.2
AP000769.3	AP000769.3
AP000769.6	AP000769.6
AP000770.1	AP000770.1
AP000777.1	AP000777.1
AP000777.2	AP000777.2
AP000777.3	AP000777.3
AP000779.1	AP000779.1
AP000781.1	AP000781.1
AP000781.2	AP000781.2
AP000785.2	AP000785.2
AP000786.1	AP000786.1
AP000787.1	AP000787.1
AP000790.2	AP000790.2
AP000790.3	AP000790.3
AP000790.4	AP000790.4
AP000793.1	AP000793.1
AP000797.3	AP000797.3
AP000802.1	AP000802.1
AP000808.1	AP000808.1
AP000808.2	AP000808.2
AP000812.1	AP000812.1
AP000813.1	AP000813.1
AP000820.1	AP000820.1
AP000820.2	AP000820.2
AP000821.2	AP000821.2
AP000829.1	AP000829.1
AP000842.1	AP000842.1
AP000842.2	AP000842.2
AP000842.3	AP000842.3
AP000844.1	AP000844.1
AP000844.2	AP000844.2
AP000845.1	AP000845.1
AP000851.1	AP000851.1
AP000857.2	AP000857.2
AP000864.1	AP000864.1
AP000866.1	AP000866.1
AP000866.2	AP000866.2
AP000866.5	AP000866.5
AP000866.6	AP000866.6
AP000867.5	AP000867.5
AP000873.2	AP000873.2
AP000873.3	AP000873.3
AP000873.4	AP000873.4
AP000879.1	AP000879.1
AP000879.2	AP000879.2
AP000880.1	AP000880.1
AP000892.1	AP000892.1
AP000892.3	AP000892.3
AP000893.2	AP000893.2
AP000894.2	AP000894.2
AP000894.3	AP000894.3
AP000894.4	AP000894.4
AP000897.1	AP000897.1
AP000897.2	AP000897.2
AP000907.2	AP000907.2
AP000911.1	AP000911.1
AP000911.2	AP000911.2
AP000911.3	AP000911.3
AP000915.1	AP000915.1
AP000915.2	AP000915.2
AP000919.2	AP000919.2
AP000919.3	AP000919.3
AP000919.4	AP000919.4
AP000924.1	AP000924.1
AP000926.2	AP000926.2
AP000936.1	AP000936.1
AP000941.1	AP000941.1
AP000942.2	AP000942.2
AP000943.1	AP000943.1
AP000943.2	AP000943.2
AP000943.3	AP000943.3
AP000944.1	AP000944.1
AP000944.6	AP000944.6
AP000944.7	AP000944.7
AP000959.1	AP000959.1
AP000961.1	AP000961.1
AP000962.1	AP000962.1
AP000962.3	AP000962.3
AP000977.1	AP000977.1
AP000997.2	AP000997.2
AP001001.1	AP001001.1
AP001001.2	AP001001.2
AP001005.3	AP001005.3
AP001007.1	AP001007.1
AP001007.2	AP001007.2
AP001007.3	AP001007.3
AP001010.1	AP001010.1
AP001011.1	AP001011.1
AP001020.1	AP001020.1
AP001020.2	AP001020.2
AP001020.3	AP001020.3
AP001021.1	AP001021.1
AP001021.2	AP001021.2
AP001021.3	AP001021.3
AP001025.1	AP001025.1
AP001029.1	AP001029.1
AP001029.2	AP001029.2
AP001033.1	AP001033.1
AP001033.2	AP001033.2
AP001033.3	AP001033.3
AP001037.1	AP001037.1
AP001042.1	AP001042.1
AP001043.1	AP001043.1
AP001043.2	AP001043.2
AP001046.1	AP001046.1
AP001048.1	AP001048.1
AP001053.1	AP001053.1
AP001056.1	AP001056.1
AP001056.2	AP001056.2
AP001057.1	AP001057.1
AP001059.1	AP001059.1
AP001059.2	AP001059.2
AP001059.3	AP001059.3
AP001062.1	AP001062.1
AP001062.2	AP001062.2
AP001062.3	AP001062.3
AP001065.1	AP001065.1
AP001065.3	AP001065.3
AP001066.1	AP001066.1
AP001092.1	AP001092.1
AP001094.1	AP001094.1
AP001094.2	AP001094.2
AP001094.3	AP001094.3
AP001095.1	AP001095.1
AP001099.1	AP001099.1
AP001107.1	AP001107.1
AP001107.2	AP001107.2
AP001107.3	AP001107.3
AP001107.4	AP001107.4
AP001107.5	AP001107.5
AP001107.6	AP001107.6
AP001107.7	AP001107.7
AP001107.8	AP001107.8
AP001107.9	AP001107.9
AP001109.1	AP001109.1
AP001116.1	AP001116.1
AP001117.1	AP001117.1
AP001120.2	AP001120.2
AP001120.5	AP001120.5
AP001122.1	AP001122.1
AP001136.1	AP001136.1
AP001150.1	AP001150.1
AP001157.1	AP001157.1
AP001160.1	AP001160.1
AP001160.2	AP001160.2
AP001160.3	AP001160.3
AP001160.4	AP001160.4
AP001172.1	AP001172.1
AP001172.2	AP001172.2
AP001178.1	AP001178.1
AP001178.2	AP001178.2
AP001178.3	AP001178.3
AP001180.1	AP001180.1
AP001180.4	AP001180.4
AP001189.1	AP001189.1
AP001189.3	AP001189.3
AP001189.4	AP001189.4
AP001189.5	AP001189.5
AP001198.1	AP001198.1
AP001205.1	AP001205.1
AP001207.3	AP001207.3
AP001208.1	AP001208.1
AP001208.2	AP001208.2
AP001255.1	AP001255.1
AP001257.1	AP001257.1
AP001266.1	AP001266.1
AP001266.2	AP001266.2
AP001267.1	AP001267.1
AP001267.2	AP001267.2
AP001267.3	AP001267.3
AP001267.4	AP001267.4
AP001269.1	AP001269.1
AP001269.2	AP001269.2
AP001269.4	AP001269.4
AP001273.2	AP001273.2
AP001318.1	AP001318.1
AP001318.2	AP001318.2
AP001330.1	AP001330.1
AP001330.4	AP001330.4
AP001330.5	AP001330.5
AP001341.1	AP001341.1
AP001347.1	AP001347.1
AP001350.1	AP001350.1
AP001351.1	AP001351.1
AP001360.1	AP001360.1
AP001360.2	AP001360.2
AP001360.3	AP001360.3
AP001363.1	AP001363.1
AP001363.2	AP001363.2
AP001372.1	AP001372.1
AP001372.2	AP001372.2
AP001372.3	AP001372.3
AP001381.1	AP001381.1
AP001407.1	AP001407.1
AP001412.1	AP001412.1
AP001429.1	AP001429.1
AP001432.1	AP001432.1
AP001437.1	AP001437.1
AP001437.2	AP001437.2
AP001439.1	AP001439.1
AP001442.1	AP001442.1
AP001453.1	AP001453.1
AP001453.2	AP001453.2
AP001453.4	AP001453.4
AP001458.1	AP001458.1
AP001458.2	AP001458.2
AP001462.1	AP001462.1
AP001464.1	AP001464.1
AP001468.1	AP001468.1
AP001469.1	AP001469.1
AP001469.2	AP001469.2
AP001469.3	AP001469.3
AP001471.1	AP001471.1
AP001476.1	AP001476.1
AP001496.1	AP001496.1
AP001496.2	AP001496.2
AP001496.4	AP001496.4
AP001505.1	AP001505.1
AP001527.1	AP001527.1
AP001527.2	AP001527.2
AP001528.1	AP001528.1
AP001528.2	AP001528.2
AP001531.1	AP001531.1
AP001542.3	AP001542.3
AP001547.1	AP001547.1
AP001554.1	AP001554.1
AP001574.1	AP001574.1
AP001591.1	AP001591.1
AP001595.1	AP001595.1
AP001595.2	AP001595.2
AP001596.1	AP001596.1
AP001599.1	AP001599.1
AP001604.1	AP001604.1
AP001605.1	AP001605.1
AP001610.1	AP001610.1
AP001610.2	AP001610.2
AP001619.1	AP001619.1
AP001619.2	AP001619.2
AP001625.2	AP001625.2
AP001626.1	AP001626.1
AP001627.1	AP001627.1
AP001628.1	AP001628.1
AP001628.2	AP001628.2
AP001630.1	AP001630.1
AP001631.1	AP001631.1
AP001631.2	AP001631.2
AP001636.3	AP001636.3
AP001646.3	AP001646.3
AP001652.1	AP001652.1
AP001767.3	AP001767.3
AP001775.2	AP001775.2
AP001781.1	AP001781.1
AP001781.2	AP001781.2
AP001783.1	AP001783.1
AP001790.1	AP001790.1
AP001793.1	AP001793.1
AP001793.2	AP001793.2
AP001803.2	AP001803.2
AP001804.1	AP001804.1
AP001816.1	AP001816.1
AP001825.1	AP001825.1
AP001830.1	AP001830.1
AP001830.2	AP001830.2
AP001831.1	AP001831.1
AP001885.2	AP001885.2
AP001885.3	AP001885.3
AP001893.1	AP001893.1
AP001893.3	AP001893.3
AP001922.1	AP001922.1
AP001922.2	AP001922.2
AP001922.5	AP001922.5
AP001922.6	AP001922.6
AP001924.1	AP001924.1
AP001961.1	AP001961.1
AP001970.1	AP001970.1
AP001972.1	AP001972.1
AP001972.2	AP001972.2
AP001972.3	AP001972.3
AP001972.4	AP001972.4
AP001977.1	AP001977.1
AP001978.1	AP001978.1
AP001979.2	AP001979.2
AP001981.2	AP001981.2
AP001992.2	AP001992.2
AP001993.1	AP001993.1
AP001994.2	AP001994.2
AP001994.3	AP001994.3
AP001999.1	AP001999.1
AP001999.2	AP001999.2
AP002001.3	AP002001.3
AP002008.1	AP002008.1
AP002008.3	AP002008.3
AP002008.4	AP002008.4
AP002026.1	AP002026.1
AP002075.1	AP002075.1
AP002336.1	AP002336.1
AP002336.2	AP002336.2
AP002347.1	AP002347.1
AP002358.1	AP002358.1
AP002360.1	AP002360.1
AP002370.2	AP002370.2
AP002373.1	AP002373.1
AP002381.2	AP002381.2
AP002383.2	AP002383.2
AP002387.2	AP002387.2
AP002409.1	AP002409.1
AP002414.5	AP002414.5
AP002428.1	AP002428.1
AP002433.1	AP002433.1
AP002433.2	AP002433.2
AP002439.1	AP002439.1
AP002444.1	AP002444.1
AP002448.1	AP002448.1
AP002449.1	AP002449.1
AP002478.1	AP002478.1
AP002478.2	AP002478.2
AP002490.1	AP002490.1
AP002495.1	AP002495.1
AP002495.2	AP002495.2
AP002498.1	AP002498.1
AP002505.1	AP002505.1
AP002518.1	AP002518.1
AP002518.2	AP002518.2
AP002528.1	AP002528.1
AP002748.1	AP002748.1
AP002748.2	AP002748.2
AP002748.3	AP002748.3
AP002748.4	AP002748.4
AP002748.6	AP002748.6
AP002754.1	AP002754.1
AP002754.2	AP002754.2
AP002755.1	AP002755.1
AP002759.1	AP002759.1
AP002761.1	AP002761.1
AP002761.2	AP002761.2
AP002761.3	AP002761.3
AP002761.4	AP002761.4
AP002762.2	AP002762.2
AP002762.3	AP002762.3
AP002765.1	AP002765.1
AP002768.1	AP002768.1
AP002770.1	AP002770.1
AP002784.1	AP002784.1
AP002793.1	AP002793.1
AP002802.1	AP002802.1
AP002807.1	AP002807.1
AP002812.2	AP002812.2
AP002812.3	AP002812.3
AP002812.5	AP002812.5
AP002813.1	AP002813.1
AP002815.1	AP002815.1
AP002833.1	AP002833.1
AP002833.2	AP002833.2
AP002840.1	AP002840.1
AP002840.2	AP002840.2
AP002851.1	AP002851.1
AP002852.1	AP002852.1
AP002856.1	AP002856.1
AP002856.2	AP002856.2
AP002856.3	AP002856.3
AP002856.4	AP002856.4
AP002884.1	AP002884.1
AP002884.2	AP002884.2
AP002884.3	AP002884.3
AP002892.1	AP002892.1
AP002892.2	AP002892.2
AP002893.1	AP002893.1
AP002907.1	AP002907.1
AP002954.1	AP002954.1
AP002954.2	AP002954.2
AP002957.1	AP002957.1
AP002961.1	AP002961.1
AP002982.2	AP002982.2
AP002986.1	AP002986.1
AP002989.1	AP002989.1
AP002990.1	AP002990.1
AP002991.1	AP002991.1
AP002991.2	AP002991.2
AP002992.1	AP002992.1
AP002993.1	AP002993.1
AP003025.1	AP003025.1
AP003025.2	AP003025.2
AP003027.1	AP003027.1
AP003028.1	AP003028.1
AP003031.1	AP003031.1
AP003031.2	AP003031.2
AP003032.1	AP003032.1
AP003032.2	AP003032.2
AP003049.2	AP003049.2
AP003059.1	AP003059.1
AP003059.2	AP003059.2
AP003062.2	AP003062.2
AP003063.1	AP003063.1
AP003063.2	AP003063.2
AP003064.1	AP003064.1
AP003064.2	AP003064.2
AP003065.1	AP003065.1
AP003065.2	AP003065.2
AP003066.1	AP003066.1
AP003068.1	AP003068.1
AP003068.2	AP003068.2
AP003071.1	AP003071.1
AP003071.2	AP003071.2
AP003071.4	AP003071.4
AP003086.1	AP003086.1
AP003086.2	AP003086.2
AP003096.1	AP003096.1
AP003100.1	AP003100.1
AP003100.2	AP003100.2
AP003100.3	AP003100.3
AP003108.1	AP003108.1
AP003108.2	AP003108.2
AP003110.1	AP003110.1
AP003115.1	AP003115.1
AP003117.1	AP003117.1
AP003117.2	AP003117.2
AP003119.1	AP003119.1
AP003119.2	AP003119.2
AP003119.3	AP003119.3
AP003120.1	AP003120.1
AP003121.1	AP003121.1
AP003122.2	AP003122.2
AP003123.1	AP003123.1
AP003128.1	AP003128.1
AP003168.2	AP003168.2
AP003170.3	AP003170.3
AP003170.4	AP003170.4
AP003171.3	AP003171.3
AP003173.1	AP003173.1
AP003174.1	AP003174.1
AP003181.1	AP003181.1
AP003306.1	AP003306.1
AP003306.2	AP003306.2
AP003307.1	AP003307.1
AP003327.2	AP003327.2
AP003351.1	AP003351.1
AP003352.1	AP003352.1
AP003354.1	AP003354.1
AP003354.2	AP003354.2
AP003355.2	AP003355.2
AP003386.1	AP003386.1
AP003390.1	AP003390.1
AP003390.2	AP003390.2
AP003392.1	AP003392.1
AP003392.3	AP003392.3
AP003392.4	AP003392.4
AP003392.5	AP003392.5
AP003392.6	AP003392.6
AP003393.1	AP003393.1
AP003396.1	AP003396.1
AP003396.3	AP003396.3
AP003396.5	AP003396.5
AP003397.1	AP003397.1
AP003398.2	AP003398.2
AP003400.1	AP003400.1
AP003419.1	AP003419.1
AP003419.2	AP003419.2
AP003419.3	AP003419.3
AP003438.1	AP003438.1
AP003464.1	AP003464.1
AP003465.1	AP003465.1
AP003467.1	AP003467.1
AP003469.1	AP003469.1
AP003469.2	AP003469.2
AP003469.3	AP003469.3
AP003469.4	AP003469.4
AP003471.1	AP003471.1
AP003472.1	AP003472.1
AP003472.2	AP003472.2
AP003481.1	AP003481.1
AP003486.1	AP003486.1
AP003486.2	AP003486.2
AP003498.1	AP003498.1
AP003498.2	AP003498.2
AP003500.1	AP003500.1
AP003500.2	AP003500.2
AP003501.1	AP003501.1
AP003548.1	AP003548.1
AP003550.1	AP003550.1
AP003555.1	AP003555.1
AP003555.2	AP003555.2
AP003555.3	AP003555.3
AP003557.1	AP003557.1
AP003557.2	AP003557.2
AP003559.1	AP003559.1
AP003680.1	AP003680.1
AP003692.1	AP003692.1
AP003696.1	AP003696.1
AP003715.1	AP003715.1
AP003716.1	AP003716.1
AP003717.1	AP003717.1
AP003717.4	AP003717.4
AP003718.1	AP003718.1
AP003721.1	AP003721.1
AP003721.2	AP003721.2
AP003721.3	AP003721.3
AP003721.4	AP003721.4
AP003730.2	AP003730.2
AP003733.3	AP003733.3
AP003774.1	AP003774.1
AP003774.2	AP003774.2
AP003774.3	AP003774.3
AP003774.4	AP003774.4
AP003778.1	AP003778.1
AP003781.1	AP003781.1
AP003783.1	AP003783.1
AP003785.1	AP003785.1
AP003900.1	AP003900.1
AP003969.1	AP003969.1
AP003973.2	AP003973.2
AP003973.4	AP003973.4
AP004147.1	AP004147.1
AP004247.2	AP004247.2
AP004550.1	AP004550.1
AP004606.1	AP004606.1
AP004608.1	AP004608.1
AP004609.1	AP004609.1
AP004609.3	AP004609.3
AP005019.1	AP005019.1
AP005059.1	AP005059.1
AP005059.2	AP005059.2
AP005062.1	AP005062.1
AP005120.1	AP005120.1
AP005121.1	AP005121.1
AP005131.1	AP005131.1
AP005131.2	AP005131.2
AP005131.3	AP005131.3
AP005131.4	AP005131.4
AP005131.5	AP005131.5
AP005131.6	AP005131.6
AP005131.7	AP005131.7
AP005135.1	AP005135.1
AP005136.3	AP005136.3
AP005136.4	AP005136.4
AP005137.2	AP005137.2
AP005203.1	AP005203.1
AP005205.2	AP005205.2
AP005209.1	AP005209.1
AP005209.2	AP005209.2
AP005210.1	AP005210.1
AP005210.2	AP005210.2
AP005229.1	AP005229.1
AP005230.1	AP005230.1
AP005242.1	AP005242.1
AP005242.3	AP005242.3
AP005242.5	AP005242.5
AP005262.2	AP005262.2
AP005264.1	AP005264.1
AP005264.3	AP005264.3
AP005264.4	AP005264.4
AP005271.1	AP005271.1
AP005273.1	AP005273.1
AP005328.1	AP005328.1
AP005328.2	AP005328.2
AP005329.1	AP005329.1
AP005329.2	AP005329.2
AP005329.3	AP005329.3
AP005357.1	AP005357.1
AP005380.1	AP005380.1
AP005432.1	AP005432.1
AP005432.2	AP005432.2
AP005433.1	AP005433.1
AP005436.1	AP005436.1
AP005436.2	AP005436.2
AP005436.3	AP005436.3
AP005482.1	AP005482.1
AP005482.3	AP005482.3
AP005530.1	AP005530.1
AP005671.1	AP005671.1
AP005717.1	AP005717.1
AP005717.2	AP005717.2
AP005899.1	AP005899.1
AP005900.1	AP005900.1
AP005901.2	AP005901.2
AP005901.5	AP005901.5
AP005901.6	AP005901.6
AP006216.1	AP006216.1
AP006219.3	AP006219.3
AP006222.2	AP006222.2
AP006248.4	AP006248.4
AP006248.6	AP006248.6
AP006259.1	AP006259.1
AP006261.1	AP006261.1
AP006284.1	AP006284.1
AP006287.2	AP006287.2
AP006295.1	AP006295.1
AP006333.1	AP006333.1
AP006333.2	AP006333.2
AP006437.1	AP006437.1
AP006545.1	AP006545.1
AP006545.2	AP006545.2
AP006545.3	AP006545.3
AP006547.1	AP006547.1
AP006565.1	AP006565.1
AP006621.1	AP006621.1
AP006621.2	AP006621.2
AP006621.3	AP006621.3
AP006621.4	AP006621.4
AP006623.1	AP006623.1
AP1AR	AP1AR
AP1B1	AP1B1
AP1G1	AP1G1
AP1G2	AP1G2
AP1M1	AP1M1
AP1M2	AP1M2
AP1S1	AP1S1
AP1S2	AP1S2
AP1S3	AP1S3
AP2A1	AP2A1
AP2A2	AP2A2
AP2B1	AP2B1
AP2M1	AP2M1
AP2S1	AP2S1
AP3B1	AP3B1
AP3B2	AP3B2
AP3D1	AP3D1
AP3M1	AP3M1
AP3M2	AP3M2
AP3S1	AP3S1
AP3S2	AP3S2
AP4B1	AP4B1
AP4B1-AS1	AP4B1-AS1
AP4E1	AP4E1
AP4M1	AP4M1
AP4S1	AP4S1
AP5B1	AP5B1
AP5M1	AP5M1
AP5S1	AP5S1
AP5Z1	AP5Z1
APAF1	APAF1
APBA1	APBA1
APBA2	APBA2
APBA3	APBA3
APBB1	APBB1
APBB1IP	APBB1IP
APBB2	APBB2
APBB3	APBB3
APC	APC
APC2	APC2
APCDD1	APCDD1
APCDD1L	APCDD1L
APCDD1L-DT	APCDD1L-DT
APEH	APEH
APELA	APELA
APEX1	APEX1
APEX2	APEX2
APH1A	APH1A
APH1B	APH1B
API5	API5
APIP	APIP
APLF	APLF
APLN	APLN
APLNR	APLNR
APLP1	APLP1
APLP2	APLP2
APMAP	APMAP
APOA1	APOA1
APOA1-AS	APOA1-AS
APOA2	APOA2
APOB	APOB
APOBEC1	APOBEC1
APOBEC2	APOBEC2
APOBEC3A	APOBEC3A
APOBEC3B-AS1	APOBEC3B-AS1
APOBEC3C	APOBEC3C
APOBEC3D	APOBEC3D
APOBEC3F	APOBEC3F
APOBEC3G	APOBEC3G
APOBEC3H	APOBEC3H
APOBEC4	APOBEC4
APOBR	APOBR
APOC1	APOC1
APOC2	APOC2
APOC3	APOC3
APOC4	APOC4
APOC4-APOC2	APOC4-APOC2
APOD	APOD
APOE	APOE
APOF	APOF
APOH	APOH
APOL1	APOL1
APOL2	APOL2
APOL3	APOL3
APOL4	APOL4
APOL5	APOL5
APOL6	APOL6
APOLD1	APOLD1
APOM	APOM
APOO	APOO
APOOL	APOOL
APP	APP
APPBP2	APPBP2
APPL1	APPL1
APPL2	APPL2
APRT	APRT
APTR	APTR
APTX	APTX
AQP1	AQP1
AQP10	AQP10
AQP11	AQP11
AQP3	AQP3
AQP4	AQP4
AQP4-AS1	AQP4-AS1
AQP5	AQP5
AQP6	AQP6
AQP7	AQP7
AQP8	AQP8
AQP9	AQP9
AQR	AQR
AR	AR
ARAF	ARAF
ARAP1	ARAP1
ARAP1-AS1	ARAP1-AS1
ARAP1-AS2	ARAP1-AS2
ARAP2	ARAP2
ARAP3	ARAP3
ARC	ARC
ARCN1	ARCN1
AREG	AREG
AREL1	AREL1
ARF1	ARF1
ARF3	ARF3
ARF4	ARF4
ARF4-AS1	ARF4-AS1
ARF5	ARF5
ARF6	ARF6
ARFGAP1	ARFGAP1
ARFGAP2	ARFGAP2
ARFGAP3	ARFGAP3
ARFGEF1	ARFGEF1
ARFGEF2	ARFGEF2
ARFGEF3	ARFGEF3
ARFIP1	ARFIP1
ARFIP2	ARFIP2
ARFRP1	ARFRP1
ARG1	ARG1
ARG2	ARG2
ARGFX	ARGFX
ARGLU1	ARGLU1
ARHGAP1	ARHGAP1
ARHGAP10	ARHGAP10
ARHGAP11A	ARHGAP11A
ARHGAP11B	ARHGAP11B
ARHGAP12	ARHGAP12
ARHGAP15	ARHGAP15
ARHGAP17	ARHGAP17
ARHGAP18	ARHGAP18
ARHGAP19	ARHGAP19
ARHGAP19-SLIT1	ARHGAP19-SLIT1
ARHGAP20	ARHGAP20
ARHGAP21	ARHGAP21
ARHGAP22	ARHGAP22
ARHGAP22-IT1	ARHGAP22-IT1
ARHGAP23	ARHGAP23
ARHGAP24	ARHGAP24
ARHGAP25	ARHGAP25
ARHGAP26	ARHGAP26
ARHGAP26-AS1	ARHGAP26-AS1
ARHGAP26-IT1	ARHGAP26-IT1
ARHGAP27	ARHGAP27
ARHGAP28	ARHGAP28
ARHGAP29	ARHGAP29
ARHGAP29-AS1	ARHGAP29-AS1
ARHGAP30	ARHGAP30
ARHGAP31	ARHGAP31
ARHGAP31-AS1	ARHGAP31-AS1
ARHGAP32	ARHGAP32
ARHGAP33	ARHGAP33
ARHGAP35	ARHGAP35
ARHGAP36	ARHGAP36
ARHGAP39	ARHGAP39
ARHGAP4	ARHGAP4
ARHGAP40	ARHGAP40
ARHGAP42	ARHGAP42
ARHGAP44	ARHGAP44
ARHGAP45	ARHGAP45
ARHGAP5	ARHGAP5
ARHGAP5-AS1	ARHGAP5-AS1
ARHGAP6	ARHGAP6
ARHGAP8	ARHGAP8
ARHGAP9	ARHGAP9
ARHGDIA	ARHGDIA
ARHGDIB	ARHGDIB
ARHGDIG	ARHGDIG
ARHGEF1	ARHGEF1
ARHGEF10	ARHGEF10
ARHGEF10L	ARHGEF10L
ARHGEF11	ARHGEF11
ARHGEF12	ARHGEF12
ARHGEF15	ARHGEF15
ARHGEF16	ARHGEF16
ARHGEF17	ARHGEF17
ARHGEF18	ARHGEF18
ARHGEF19	ARHGEF19
ARHGEF2	ARHGEF2
ARHGEF25	ARHGEF25
ARHGEF26	ARHGEF26
ARHGEF26-AS1	ARHGEF26-AS1
ARHGEF28	ARHGEF28
ARHGEF3	ARHGEF3
ARHGEF3-AS1	ARHGEF3-AS1
ARHGEF33	ARHGEF33
ARHGEF35	ARHGEF35
ARHGEF37	ARHGEF37
ARHGEF38	ARHGEF38
ARHGEF39	ARHGEF39
ARHGEF4	ARHGEF4
ARHGEF40	ARHGEF40
ARHGEF5	ARHGEF5
ARHGEF6	ARHGEF6
ARHGEF7	ARHGEF7
ARHGEF7-AS2	ARHGEF7-AS2
ARHGEF7-IT1	ARHGEF7-IT1
ARHGEF9	ARHGEF9
ARHGEF9-IT1	ARHGEF9-IT1
ARID1A	ARID1A
ARID1B	ARID1B
ARID2	ARID2
ARID3A	ARID3A
ARID3B	ARID3B
ARID3C	ARID3C
ARID4A	ARID4A
ARID4B	ARID4B
ARID5A	ARID5A
ARID5B	ARID5B
ARIH1	ARIH1
ARIH2	ARIH2
ARIH2OS	ARIH2OS
ARL1	ARL1
ARL10	ARL10
ARL11	ARL11
ARL13A	ARL13A
ARL13B	ARL13B
ARL14EP	ARL14EP
ARL14EPL	ARL14EPL
ARL15	ARL15
ARL16	ARL16
ARL17A	ARL17A
ARL17B	ARL17B
ARL2	ARL2
ARL2-SNX15	ARL2-SNX15
ARL2BP	ARL2BP
ARL3	ARL3
ARL4A	ARL4A
ARL4C	ARL4C
ARL4D	ARL4D
ARL5A	ARL5A
ARL5B	ARL5B
ARL5C	ARL5C
ARL6	ARL6
ARL6IP1	ARL6IP1
ARL6IP4	ARL6IP4
ARL6IP5	ARL6IP5
ARL6IP6	ARL6IP6
ARL8A	ARL8A
ARL8B	ARL8B
ARL9	ARL9
ARLNC1	ARLNC1
ARMC1	ARMC1
ARMC10	ARMC10
ARMC12	ARMC12
ARMC2	ARMC2
ARMC2-AS1	ARMC2-AS1
ARMC3	ARMC3
ARMC4	ARMC4
ARMC5	ARMC5
ARMC6	ARMC6
ARMC7	ARMC7
ARMC8	ARMC8
ARMC9	ARMC9
ARMCX1	ARMCX1
ARMCX2	ARMCX2
ARMCX3	ARMCX3
ARMCX3-AS1	ARMCX3-AS1
ARMCX4	ARMCX4
ARMCX5	ARMCX5
ARMCX5-GPRASP2	ARMCX5-GPRASP2
ARMCX5-GPRASP2-1	ARMCX5-GPRASP2-1
ARMCX6	ARMCX6
ARMH1	ARMH1
ARMH2	ARMH2
ARMH3	ARMH3
ARMH4	ARMH4
ARMS2	ARMS2
ARMT1	ARMT1
ARNT	ARNT
ARNT2	ARNT2
ARNTL	ARNTL
ARNTL2	ARNTL2
ARNTL2-AS1	ARNTL2-AS1
ARPC1A	ARPC1A
ARPC1B	ARPC1B
ARPC2	ARPC2
ARPC3	ARPC3
ARPC4	ARPC4
ARPC4-TTLL3	ARPC4-TTLL3
ARPC5	ARPC5
ARPC5L	ARPC5L
ARPIN	ARPIN
ARPP19	ARPP19
ARPP21	ARPP21
ARPP21-AS1	ARPP21-AS1
ARR3	ARR3
ARRB1	ARRB1
ARRB2	ARRB2
ARRDC1	ARRDC1
ARRDC1-AS1	ARRDC1-AS1
ARRDC2	ARRDC2
ARRDC3	ARRDC3
ARRDC3-AS1	ARRDC3-AS1
ARRDC4	ARRDC4
ARRDC5	ARRDC5
ARSA	ARSA
ARSB	ARSB
ARSD	ARSD
ARSD-AS1	ARSD-AS1
ARSE	ARSE
ARSF	ARSF
ARSG	ARSG
ARSH	ARSH
ARSI	ARSI
ARSJ	ARSJ
ARSK	ARSK
ART1	ART1
ART3	ART3
ART4	ART4
ART5	ART5
ARTN	ARTN
ARV1	ARV1
ARVCF	ARVCF
ARX	ARX
AS3MT	AS3MT
ASAH1	ASAH1
ASAH2	ASAH2
ASAH2B	ASAH2B
ASAP1	ASAP1
ASAP1-IT2	ASAP1-IT2
ASAP2	ASAP2
ASAP3	ASAP3
ASB1	ASB1
ASB10	ASB10
ASB11	ASB11
ASB12	ASB12
ASB13	ASB13
ASB14	ASB14
ASB15	ASB15
ASB16	ASB16
ASB16-AS1	ASB16-AS1
ASB17	ASB17
ASB18	ASB18
ASB2	ASB2
ASB3	ASB3
ASB4	ASB4
ASB5	ASB5
ASB6	ASB6
ASB7	ASB7
ASB8	ASB8
ASB9	ASB9
ASCC1	ASCC1
ASCC2	ASCC2
ASCC3	ASCC3
ASCL1	ASCL1
ASCL2	ASCL2
ASCL4	ASCL4
ASCL5	ASCL5
ASF1A	ASF1A
ASF1B	ASF1B
ASGR1	ASGR1
ASGR2	ASGR2
ASH1L	ASH1L
ASH1L-AS1	ASH1L-AS1
ASH1L-IT1	ASH1L-IT1
ASH2L	ASH2L
ASIC1	ASIC1
ASIC2	ASIC2
ASIC3	ASIC3
ASIC4	ASIC4
ASIC5	ASIC5
ASIP	ASIP
ASL	ASL
ASMT	ASMT
ASMTL	ASMTL
ASMTL-AS1	ASMTL-AS1
ASNA1	ASNA1
ASNS	ASNS
ASNSD1	ASNSD1
ASPA	ASPA
ASPDH	ASPDH
ASPG	ASPG
ASPH	ASPH
ASPHD1	ASPHD1
ASPHD2	ASPHD2
ASPM	ASPM
ASPN	ASPN
ASPRV1	ASPRV1
ASPSCR1	ASPSCR1
ASRGL1	ASRGL1
ASS1	ASS1
ASTE1	ASTE1
ASTL	ASTL
ASTN1	ASTN1
ASTN2	ASTN2
ASTN2-AS1	ASTN2-AS1
ASXL1	ASXL1
ASXL2	ASXL2
ASXL3	ASXL3
ASZ1	ASZ1
ATAD1	ATAD1
ATAD2	ATAD2
ATAD2B	ATAD2B
ATAD3A	ATAD3A
ATAD3B	ATAD3B
ATAD3C	ATAD3C
ATAD5	ATAD5
ATAT1	ATAT1
ATCAY	ATCAY
ATE1	ATE1
ATF1	ATF1
ATF2	ATF2
ATF3	ATF3
ATF4	ATF4
ATF5	ATF5
ATF6	ATF6
ATF6B	ATF6B
ATF7	ATF7
ATF7IP	ATF7IP
ATF7IP2	ATF7IP2
ATG10	ATG10
ATG10-AS1	ATG10-AS1
ATG10-IT1	ATG10-IT1
ATG101	ATG101
ATG12	ATG12
ATG13	ATG13
ATG14	ATG14
ATG16L1	ATG16L1
ATG16L2	ATG16L2
ATG2A	ATG2A
ATG2B	ATG2B
ATG3	ATG3
ATG4A	ATG4A
ATG4B	ATG4B
ATG4C	ATG4C
ATG4D	ATG4D
ATG5	ATG5
ATG7	ATG7
ATG9A	ATG9A
ATG9B	ATG9B
ATIC	ATIC
ATL1	ATL1
ATL2	ATL2
ATL3	ATL3
ATM	ATM
ATMIN	ATMIN
ATN1	ATN1
ATOH7	ATOH7
ATOH8	ATOH8
ATOX1	ATOX1
ATP10A	ATP10A
ATP10B	ATP10B
ATP10D	ATP10D
ATP11A	ATP11A
ATP11A-AS1	ATP11A-AS1
ATP11AUN	ATP11AUN
ATP11B	ATP11B
ATP11C	ATP11C
ATP12A	ATP12A
ATP13A1	ATP13A1
ATP13A2	ATP13A2
ATP13A3	ATP13A3
ATP13A4	ATP13A4
ATP13A4-AS1	ATP13A4-AS1
ATP13A5	ATP13A5
ATP13A5-AS1	ATP13A5-AS1
ATP1A1	ATP1A1
ATP1A1-AS1	ATP1A1-AS1
ATP1A2	ATP1A2
ATP1A3	ATP1A3
ATP1A4	ATP1A4
ATP1B1	ATP1B1
ATP1B2	ATP1B2
ATP1B3	ATP1B3
ATP1B3-AS1	ATP1B3-AS1
ATP1B4	ATP1B4
ATP23	ATP23
ATP2A1	ATP2A1
ATP2A1-AS1	ATP2A1-AS1
ATP2A2	ATP2A2
ATP2A3	ATP2A3
ATP2B1	ATP2B1
ATP2B1-AS1	ATP2B1-AS1
ATP2B2	ATP2B2
ATP2B2-IT1	ATP2B2-IT1
ATP2B2-IT2	ATP2B2-IT2
ATP2B3	ATP2B3
ATP2B4	ATP2B4
ATP2C1	ATP2C1
ATP2C2	ATP2C2
ATP2C2-AS1	ATP2C2-AS1
ATP4A	ATP4A
ATP4B	ATP4B
ATP5F1A	ATP5F1A
ATP5F1B	ATP5F1B
ATP5F1C	ATP5F1C
ATP5F1D	ATP5F1D
ATP5F1E	ATP5F1E
ATP5IF1	ATP5IF1
ATP5MC1	ATP5MC1
ATP5MC2	ATP5MC2
ATP5MC3	ATP5MC3
ATP5MD	ATP5MD
ATP5ME	ATP5ME
ATP5MF	ATP5MF
ATP5MG	ATP5MG
ATP5MGL	ATP5MGL
ATP5MPL	ATP5MPL
ATP5PB	ATP5PB
ATP5PD	ATP5PD
ATP5PF	ATP5PF
ATP5PO	ATP5PO
ATP5S	ATP5S
ATP6AP1	ATP6AP1
ATP6AP1L	ATP6AP1L
ATP6AP2	ATP6AP2
ATP6V0A1	ATP6V0A1
ATP6V0A2	ATP6V0A2
ATP6V0A4	ATP6V0A4
ATP6V0B	ATP6V0B
ATP6V0C	ATP6V0C
ATP6V0D1	ATP6V0D1
ATP6V0D2	ATP6V0D2
ATP6V0E1	ATP6V0E1
ATP6V0E2	ATP6V0E2
ATP6V0E2-AS1	ATP6V0E2-AS1
ATP6V1A	ATP6V1A
ATP6V1B1	ATP6V1B1
ATP6V1B2	ATP6V1B2
ATP6V1C1	ATP6V1C1
ATP6V1C2	ATP6V1C2
ATP6V1D	ATP6V1D
ATP6V1E1	ATP6V1E1
ATP6V1E2	ATP6V1E2
ATP6V1F	ATP6V1F
ATP6V1FNB	ATP6V1FNB
ATP6V1G1	ATP6V1G1
ATP6V1G2	ATP6V1G2
ATP6V1G2-DDX39B	ATP6V1G2-DDX39B
ATP6V1G3	ATP6V1G3
ATP6V1H	ATP6V1H
ATP7A	ATP7A
ATP7B	ATP7B
ATP8A1	ATP8A1
ATP8A2	ATP8A2
ATP8B1	ATP8B1
ATP8B2	ATP8B2
ATP8B3	ATP8B3
ATP8B4	ATP8B4
ATP9A	ATP9A
ATP9B	ATP9B
ATPAF1	ATPAF1
ATPAF2	ATPAF2
ATPSCKMT	ATPSCKMT
ATR	ATR
ATRAID	ATRAID
ATRIP	ATRIP
ATRN	ATRN
ATRNL1	ATRNL1
ATRX	ATRX
ATXN1	ATXN1
ATXN10	ATXN10
ATXN1L	ATXN1L
ATXN2	ATXN2
ATXN2-AS	ATXN2-AS
ATXN2L	ATXN2L
ATXN3	ATXN3
ATXN3L	ATXN3L
ATXN7	ATXN7
ATXN7L1	ATXN7L1
ATXN7L2	ATXN7L2
ATXN7L3	ATXN7L3
ATXN7L3B	ATXN7L3B
ATXN8OS	ATXN8OS
AUH	AUH
AUNIP	AUNIP
AUP1	AUP1
AURKA	AURKA
AURKAIP1	AURKAIP1
AURKB	AURKB
AURKC	AURKC
AUTS2	AUTS2
AUXG01000058.1	AUXG01000058.1
AVEN	AVEN
AVIL	AVIL
AVL9	AVL9
AVP	AVP
AVPI1	AVPI1
AVPR1A	AVPR1A
AVPR1B	AVPR1B
AVPR2	AVPR2
AWAT1	AWAT1
AWAT2	AWAT2
AXDND1	AXDND1
AXIN1	AXIN1
AXIN2	AXIN2
AXL	AXL
AZGP1	AZGP1
AZI2	AZI2
AZIN1	AZIN1
AZIN1-AS1	AZIN1-AS1
AZIN2	AZIN2
AZU1	AZU1
B2M	B2M
B3GALNT1	B3GALNT1
B3GALNT2	B3GALNT2
B3GALT1	B3GALT1
B3GALT2	B3GALT2
B3GALT4	B3GALT4
B3GALT5	B3GALT5
B3GALT5-AS1	B3GALT5-AS1
B3GALT6	B3GALT6
B3GAT1	B3GAT1
B3GAT2	B3GAT2
B3GAT3	B3GAT3
B3GLCT	B3GLCT
B3GNT10	B3GNT10
B3GNT2	B3GNT2
B3GNT3	B3GNT3
B3GNT4	B3GNT4
B3GNT5	B3GNT5
B3GNT6	B3GNT6
B3GNT7	B3GNT7
B3GNT8	B3GNT8
B3GNT9	B3GNT9
B3GNTL1	B3GNTL1
B4GALNT1	B4GALNT1
B4GALNT2	B4GALNT2
B4GALNT3	B4GALNT3
B4GALNT4	B4GALNT4
B4GALT1	B4GALT1
B4GALT1-AS1	B4GALT1-AS1
B4GALT2	B4GALT2
B4GALT3	B4GALT3
B4GALT4	B4GALT4
B4GALT4-AS1	B4GALT4-AS1
B4GALT5	B4GALT5
B4GALT6	B4GALT6
B4GALT7	B4GALT7
B4GAT1	B4GAT1
B9D1	B9D1
B9D2	B9D2
BAALC	BAALC
BAALC-AS1	BAALC-AS1
BAALC-AS2	BAALC-AS2
BAAT	BAAT
BABAM1	BABAM1
BABAM2	BABAM2
BACE1	BACE1
BACE1-AS	BACE1-AS
BACE2	BACE2
BACE2-IT1	BACE2-IT1
BACH1	BACH1
BACH1-AS1	BACH1-AS1
BACH1-IT1	BACH1-IT1
BACH1-IT2	BACH1-IT2
BACH1-IT3	BACH1-IT3
BACH2	BACH2
BAD	BAD
BAG1	BAG1
BAG2	BAG2
BAG3	BAG3
BAG4	BAG4
BAG5	BAG5
BAG6	BAG6
BAHCC1	BAHCC1
BAHD1	BAHD1
BAIAP2	BAIAP2
BAIAP2-DT	BAIAP2-DT
BAIAP2L1	BAIAP2L1
BAIAP2L2	BAIAP2L2
BAIAP3	BAIAP3
BAK1	BAK1
BAMBI	BAMBI
BANCR	BANCR
BANF1	BANF1
BANF2	BANF2
BANK1	BANK1
BANP	BANP
BAP1	BAP1
BARD1	BARD1
BARHL1	BARHL1
BARHL2	BARHL2
BARX1	BARX1
BARX2	BARX2
BASP1	BASP1
BASP1-AS1	BASP1-AS1
BATF	BATF
BATF2	BATF2
BATF3	BATF3
BAX	BAX
BAZ1A	BAZ1A
BAZ1B	BAZ1B
BAZ2A	BAZ2A
BAZ2B	BAZ2B
BBC3	BBC3
BBIP1	BBIP1
BBOF1	BBOF1
BBOX1	BBOX1
BBOX1-AS1	BBOX1-AS1
BBS1	BBS1
BBS10	BBS10
BBS12	BBS12
BBS2	BBS2
BBS4	BBS4
BBS5	BBS5
BBS7	BBS7
BBS9	BBS9
BBX	BBX
BCAM	BCAM
BCAN	BCAN
BCAP29	BCAP29
BCAP31	BCAP31
BCAR1	BCAR1
BCAR3	BCAR3
BCAR4	BCAR4
BCAS1	BCAS1
BCAS2	BCAS2
BCAS3	BCAS3
BCAS4	BCAS4
BCAT1	BCAT1
BCAT2	BCAT2
BCCIP	BCCIP
BCDIN3D	BCDIN3D
BCDIN3D-AS1	BCDIN3D-AS1
BCHE	BCHE
BCKDHA	BCKDHA
BCKDHB	BCKDHB
BCKDK	BCKDK
BCL10	BCL10
BCL11A	BCL11A
BCL11B	BCL11B
BCL2	BCL2
BCL2A1	BCL2A1
BCL2L1	BCL2L1
BCL2L10	BCL2L10
BCL2L11	BCL2L11
BCL2L12	BCL2L12
BCL2L13	BCL2L13
BCL2L14	BCL2L14
BCL2L15	BCL2L15
BCL2L2	BCL2L2
BCL2L2-PABPN1	BCL2L2-PABPN1
BCL3	BCL3
BCL6	BCL6
BCL6B	BCL6B
BCL7A	BCL7A
BCL7B	BCL7B
BCL7C	BCL7C
BCL9	BCL9
BCL9L	BCL9L
BCLAF1	BCLAF1
BCLAF3	BCLAF3
BCO1	BCO1
BCO2	BCO2
BCOR	BCOR
BCORL1	BCORL1
BCR	BCR
BCS1L	BCS1L
BDH1	BDH1
BDH2	BDH2
BDKRB1	BDKRB1
BDKRB2	BDKRB2
BDNF	BDNF
BDNF-AS	BDNF-AS
BDP1	BDP1
BEAN1	BEAN1
BEAN1-AS1	BEAN1-AS1
BECN1	BECN1
BEGAIN	BEGAIN
BEND2	BEND2
BEND3	BEND3
BEND4	BEND4
BEND5	BEND5
BEND6	BEND6
BEND7	BEND7
BEST1	BEST1
BEST2	BEST2
BEST3	BEST3
BEST4	BEST4
BET1	BET1
BET1L	BET1L
BEX1	BEX1
BEX2	BEX2
BEX3	BEX3
BEX4	BEX4
BEX5	BEX5
BFAR	BFAR
BFSP1	BFSP1
BFSP2	BFSP2
BFSP2-AS1	BFSP2-AS1
BGLAP	BGLAP
BGLT3	BGLT3
BGN	BGN
BHLHA9	BHLHA9
BHLHB9	BHLHB9
BHLHE22	BHLHE22
BHLHE40	BHLHE40
BHLHE40-AS1	BHLHE40-AS1
BHLHE41	BHLHE41
BHMG1	BHMG1
BHMT	BHMT
BHMT2	BHMT2
BICC1	BICC1
BICD1	BICD1
BICD2	BICD2
BICDL1	BICDL1
BICDL2	BICDL2
BICRA	BICRA
BICRA-AS1	BICRA-AS1
BICRAL	BICRAL
BID	BID
BIK	BIK
BIN1	BIN1
BIN2	BIN2
BIN3	BIN3
BIRC2	BIRC2
BIRC3	BIRC3
BIRC5	BIRC5
BIRC6	BIRC6
BIRC6-AS1	BIRC6-AS1
BIRC7	BIRC7
BISPR	BISPR
BIVM	BIVM
BLACAT1	BLACAT1
BLACE	BLACE
BLCAP	BLCAP
BLID	BLID
BLK	BLK
BLM	BLM
BLMH	BLMH
BLNK	BLNK
BLOC1S1	BLOC1S1
BLOC1S2	BLOC1S2
BLOC1S3	BLOC1S3
BLOC1S4	BLOC1S4
BLOC1S5	BLOC1S5
BLOC1S5-TXNDC5	BLOC1S5-TXNDC5
BLOC1S6	BLOC1S6
BLVRA	BLVRA
BLVRB	BLVRB
BLZF1	BLZF1
BMERB1	BMERB1
BMF	BMF
BMF-AS1	BMF-AS1
BMI1	BMI1
BMP1	BMP1
BMP10	BMP10
BMP15	BMP15
BMP2	BMP2
BMP2K	BMP2K
BMP3	BMP3
BMP4	BMP4
BMP5	BMP5
BMP6	BMP6
BMP7	BMP7
BMP7-AS1	BMP7-AS1
BMP8A	BMP8A
BMP8B	BMP8B
BMP8B-AS1	BMP8B-AS1
BMPER	BMPER
BMPR1A	BMPR1A
BMPR1B	BMPR1B
BMPR1B-DT	BMPR1B-DT
BMPR2	BMPR2
BMS1	BMS1
BMS1P14	BMS1P14
BMT2	BMT2
BMX	BMX
BNC1	BNC1
BNC2	BNC2
BNC2-AS1	BNC2-AS1
BNIP1	BNIP1
BNIP2	BNIP2
BNIP3	BNIP3
BNIP3L	BNIP3L
BNIP5	BNIP5
BNIPL	BNIPL
BOC	BOC
BOD1	BOD1
BOD1L1	BOD1L1
BOK	BOK
BOK-AS1	BOK-AS1
BOLA1	BOLA1
BOLA2	BOLA2
BOLA2B	BOLA2B
BOLA3	BOLA3
BOLA3-AS1	BOLA3-AS1
BOLL	BOLL
BOP1	BOP1
BORA	BORA
BORCS5	BORCS5
BORCS6	BORCS6
BORCS7	BORCS7
BORCS7-ASMT	BORCS7-ASMT
BORCS8	BORCS8
BORCS8-MEF2B	BORCS8-MEF2B
BPGM	BPGM
BPHL	BPHL
BPI	BPI
BPIFA2	BPIFA2
BPIFA3	BPIFA3
BPIFB1	BPIFB1
BPIFB2	BPIFB2
BPIFB3	BPIFB3
BPIFB4	BPIFB4
BPIFB6	BPIFB6
BPIFC	BPIFC
BPNT1	BPNT1
BPTF	BPTF
BRAF	BRAF
BRAP	BRAP
BRAT1	BRAT1
BRCA1	BRCA1
BRCA2	BRCA2
BRCC3	BRCC3
BRD1	BRD1
BRD2	BRD2
BRD3	BRD3
BRD3OS	BRD3OS
BRD4	BRD4
BRD7	BRD7
BRD8	BRD8
BRD9	BRD9
BRDT	BRDT
BRF1	BRF1
BRF2	BRF2
BRI3	BRI3
BRI3BP	BRI3BP
BRICD5	BRICD5
BRINP1	BRINP1
BRINP2	BRINP2
BRINP3	BRINP3
BRIP1	BRIP1
BRIX1	BRIX1
BRK1	BRK1
BRMS1	BRMS1
BRMS1L	BRMS1L
BROX	BROX
BRPF1	BRPF1
BRPF3	BRPF3
BRS3	BRS3
BRSK1	BRSK1
BRSK2	BRSK2
BRWD1	BRWD1
BRWD1-AS1	BRWD1-AS1
BRWD1-AS2	BRWD1-AS2
BRWD1-IT1	BRWD1-IT1
BRWD3	BRWD3
BSCL2	BSCL2
BSDC1	BSDC1
BSG	BSG
BSN	BSN
BSN-AS1	BSN-AS1
BSN-DT	BSN-DT
BSND	BSND
BSPH1	BSPH1
BSPRY	BSPRY
BST1	BST1
BST2	BST2
BSX	BSX
BTAF1	BTAF1
BTBD1	BTBD1
BTBD10	BTBD10
BTBD11	BTBD11
BTBD16	BTBD16
BTBD17	BTBD17
BTBD18	BTBD18
BTBD19	BTBD19
BTBD2	BTBD2
BTBD3	BTBD3
BTBD6	BTBD6
BTBD7	BTBD7
BTBD8	BTBD8
BTBD9	BTBD9
BTBD9-AS1	BTBD9-AS1
BTC	BTC
BTD	BTD
BTF3	BTF3
BTF3L4	BTF3L4
BTG1	BTG1
BTG2	BTG2
BTG3	BTG3
BTG3-AS1	BTG3-AS1
BTG4	BTG4
BTK	BTK
BTLA	BTLA
BTN1A1	BTN1A1
BTN2A1	BTN2A1
BTN2A2	BTN2A2
BTN3A1	BTN3A1
BTN3A2	BTN3A2
BTN3A3	BTN3A3
BTNL2	BTNL2
BTNL3	BTNL3
BTNL8	BTNL8
BTNL9	BTNL9
BTRC	BTRC
BUB1	BUB1
BUB1B	BUB1B
BUB1B-PAK6	BUB1B-PAK6
BUB3	BUB3
BUD13	BUD13
BUD23	BUD23
BUD31	BUD31
BVES	BVES
BVES-AS1	BVES-AS1
BX004807.1	BX004807.1
BX004987.1	BX004987.1
BX005019.1	BX005019.1
BX005040.1	BX005040.1
BX005040.3	BX005040.3
BX005132.1	BX005132.1
BX005214.1	BX005214.1
BX005266.2	BX005266.2
BX072579.1	BX072579.1
BX072579.2	BX072579.2
BX088645.1	BX088645.1
BX088651.2	BX088651.2
BX088651.4	BX088651.4
BX088723.1	BX088723.1
BX248123.1	BX248123.1
BX248415.1	BX248415.1
BX255923.1	BX255923.1
BX255923.2	BX255923.2
BX255925.1	BX255925.1
BX255925.3	BX255925.3
BX276092.9	BX276092.9
BX284613.2	BX284613.2
BX284668.1	BX284668.1
BX284668.2	BX284668.2
BX284668.5	BX284668.5
BX284668.6	BX284668.6
BX293535.1	BX293535.1
BX322234.1	BX322234.1
BX322557.1	BX322557.1
BX322557.2	BX322557.2
BX322562.1	BX322562.1
BX323043.1	BX323043.1
BX323046.1	BX323046.1
BX323046.2	BX323046.2
BX324167.1	BX324167.1
BX324167.2	BX324167.2
BX470102.1	BX470102.1
BX470102.2	BX470102.2
BX470209.1	BX470209.1
BX470209.2	BX470209.2
BX537318.1	BX537318.1
BX539320.1	BX539320.1
BX546033.1	BX546033.1
BX546450.1	BX546450.1
BX546450.2	BX546450.2
BX547991.1	BX547991.1
BX571846.1	BX571846.1
BX640514.2	BX640514.2
BX640515.1	BX640515.1
BX649601.1	BX649601.1
BX649632.1	BX649632.1
BX664615.2	BX664615.2
BX664718.1	BX664718.1
BX664727.3	BX664727.3
BX664730.1	BX664730.1
BX842242.1	BX842242.1
BX842570.1	BX842570.1
BX890604.1	BX890604.1
BX890604.2	BX890604.2
BX927359.1	BX927359.1
BYSL	BYSL
BZW1	BZW1
BZW2	BZW2
C10orf105	C10orf105
C10orf113	C10orf113
C10orf120	C10orf120
C10orf142	C10orf142
C10orf143	C10orf143
C10orf25	C10orf25
C10orf53	C10orf53
C10orf55	C10orf55
C10orf62	C10orf62
C10orf67	C10orf67
C10orf71	C10orf71
C10orf82	C10orf82
C10orf88	C10orf88
C10orf90	C10orf90
C10orf91	C10orf91
C10orf95	C10orf95
C10orf99	C10orf99
C11orf1	C11orf1
C11orf16	C11orf16
C11orf21	C11orf21
C11orf24	C11orf24
C11orf40	C11orf40
C11orf42	C11orf42
C11orf44	C11orf44
C11orf45	C11orf45
C11orf49	C11orf49
C11orf52	C11orf52
C11orf53	C11orf53
C11orf54	C11orf54
C11orf58	C11orf58
C11orf65	C11orf65
C11orf68	C11orf68
C11orf71	C11orf71
C11orf72	C11orf72
C11orf74	C11orf74
C11orf80	C11orf80
C11orf86	C11orf86
C11orf87	C11orf87
C11orf88	C11orf88
C11orf91	C11orf91
C11orf94	C11orf94
C11orf95	C11orf95
C11orf96	C11orf96
C11orf97	C11orf97
C11orf98	C11orf98
C12orf10	C12orf10
C12orf29	C12orf29
C12orf4	C12orf4
C12orf40	C12orf40
C12orf42	C12orf42
C12orf43	C12orf43
C12orf45	C12orf45
C12orf49	C12orf49
C12orf50	C12orf50
C12orf54	C12orf54
C12orf56	C12orf56
C12orf57	C12orf57
C12orf60	C12orf60
C12orf65	C12orf65
C12orf66	C12orf66
C12orf71	C12orf71
C12orf73	C12orf73
C12orf74	C12orf74
C12orf75	C12orf75
C12orf76	C12orf76
C12orf77	C12orf77
C12orf80	C12orf80
C12orf81	C12orf81
C13orf42	C13orf42
C13orf46	C13orf46
C14orf119	C14orf119
C14orf132	C14orf132
C14orf177	C14orf177
C14orf178	C14orf178
C14orf180	C14orf180
C14orf28	C14orf28
C14orf39	C14orf39
C14orf93	C14orf93
C15orf32	C15orf32
C15orf38-AP3S2	C15orf38-AP3S2
C15orf39	C15orf39
C15orf40	C15orf40
C15orf41	C15orf41
C15orf48	C15orf48
C15orf53	C15orf53
C15orf54	C15orf54
C15orf56	C15orf56
C15orf59	C15orf59
C15orf59-AS1	C15orf59-AS1
C15orf61	C15orf61
C15orf62	C15orf62
C15orf65	C15orf65
C16orf45	C16orf45
C16orf46	C16orf46
C16orf54	C16orf54
C16orf58	C16orf58
C16orf70	C16orf70
C16orf71	C16orf71
C16orf72	C16orf72
C16orf74	C16orf74
C16orf78	C16orf78
C16orf86	C16orf86
C16orf87	C16orf87
C16orf89	C16orf89
C16orf90	C16orf90
C16orf91	C16orf91
C16orf92	C16orf92
C16orf95	C16orf95
C16orf96	C16orf96
C16orf97	C16orf97
C17orf100	C17orf100
C17orf102	C17orf102
C17orf107	C17orf107
C17orf113	C17orf113
C17orf47	C17orf47
C17orf49	C17orf49
C17orf50	C17orf50
C17orf51	C17orf51
C17orf53	C17orf53
C17orf58	C17orf58
C17orf64	C17orf64
C17orf67	C17orf67
C17orf75	C17orf75
C17orf77	C17orf77
C17orf78	C17orf78
C17orf80	C17orf80
C17orf82	C17orf82
C17orf97	C17orf97
C17orf98	C17orf98
C17orf99	C17orf99
C18orf21	C18orf21
C18orf25	C18orf25
C18orf32	C18orf32
C18orf54	C18orf54
C18orf63	C18orf63
C18orf65	C18orf65
C19orf12	C19orf12
C19orf18	C19orf18
C19orf24	C19orf24
C19orf25	C19orf25
C19orf33	C19orf33
C19orf38	C19orf38
C19orf44	C19orf44
C19orf47	C19orf47
C19orf48	C19orf48
C19orf53	C19orf53
C19orf54	C19orf54
C19orf57	C19orf57
C19orf66	C19orf66
C19orf67	C19orf67
C19orf70	C19orf70
C19orf71	C19orf71
C19orf73	C19orf73
C19orf81	C19orf81
C19orf84	C19orf84
C1D	C1D
C1GALT1	C1GALT1
C1GALT1C1	C1GALT1C1
C1GALT1C1L	C1GALT1C1L
C1QA	C1QA
C1QB	C1QB
C1QBP	C1QBP
C1QC	C1QC
C1QL1	C1QL1
C1QL2	C1QL2
C1QL3	C1QL3
C1QL4	C1QL4
C1QTNF1	C1QTNF1
C1QTNF1-AS1	C1QTNF1-AS1
C1QTNF12	C1QTNF12
C1QTNF2	C1QTNF2
C1QTNF3	C1QTNF3
C1QTNF3-AMACR	C1QTNF3-AMACR
C1QTNF4	C1QTNF4
C1QTNF6	C1QTNF6
C1QTNF7	C1QTNF7
C1QTNF8	C1QTNF8
C1QTNF9	C1QTNF9
C1QTNF9-AS1	C1QTNF9-AS1
C1QTNF9B	C1QTNF9B
C1R	C1R
C1RL	C1RL
C1RL-AS1	C1RL-AS1
C1S	C1S
C1orf100	C1orf100
C1orf105	C1orf105
C1orf109	C1orf109
C1orf112	C1orf112
C1orf115	C1orf115
C1orf116	C1orf116
C1orf122	C1orf122
C1orf123	C1orf123
C1orf127	C1orf127
C1orf131	C1orf131
C1orf137	C1orf137
C1orf141	C1orf141
C1orf143	C1orf143
C1orf146	C1orf146
C1orf147	C1orf147
C1orf158	C1orf158
C1orf159	C1orf159
C1orf162	C1orf162
C1orf167	C1orf167
C1orf174	C1orf174
C1orf185	C1orf185
C1orf189	C1orf189
C1orf194	C1orf194
C1orf195	C1orf195
C1orf198	C1orf198
C1orf21	C1orf21
C1orf210	C1orf210
C1orf216	C1orf216
C1orf220	C1orf220
C1orf226	C1orf226
C1orf229	C1orf229
C1orf232	C1orf232
C1orf35	C1orf35
C1orf43	C1orf43
C1orf50	C1orf50
C1orf52	C1orf52
C1orf53	C1orf53
C1orf54	C1orf54
C1orf56	C1orf56
C1orf61	C1orf61
C1orf74	C1orf74
C1orf87	C1orf87
C1orf94	C1orf94
C2	C2
C2-AS1	C2-AS1
C20orf144	C20orf144
C20orf173	C20orf173
C20orf187	C20orf187
C20orf194	C20orf194
C20orf197	C20orf197
C20orf202	C20orf202
C20orf203	C20orf203
C20orf204	C20orf204
C20orf27	C20orf27
C20orf78	C20orf78
C20orf85	C20orf85
C20orf96	C20orf96
C21orf2	C21orf2
C21orf58	C21orf58
C21orf62	C21orf62
C21orf62-AS1	C21orf62-AS1
C21orf91	C21orf91
C21orf91-OT1	C21orf91-OT1
C22orf15	C22orf15
C22orf23	C22orf23
C22orf24	C22orf24
C22orf31	C22orf31
C22orf34	C22orf34
C22orf39	C22orf39
C22orf42	C22orf42
C22orf46	C22orf46
C2CD2	C2CD2
C2CD2L	C2CD2L
C2CD3	C2CD3
C2CD4A	C2CD4A
C2CD4B	C2CD4B
C2CD4C	C2CD4C
C2CD4D	C2CD4D
C2CD4D-AS1	C2CD4D-AS1
C2CD5	C2CD5
C2CD6	C2CD6
C2orf15	C2orf15
C2orf16	C2orf16
C2orf27A	C2orf27A
C2orf27B	C2orf27B
C2orf40	C2orf40
C2orf42	C2orf42
C2orf48	C2orf48
C2orf49	C2orf49
C2orf50	C2orf50
C2orf54	C2orf54
C2orf66	C2orf66
C2orf68	C2orf68
C2orf69	C2orf69
C2orf70	C2orf70
C2orf71	C2orf71
C2orf72	C2orf72
C2orf73	C2orf73
C2orf74	C2orf74
C2orf76	C2orf76
C2orf78	C2orf78
C2orf80	C2orf80
C2orf81	C2orf81
C2orf83	C2orf83
C2orf88	C2orf88
C2orf91	C2orf91
C2orf92	C2orf92
C3	C3
C3AR1	C3AR1
C3orf14	C3orf14
C3orf18	C3orf18
C3orf20	C3orf20
C3orf22	C3orf22
C3orf33	C3orf33
C3orf35	C3orf35
C3orf38	C3orf38
C3orf49	C3orf49
C3orf52	C3orf52
C3orf58	C3orf58
C3orf62	C3orf62
C3orf67	C3orf67
C3orf67-AS1	C3orf67-AS1
C3orf70	C3orf70
C3orf79	C3orf79
C3orf80	C3orf80
C3orf84	C3orf84
C3orf85	C3orf85
C4A	C4A
C4B	C4B
C4BPA	C4BPA
C4BPB	C4BPB
C4orf17	C4orf17
C4orf19	C4orf19
C4orf3	C4orf3
C4orf33	C4orf33
C4orf36	C4orf36
C4orf45	C4orf45
C4orf46	C4orf46
C4orf47	C4orf47
C4orf48	C4orf48
C4orf50	C4orf50
C4orf51	C4orf51
C4orf54	C4orf54
C5	C5
C5AR1	C5AR1
C5AR2	C5AR2
C5orf15	C5orf15
C5orf17	C5orf17
C5orf22	C5orf22
C5orf24	C5orf24
C5orf30	C5orf30
C5orf34	C5orf34
C5orf38	C5orf38
C5orf46	C5orf46
C5orf47	C5orf47
C5orf49	C5orf49
C5orf51	C5orf51
C5orf52	C5orf52
C5orf56	C5orf56
C5orf58	C5orf58
C5orf60	C5orf60
C5orf63	C5orf63
C5orf64	C5orf64
C5orf64-AS1	C5orf64-AS1
C5orf66	C5orf66
C5orf66-AS2	C5orf66-AS2
C5orf67	C5orf67
C6	C6
C6orf10	C6orf10
C6orf106	C6orf106
C6orf118	C6orf118
C6orf120	C6orf120
C6orf132	C6orf132
C6orf136	C6orf136
C6orf141	C6orf141
C6orf163	C6orf163
C6orf201	C6orf201
C6orf203	C6orf203
C6orf222	C6orf222
C6orf223	C6orf223
C6orf226	C6orf226
C6orf47	C6orf47
C6orf47-AS1	C6orf47-AS1
C6orf48	C6orf48
C6orf52	C6orf52
C6orf58	C6orf58
C6orf62	C6orf62
C6orf89	C6orf89
C6orf99	C6orf99
C7	C7
C7orf25	C7orf25
C7orf26	C7orf26
C7orf31	C7orf31
C7orf33	C7orf33
C7orf43	C7orf43
C7orf50	C7orf50
C7orf57	C7orf57
C7orf61	C7orf61
C7orf65	C7orf65
C7orf66	C7orf66
C7orf69	C7orf69
C7orf71	C7orf71
C7orf77	C7orf77
C8A	C8A
C8B	C8B
C8G	C8G
C8orf31	C8orf31
C8orf33	C8orf33
C8orf34	C8orf34
C8orf34-AS1	C8orf34-AS1
C8orf37	C8orf37
C8orf37-AS1	C8orf37-AS1
C8orf48	C8orf48
C8orf49	C8orf49
C8orf58	C8orf58
C8orf59	C8orf59
C8orf74	C8orf74
C8orf76	C8orf76
C8orf82	C8orf82
C8orf86	C8orf86
C8orf87	C8orf87
C8orf88	C8orf88
C8orf89	C8orf89
C9	C9
C9orf106	C9orf106
C9orf116	C9orf116
C9orf129	C9orf129
C9orf131	C9orf131
C9orf135	C9orf135
C9orf135-DT	C9orf135-DT
C9orf139	C9orf139
C9orf147	C9orf147
C9orf152	C9orf152
C9orf153	C9orf153
C9orf16	C9orf16
C9orf163	C9orf163
C9orf170	C9orf170
C9orf24	C9orf24
C9orf3	C9orf3
C9orf40	C9orf40
C9orf41-AS1	C9orf41-AS1
C9orf43	C9orf43
C9orf50	C9orf50
C9orf57	C9orf57
C9orf62	C9orf62
C9orf64	C9orf64
C9orf66	C9orf66
C9orf72	C9orf72
C9orf78	C9orf78
C9orf84	C9orf84
C9orf85	C9orf85
C9orf92	C9orf92
CA1	CA1
CA10	CA10
CA11	CA11
CA12	CA12
CA13	CA13
CA14	CA14
CA2	CA2
CA3	CA3
CA3-AS1	CA3-AS1
CA4	CA4
CA5A	CA5A
CA5B	CA5B
CA6	CA6
CA7	CA7
CA8	CA8
CA9	CA9
CAAP1	CAAP1
CAB39	CAB39
CAB39L	CAB39L
CABCOCO1	CABCOCO1
CABIN1	CABIN1
CABLES1	CABLES1
CABLES2	CABLES2
CABP1	CABP1
CABP2	CABP2
CABP4	CABP4
CABP5	CABP5
CABP7	CABP7
CABYR	CABYR
CACFD1	CACFD1
CACHD1	CACHD1
CACNA1A	CACNA1A
CACNA1B	CACNA1B
CACNA1C	CACNA1C
CACNA1C-AS1	CACNA1C-AS1
CACNA1C-AS2	CACNA1C-AS2
CACNA1C-AS3	CACNA1C-AS3
CACNA1C-AS4	CACNA1C-AS4
CACNA1C-IT1	CACNA1C-IT1
CACNA1C-IT2	CACNA1C-IT2
CACNA1C-IT3	CACNA1C-IT3
CACNA1D	CACNA1D
CACNA1E	CACNA1E
CACNA1F	CACNA1F
CACNA1G	CACNA1G
CACNA1G-AS1	CACNA1G-AS1
CACNA1H	CACNA1H
CACNA1I	CACNA1I
CACNA1S	CACNA1S
CACNA2D1	CACNA2D1
CACNA2D2	CACNA2D2
CACNA2D3	CACNA2D3
CACNA2D3-AS1	CACNA2D3-AS1
CACNA2D4	CACNA2D4
CACNB1	CACNB1
CACNB2	CACNB2
CACNB3	CACNB3
CACNB4	CACNB4
CACNG1	CACNG1
CACNG2	CACNG2
CACNG3	CACNG3
CACNG4	CACNG4
CACNG5	CACNG5
CACNG6	CACNG6
CACNG7	CACNG7
CACNG8	CACNG8
CACTIN	CACTIN
CACTIN-AS1	CACTIN-AS1
CACUL1	CACUL1
CACYBP	CACYBP
CAD	CAD
CADM1	CADM1
CADM2	CADM2
CADM2-AS1	CADM2-AS1
CADM2-AS2	CADM2-AS2
CADM3	CADM3
CADM3-AS1	CADM3-AS1
CADM4	CADM4
CADPS	CADPS
CADPS2	CADPS2
CAGE1	CAGE1
CAHM	CAHM
CALB1	CALB1
CALB2	CALB2
CALCA	CALCA
CALCB	CALCB
CALCOCO1	CALCOCO1
CALCOCO2	CALCOCO2
CALCR	CALCR
CALCRL	CALCRL
CALD1	CALD1
CALHM1	CALHM1
CALHM2	CALHM2
CALHM3	CALHM3
CALHM4	CALHM4
CALHM5	CALHM5
CALHM6	CALHM6
CALM1	CALM1
CALM2	CALM2
CALM3	CALM3
CALML3	CALML3
CALML3-AS1	CALML3-AS1
CALML4	CALML4
CALML6	CALML6
CALN1	CALN1
CALR	CALR
CALR3	CALR3
CALU	CALU
CALY	CALY
CAMK1	CAMK1
CAMK1D	CAMK1D
CAMK1G	CAMK1G
CAMK2A	CAMK2A
CAMK2B	CAMK2B
CAMK2D	CAMK2D
CAMK2G	CAMK2G
CAMK2N1	CAMK2N1
CAMK2N2	CAMK2N2
CAMK4	CAMK4
CAMKK1	CAMKK1
CAMKK2	CAMKK2
CAMKMT	CAMKMT
CAMKV	CAMKV
CAMLG	CAMLG
CAMP	CAMP
CAMSAP1	CAMSAP1
CAMSAP2	CAMSAP2
CAMSAP3	CAMSAP3
CAMTA1	CAMTA1
CAMTA1-DT	CAMTA1-DT
CAMTA1-IT1	CAMTA1-IT1
CAMTA2	CAMTA2
CAND1	CAND1
CAND2	CAND2
CANT1	CANT1
CANX	CANX
CAP1	CAP1
CAP2	CAP2
CAPG	CAPG
CAPN1	CAPN1
CAPN10	CAPN10
CAPN10-DT	CAPN10-DT
CAPN11	CAPN11
CAPN12	CAPN12
CAPN13	CAPN13
CAPN14	CAPN14
CAPN15	CAPN15
CAPN2	CAPN2
CAPN3	CAPN3
CAPN5	CAPN5
CAPN6	CAPN6
CAPN7	CAPN7
CAPN8	CAPN8
CAPN9	CAPN9
CAPNS1	CAPNS1
CAPNS2	CAPNS2
CAPRIN1	CAPRIN1
CAPRIN2	CAPRIN2
CAPS	CAPS
CAPS2	CAPS2
CAPSL	CAPSL
CAPZA1	CAPZA1
CAPZA2	CAPZA2
CAPZA3	CAPZA3
CAPZB	CAPZB
CARD10	CARD10
CARD11	CARD11
CARD14	CARD14
CARD16	CARD16
CARD18	CARD18
CARD19	CARD19
CARD6	CARD6
CARD8	CARD8
CARD8-AS1	CARD8-AS1
CARD9	CARD9
CARF	CARF
CARHSP1	CARHSP1
CARM1	CARM1
CARMIL1	CARMIL1
CARMIL2	CARMIL2
CARMIL3	CARMIL3
CARMN	CARMN
CARNMT1	CARNMT1
CARNMT1-AS1	CARNMT1-AS1
CARNS1	CARNS1
CARS	CARS
CARS-AS1	CARS-AS1
CARS2	CARS2
CARTPT	CARTPT
CASC1	CASC1
CASC10	CASC10
CASC11	CASC11
CASC15	CASC15
CASC16	CASC16
CASC17	CASC17
CASC18	CASC18
CASC19	CASC19
CASC2	CASC2
CASC20	CASC20
CASC22	CASC22
CASC23	CASC23
CASC3	CASC3
CASC4	CASC4
CASC6	CASC6
CASC8	CASC8
CASC9	CASC9
CASD1	CASD1
CASK	CASK
CASK-AS1	CASK-AS1
CASKIN1	CASKIN1
CASKIN2	CASKIN2
CASP1	CASP1
CASP10	CASP10
CASP14	CASP14
CASP2	CASP2
CASP3	CASP3
CASP4	CASP4
CASP5	CASP5
CASP6	CASP6
CASP7	CASP7
CASP8	CASP8
CASP8AP2	CASP8AP2
CASP9	CASP9
CASQ1	CASQ1
CASQ2	CASQ2
CASR	CASR
CASS4	CASS4
CAST	CAST
CASTOR1	CASTOR1
CASTOR2	CASTOR2
CASTOR3	CASTOR3
CASZ1	CASZ1
CAT	CAT
CATIP	CATIP
CATIP-AS1	CATIP-AS1
CATIP-AS2	CATIP-AS2
CATSPER1	CATSPER1
CATSPER2	CATSPER2
CATSPER3	CATSPER3
CATSPER4	CATSPER4
CATSPERB	CATSPERB
CATSPERD	CATSPERD
CATSPERE	CATSPERE
CATSPERG	CATSPERG
CATSPERZ	CATSPERZ
CAV1	CAV1
CAV2	CAV2
CAV3	CAV3
CAVIN1	CAVIN1
CAVIN2	CAVIN2
CAVIN3	CAVIN3
CAVIN4	CAVIN4
CBARP	CBARP
CBFA2T2	CBFA2T2
CBFA2T3	CBFA2T3
CBFB	CBFB
CBL	CBL
CBLB	CBLB
CBLC	CBLC
CBLIF	CBLIF
CBLL1	CBLL1
CBLL2	CBLL2
CBLN1	CBLN1
CBLN2	CBLN2
CBLN3	CBLN3
CBLN4	CBLN4
CBR1	CBR1
CBR3	CBR3
CBR3-AS1	CBR3-AS1
CBR4	CBR4
CBS	CBS
CBSL	CBSL
CBWD1	CBWD1
CBWD2	CBWD2
CBWD3	CBWD3
CBWD5	CBWD5
CBWD6	CBWD6
CBX1	CBX1
CBX2	CBX2
CBX3	CBX3
CBX4	CBX4
CBX5	CBX5
CBX6	CBX6
CBX7	CBX7
CBX8	CBX8
CBY1	CBY1
CBY3	CBY3
CC2D1A	CC2D1A
CC2D1B	CC2D1B
CC2D2A	CC2D2A
CC2D2B	CC2D2B
CCAR1	CCAR1
CCAR2	CCAR2
CCBE1	CCBE1
CCDC102A	CCDC102A
CCDC102B	CCDC102B
CCDC105	CCDC105
CCDC106	CCDC106
CCDC107	CCDC107
CCDC110	CCDC110
CCDC112	CCDC112
CCDC113	CCDC113
CCDC114	CCDC114
CCDC115	CCDC115
CCDC116	CCDC116
CCDC117	CCDC117
CCDC12	CCDC12
CCDC120	CCDC120
CCDC121	CCDC121
CCDC122	CCDC122
CCDC124	CCDC124
CCDC125	CCDC125
CCDC126	CCDC126
CCDC127	CCDC127
CCDC129	CCDC129
CCDC13	CCDC13
CCDC13-AS1	CCDC13-AS1
CCDC130	CCDC130
CCDC134	CCDC134
CCDC136	CCDC136
CCDC137	CCDC137
CCDC138	CCDC138
CCDC14	CCDC14
CCDC140	CCDC140
CCDC141	CCDC141
CCDC142	CCDC142
CCDC144A	CCDC144A
CCDC144NL	CCDC144NL
CCDC144NL-AS1	CCDC144NL-AS1
CCDC146	CCDC146
CCDC148	CCDC148
CCDC148-AS1	CCDC148-AS1
CCDC149	CCDC149
CCDC15	CCDC15
CCDC15-DT	CCDC15-DT
CCDC150	CCDC150
CCDC151	CCDC151
CCDC152	CCDC152
CCDC153	CCDC153
CCDC154	CCDC154
CCDC155	CCDC155
CCDC157	CCDC157
CCDC158	CCDC158
CCDC159	CCDC159
CCDC160	CCDC160
CCDC163	CCDC163
CCDC166	CCDC166
CCDC167	CCDC167
CCDC168	CCDC168
CCDC169	CCDC169
CCDC169-SOHLH2	CCDC169-SOHLH2
CCDC17	CCDC17
CCDC170	CCDC170
CCDC171	CCDC171
CCDC172	CCDC172
CCDC173	CCDC173
CCDC174	CCDC174
CCDC175	CCDC175
CCDC177	CCDC177
CCDC178	CCDC178
CCDC179	CCDC179
CCDC18	CCDC18
CCDC18-AS1	CCDC18-AS1
CCDC180	CCDC180
CCDC181	CCDC181
CCDC183	CCDC183
CCDC183-AS1	CCDC183-AS1
CCDC184	CCDC184
CCDC186	CCDC186
CCDC187	CCDC187
CCDC188	CCDC188
CCDC189	CCDC189
CCDC190	CCDC190
CCDC191	CCDC191
CCDC192	CCDC192
CCDC194	CCDC194
CCDC195	CCDC195
CCDC196	CCDC196
CCDC197	CCDC197
CCDC198	CCDC198
CCDC200	CCDC200
CCDC22	CCDC22
CCDC24	CCDC24
CCDC25	CCDC25
CCDC26	CCDC26
CCDC27	CCDC27
CCDC28A	CCDC28A
CCDC28B	CCDC28B
CCDC3	CCDC3
CCDC30	CCDC30
CCDC32	CCDC32
CCDC33	CCDC33
CCDC34	CCDC34
CCDC36	CCDC36
CCDC37-DT	CCDC37-DT
CCDC38	CCDC38
CCDC39	CCDC39
CCDC39-AS1	CCDC39-AS1
CCDC39.1	CCDC39.1
CCDC40	CCDC40
CCDC42	CCDC42
CCDC43	CCDC43
CCDC47	CCDC47
CCDC50	CCDC50
CCDC51	CCDC51
CCDC54	CCDC54
CCDC57	CCDC57
CCDC58	CCDC58
CCDC59	CCDC59
CCDC6	CCDC6
CCDC60	CCDC60
CCDC61	CCDC61
CCDC62	CCDC62
CCDC63	CCDC63
CCDC65	CCDC65
CCDC66	CCDC66
CCDC68	CCDC68
CCDC69	CCDC69
CCDC7	CCDC7
CCDC70	CCDC70
CCDC71	CCDC71
CCDC71L	CCDC71L
CCDC73	CCDC73
CCDC74A	CCDC74A
CCDC74B	CCDC74B
CCDC77	CCDC77
CCDC78	CCDC78
CCDC8	CCDC8
CCDC80	CCDC80
CCDC81	CCDC81
CCDC82	CCDC82
CCDC83	CCDC83
CCDC84	CCDC84
CCDC84-DT	CCDC84-DT
CCDC85A	CCDC85A
CCDC85B	CCDC85B
CCDC85C	CCDC85C
CCDC86	CCDC86
CCDC87	CCDC87
CCDC88A	CCDC88A
CCDC88B	CCDC88B
CCDC88C	CCDC88C
CCDC89	CCDC89
CCDC9	CCDC9
CCDC90B	CCDC90B
CCDC91	CCDC91
CCDC92	CCDC92
CCDC93	CCDC93
CCDC96	CCDC96
CCDC97	CCDC97
CCDC9B	CCDC9B
CCER1	CCER1
CCER2	CCER2
CCHCR1	CCHCR1
CCIN	CCIN
CCK	CCK
CCKAR	CCKAR
CCKBR	CCKBR
CCL1	CCL1
CCL14	CCL14
CCL15-CCL14	CCL15-CCL14
CCL16	CCL16
CCL17	CCL17
CCL18	CCL18
CCL19	CCL19
CCL2	CCL2
CCL20	CCL20
CCL21	CCL21
CCL22	CCL22
CCL23	CCL23
CCL24	CCL24
CCL25	CCL25
CCL26	CCL26
CCL27	CCL27
CCL28	CCL28
CCL3	CCL3
CCL3L1	CCL3L1
CCL4	CCL4
CCL4L2	CCL4L2
CCL5	CCL5
CCL8	CCL8
CCM2	CCM2
CCM2L	CCM2L
CCN1	CCN1
CCN2	CCN2
CCN3	CCN3
CCN4	CCN4
CCN5	CCN5
CCN6	CCN6
CCNA1	CCNA1
CCNA2	CCNA2
CCNB1	CCNB1
CCNB1IP1	CCNB1IP1
CCNB2	CCNB2
CCNB3	CCNB3
CCNC	CCNC
CCND1	CCND1
CCND2	CCND2
CCND2-AS1	CCND2-AS1
CCND3	CCND3
CCNDBP1	CCNDBP1
CCNE1	CCNE1
CCNE2	CCNE2
CCNF	CCNF
CCNG1	CCNG1
CCNG2	CCNG2
CCNH	CCNH
CCNI	CCNI
CCNI2	CCNI2
CCNJ	CCNJ
CCNJL	CCNJL
CCNK	CCNK
CCNL1	CCNL1
CCNL2	CCNL2
CCNO	CCNO
CCNQ	CCNQ
CCNT1	CCNT1
CCNT2	CCNT2
CCNT2-AS1	CCNT2-AS1
CCNY	CCNY
CCNYL1	CCNYL1
CCP110	CCP110
CCPG1	CCPG1
CCR1	CCR1
CCR10	CCR10
CCR2	CCR2
CCR3	CCR3
CCR4	CCR4
CCR5	CCR5
CCR5AS	CCR5AS
CCR6	CCR6
CCR7	CCR7
CCR8	CCR8
CCR9	CCR9
CCRL2	CCRL2
CCS	CCS
CCSAP	CCSAP
CCSER1	CCSER1
CCSER2	CCSER2
CCT2	CCT2
CCT3	CCT3
CCT4	CCT4
CCT5	CCT5
CCT6A	CCT6A
CCT6B	CCT6B
CCT7	CCT7
CCT8	CCT8
CCT8L2	CCT8L2
CCZ1	CCZ1
CCZ1B	CCZ1B
CD101	CD101
CD109	CD109
CD14	CD14
CD151	CD151
CD160	CD160
CD163	CD163
CD163L1	CD163L1
CD164	CD164
CD164L2	CD164L2
CD177	CD177
CD180	CD180
CD19	CD19
CD1A	CD1A
CD1D	CD1D
CD1E	CD1E
CD2	CD2
CD200	CD200
CD200R1	CD200R1
CD200R1L	CD200R1L
CD200R1L-AS1	CD200R1L-AS1
CD207	CD207
CD209	CD209
CD22	CD22
CD226	CD226
CD24	CD24
CD244	CD244
CD247	CD247
CD248	CD248
CD27	CD27
CD27-AS1	CD27-AS1
CD274	CD274
CD276	CD276
CD28	CD28
CD2AP	CD2AP
CD2BP2	CD2BP2
CD2BP2-DT	CD2BP2-DT
CD300A	CD300A
CD300C	CD300C
CD300E	CD300E
CD300LB	CD300LB
CD300LD	CD300LD
CD300LF	CD300LF
CD300LG	CD300LG
CD302	CD302
CD320	CD320
CD33	CD33
CD34	CD34
CD36	CD36
CD37	CD37
CD38	CD38
CD3D	CD3D
CD3E	CD3E
CD3EAP	CD3EAP
CD3G	CD3G
CD4	CD4
CD40	CD40
CD40LG	CD40LG
CD44	CD44
CD44-AS1	CD44-AS1
CD46	CD46
CD47	CD47
CD48	CD48
CD5	CD5
CD52	CD52
CD53	CD53
CD55	CD55
CD58	CD58
CD59	CD59
CD5L	CD5L
CD6	CD6
CD63	CD63
CD68	CD68
CD69	CD69
CD7	CD7
CD70	CD70
CD72	CD72
CD74	CD74
CD79A	CD79A
CD79B	CD79B
CD80	CD80
CD81	CD81
CD81-AS1	CD81-AS1
CD82	CD82
CD83	CD83
CD84	CD84
CD86	CD86
CD8A	CD8A
CD8B	CD8B
CD8B2	CD8B2
CD9	CD9
CD93	CD93
CD96	CD96
CD99	CD99
CD99L2	CD99L2
CDA	CDA
CDADC1	CDADC1
CDAN1	CDAN1
CDC123	CDC123
CDC14A	CDC14A
CDC14B	CDC14B
CDC14C	CDC14C
CDC16	CDC16
CDC20	CDC20
CDC20B	CDC20B
CDC23	CDC23
CDC25A	CDC25A
CDC25B	CDC25B
CDC25C	CDC25C
CDC26	CDC26
CDC27	CDC27
CDC34	CDC34
CDC37	CDC37
CDC37L1	CDC37L1
CDC37L1-DT	CDC37L1-DT
CDC40	CDC40
CDC42	CDC42
CDC42-AS1	CDC42-AS1
CDC42-IT1	CDC42-IT1
CDC42BPA	CDC42BPA
CDC42BPB	CDC42BPB
CDC42BPG	CDC42BPG
CDC42EP1	CDC42EP1
CDC42EP2	CDC42EP2
CDC42EP3	CDC42EP3
CDC42EP4	CDC42EP4
CDC42EP5	CDC42EP5
CDC42SE1	CDC42SE1
CDC42SE2	CDC42SE2
CDC45	CDC45
CDC5L	CDC5L
CDC6	CDC6
CDC7	CDC7
CDC73	CDC73
CDCA2	CDCA2
CDCA3	CDCA3
CDCA4	CDCA4
CDCA5	CDCA5
CDCA7	CDCA7
CDCA7L	CDCA7L
CDCA8	CDCA8
CDCP1	CDCP1
CDCP2	CDCP2
CDH1	CDH1
CDH10	CDH10
CDH11	CDH11
CDH12	CDH12
CDH13	CDH13
CDH15	CDH15
CDH16	CDH16
CDH17	CDH17
CDH18	CDH18
CDH18-AS1	CDH18-AS1
CDH19	CDH19
CDH2	CDH2
CDH20	CDH20
CDH22	CDH22
CDH23	CDH23
CDH23-AS1	CDH23-AS1
CDH24	CDH24
CDH26	CDH26
CDH3	CDH3
CDH4	CDH4
CDH5	CDH5
CDH6	CDH6
CDH7	CDH7
CDH8	CDH8
CDH9	CDH9
CDHR1	CDHR1
CDHR2	CDHR2
CDHR3	CDHR3
CDHR4	CDHR4
CDHR5	CDHR5
CDIP1	CDIP1
CDIPT	CDIPT
CDK1	CDK1
CDK10	CDK10
CDK11A	CDK11A
CDK11B	CDK11B
CDK12	CDK12
CDK13	CDK13
CDK14	CDK14
CDK15	CDK15
CDK16	CDK16
CDK17	CDK17
CDK18	CDK18
CDK19	CDK19
CDK2	CDK2
CDK20	CDK20
CDK2AP1	CDK2AP1
CDK2AP2	CDK2AP2
CDK3	CDK3
CDK4	CDK4
CDK5	CDK5
CDK5R1	CDK5R1
CDK5R2	CDK5R2
CDK5RAP1	CDK5RAP1
CDK5RAP2	CDK5RAP2
CDK5RAP3	CDK5RAP3
CDK6	CDK6
CDK7	CDK7
CDK8	CDK8
CDK9	CDK9
CDKAL1	CDKAL1
CDKL1	CDKL1
CDKL2	CDKL2
CDKL3	CDKL3
CDKL4	CDKL4
CDKL5	CDKL5
CDKN1A	CDKN1A
CDKN1B	CDKN1B
CDKN1C	CDKN1C
CDKN2A	CDKN2A
CDKN2AIP	CDKN2AIP
CDKN2AIPNL	CDKN2AIPNL
CDKN2B	CDKN2B
CDKN2B-AS1	CDKN2B-AS1
CDKN2C	CDKN2C
CDKN2D	CDKN2D
CDKN3	CDKN3
CDNF	CDNF
CDO1	CDO1
CDON	CDON
CDPF1	CDPF1
CDR1	CDR1
CDR2	CDR2
CDR2L	CDR2L
CDRT1	CDRT1
CDRT15	CDRT15
CDRT15L2	CDRT15L2
CDRT4	CDRT4
CDRT8	CDRT8
CDS1	CDS1
CDS2	CDS2
CDSN	CDSN
CDT1	CDT1
CDV3	CDV3
CDX1	CDX1
CDX2	CDX2
CDYL	CDYL
CDYL2	CDYL2
CEACAM1	CEACAM1
CEACAM16	CEACAM16
CEACAM18	CEACAM18
CEACAM19	CEACAM19
CEACAM20	CEACAM20
CEACAM21	CEACAM21
CEACAM3	CEACAM3
CEACAM4	CEACAM4
CEACAM5	CEACAM5
CEACAM6	CEACAM6
CEACAM7	CEACAM7
CEACAM8	CEACAM8
CEBPA	CEBPA
CEBPA-DT	CEBPA-DT
CEBPB	CEBPB
CEBPB-AS1	CEBPB-AS1
CEBPD	CEBPD
CEBPE	CEBPE
CEBPG	CEBPG
CEBPZ	CEBPZ
CEBPZOS	CEBPZOS
CECR2	CECR2
CECR3	CECR3
CEL	CEL
CELA1	CELA1
CELA2A	CELA2A
CELA2B	CELA2B
CELA3A	CELA3A
CELA3B	CELA3B
CELF1	CELF1
CELF2	CELF2
CELF2-AS1	CELF2-AS1
CELF2-AS2	CELF2-AS2
CELF2-DT	CELF2-DT
CELF3	CELF3
CELF4	CELF4
CELF5	CELF5
CELF6	CELF6
CELSR1	CELSR1
CELSR2	CELSR2
CELSR3	CELSR3
CEMIP	CEMIP
CEMIP2	CEMIP2
CEMP1	CEMP1
CEND1	CEND1
CENPA	CENPA
CENPB	CENPB
CENPBD1	CENPBD1
CENPC	CENPC
CENPE	CENPE
CENPF	CENPF
CENPH	CENPH
CENPI	CENPI
CENPJ	CENPJ
CENPK	CENPK
CENPL	CENPL
CENPM	CENPM
CENPN	CENPN
CENPO	CENPO
CENPP	CENPP
CENPQ	CENPQ
CENPS	CENPS
CENPS-CORT	CENPS-CORT
CENPT	CENPT
CENPU	CENPU
CENPV	CENPV
CENPVL3	CENPVL3
CENPW	CENPW
CENPX	CENPX
CEP104	CEP104
CEP112	CEP112
CEP120	CEP120
CEP126	CEP126
CEP128	CEP128
CEP131	CEP131
CEP135	CEP135
CEP152	CEP152
CEP162	CEP162
CEP164	CEP164
CEP170	CEP170
CEP170B	CEP170B
CEP19	CEP19
CEP192	CEP192
CEP250	CEP250
CEP290	CEP290
CEP295	CEP295
CEP295NL	CEP295NL
CEP350	CEP350
CEP41	CEP41
CEP44	CEP44
CEP55	CEP55
CEP57	CEP57
CEP57L1	CEP57L1
CEP63	CEP63
CEP68	CEP68
CEP70	CEP70
CEP72	CEP72
CEP76	CEP76
CEP78	CEP78
CEP83	CEP83
CEP83-DT	CEP83-DT
CEP85	CEP85
CEP85L	CEP85L
CEP89	CEP89
CEP95	CEP95
CEP97	CEP97
CEPT1	CEPT1
CER1	CER1
CERCAM	CERCAM
CERK	CERK
CERKL	CERKL
CERNA1	CERNA1
CERNA2	CERNA2
CERNA3	CERNA3
CERS1	CERS1
CERS2	CERS2
CERS3	CERS3
CERS3-AS1	CERS3-AS1
CERS4	CERS4
CERS5	CERS5
CERS6	CERS6
CERS6-AS1	CERS6-AS1
CERT1	CERT1
CES1	CES1
CES2	CES2
CES3	CES3
CES4A	CES4A
CES5A	CES5A
CETN2	CETN2
CETN3	CETN3
CETP	CETP
CFAP100	CFAP100
CFAP126	CFAP126
CFAP157	CFAP157
CFAP161	CFAP161
CFAP20	CFAP20
CFAP206	CFAP206
CFAP221	CFAP221
CFAP298	CFAP298
CFAP299	CFAP299
CFAP300	CFAP300
CFAP36	CFAP36
CFAP410	CFAP410
CFAP43	CFAP43
CFAP44	CFAP44
CFAP44-AS1	CFAP44-AS1
CFAP45	CFAP45
CFAP46	CFAP46
CFAP47	CFAP47
CFAP52	CFAP52
CFAP53	CFAP53
CFAP54	CFAP54
CFAP57	CFAP57
CFAP58	CFAP58
CFAP58-DT	CFAP58-DT
CFAP61	CFAP61
CFAP65	CFAP65
CFAP69	CFAP69
CFAP70	CFAP70
CFAP73	CFAP73
CFAP74	CFAP74
CFAP77	CFAP77
CFAP97	CFAP97
CFAP97D1	CFAP97D1
CFAP97D2	CFAP97D2
CFAP99	CFAP99
CFB	CFB
CFC1	CFC1
CFC1B	CFC1B
CFD	CFD
CFDP1	CFDP1
CFH	CFH
CFHR1	CFHR1
CFHR2	CFHR2
CFHR3	CFHR3
CFHR4	CFHR4
CFHR5	CFHR5
CFI	CFI
CFL1	CFL1
CFL2	CFL2
CFLAR	CFLAR
CFLAR-AS1	CFLAR-AS1
CFP	CFP
CFTR	CFTR
CFTR-AS1	CFTR-AS1
CGA	CGA
CGAS	CGAS
CGB7	CGB7
CGGBP1	CGGBP1
CGN	CGN
CGNL1	CGNL1
CGREF1	CGREF1
CGRRF1	CGRRF1
CH25H	CH25H
CHAC1	CHAC1
CHAC2	CHAC2
CHAD	CHAD
CHADL	CHADL
CHAF1A	CHAF1A
CHAF1B	CHAF1B
CHAMP1	CHAMP1
CHAT	CHAT
CHCHD1	CHCHD1
CHCHD10	CHCHD10
CHCHD2	CHCHD2
CHCHD3	CHCHD3
CHCHD4	CHCHD4
CHCHD5	CHCHD5
CHCHD6	CHCHD6
CHCHD7	CHCHD7
CHD1	CHD1
CHD1L	CHD1L
CHD2	CHD2
CHD3	CHD3
CHD4	CHD4
CHD5	CHD5
CHD6	CHD6
CHD7	CHD7
CHD8	CHD8
CHD9	CHD9
CHDH	CHDH
CHEK1	CHEK1
CHEK2	CHEK2
CHERP	CHERP
CHFR	CHFR
CHGA	CHGA
CHGB	CHGB
CHI3L1	CHI3L1
CHI3L2	CHI3L2
CHIA	CHIA
CHIC1	CHIC1
CHIC2	CHIC2
CHID1	CHID1
CHIT1	CHIT1
CHKA	CHKA
CHKB	CHKB
CHKB-CPT1B	CHKB-CPT1B
CHKB-DT	CHKB-DT
CHL1	CHL1
CHL1-AS1	CHL1-AS1
CHL1-AS2	CHL1-AS2
CHM	CHM
CHML	CHML
CHMP1A	CHMP1A
CHMP1B	CHMP1B
CHMP1B-AS1	CHMP1B-AS1
CHMP2A	CHMP2A
CHMP2B	CHMP2B
CHMP3	CHMP3
CHMP4A	CHMP4A
CHMP4B	CHMP4B
CHMP4C	CHMP4C
CHMP5	CHMP5
CHMP6	CHMP6
CHMP7	CHMP7
CHN1	CHN1
CHN2	CHN2
CHODL	CHODL
CHODL-AS1	CHODL-AS1
CHORDC1	CHORDC1
CHP1	CHP1
CHP2	CHP2
CHPF	CHPF
CHPF2	CHPF2
CHPT1	CHPT1
CHRAC1	CHRAC1
CHRD	CHRD
CHRDL1	CHRDL1
CHRDL2	CHRDL2
CHRFAM7A	CHRFAM7A
CHRM1	CHRM1
CHRM2	CHRM2
CHRM3	CHRM3
CHRM3-AS1	CHRM3-AS1
CHRM3-AS2	CHRM3-AS2
CHRM4	CHRM4
CHRM5	CHRM5
CHRNA1	CHRNA1
CHRNA10	CHRNA10
CHRNA2	CHRNA2
CHRNA3	CHRNA3
CHRNA4	CHRNA4
CHRNA5	CHRNA5
CHRNA6	CHRNA6
CHRNA7	CHRNA7
CHRNA9	CHRNA9
CHRNB1	CHRNB1
CHRNB2	CHRNB2
CHRNB3	CHRNB3
CHRNB4	CHRNB4
CHRND	CHRND
CHRNE	CHRNE
CHRNG	CHRNG
CHROMR	CHROMR
CHST1	CHST1
CHST10	CHST10
CHST11	CHST11
CHST12	CHST12
CHST13	CHST13
CHST14	CHST14
CHST15	CHST15
CHST2	CHST2
CHST3	CHST3
CHST4	CHST4
CHST5	CHST5
CHST6	CHST6
CHST7	CHST7
CHST8	CHST8
CHST9	CHST9
CHSY1	CHSY1
CHSY3	CHSY3
CHTF18	CHTF18
CHTF8	CHTF8
CHTOP	CHTOP
CHUK	CHUK
CHURC1	CHURC1
CHURC1-FNTB	CHURC1-FNTB
CIAO1	CIAO1
CIAO2A	CIAO2A
CIAO2B	CIAO2B
CIAO3	CIAO3
CIAPIN1	CIAPIN1
CIART	CIART
CIB1	CIB1
CIB2	CIB2
CIB3	CIB3
CIB4	CIB4
CIC	CIC
CIDEA	CIDEA
CIDEB	CIDEB
CIDEC	CIDEC
CIITA	CIITA
CILP	CILP
CILP2	CILP2
CINP	CINP
CIP2A	CIP2A
CIPC	CIPC
CIR1	CIR1
CIRBP	CIRBP
CIRBP-AS1	CIRBP-AS1
CISD1	CISD1
CISD2	CISD2
CISD3	CISD3
CISH	CISH
CISTR	CISTR
CIT	CIT
CITED1	CITED1
CITED2	CITED2
CITED4	CITED4
CIZ1	CIZ1
CKAP2	CKAP2
CKAP2L	CKAP2L
CKAP4	CKAP4
CKAP5	CKAP5
CKB	CKB
CKLF	CKLF
CKLF-CMTM1	CKLF-CMTM1
CKM	CKM
CKMT1A	CKMT1A
CKMT1B	CKMT1B
CKMT2	CKMT2
CKMT2-AS1	CKMT2-AS1
CKS1B	CKS1B
CKS2	CKS2
CLASP1	CLASP1
CLASP2	CLASP2
CLASRP	CLASRP
CLBA1	CLBA1
CLC	CLC
CLCA1	CLCA1
CLCA2	CLCA2
CLCA4	CLCA4
CLCA4-AS1	CLCA4-AS1
CLCC1	CLCC1
CLCF1	CLCF1
CLCN1	CLCN1
CLCN2	CLCN2
CLCN3	CLCN3
CLCN4	CLCN4
CLCN5	CLCN5
CLCN6	CLCN6
CLCN7	CLCN7
CLCNKA	CLCNKA
CLCNKB	CLCNKB
CLDN1	CLDN1
CLDN10	CLDN10
CLDN10-AS1	CLDN10-AS1
CLDN11	CLDN11
CLDN12	CLDN12
CLDN14	CLDN14
CLDN15	CLDN15
CLDN16	CLDN16
CLDN18	CLDN18
CLDN19	CLDN19
CLDN2	CLDN2
CLDN20	CLDN20
CLDN22	CLDN22
CLDN23	CLDN23
CLDN3	CLDN3
CLDN34	CLDN34
CLDN4	CLDN4
CLDN5	CLDN5
CLDN6	CLDN6
CLDN7	CLDN7
CLDN9	CLDN9
CLDND1	CLDND1
CLDND2	CLDND2
CLEC10A	CLEC10A
CLEC11A	CLEC11A
CLEC12A	CLEC12A
CLEC12A-AS1	CLEC12A-AS1
CLEC12B	CLEC12B
CLEC14A	CLEC14A
CLEC16A	CLEC16A
CLEC17A	CLEC17A
CLEC18A	CLEC18A
CLEC18B	CLEC18B
CLEC18C	CLEC18C
CLEC19A	CLEC19A
CLEC1A	CLEC1A
CLEC1B	CLEC1B
CLEC20A	CLEC20A
CLEC2A	CLEC2A
CLEC2B	CLEC2B
CLEC2D	CLEC2D
CLEC2L	CLEC2L
CLEC3A	CLEC3A
CLEC3B	CLEC3B
CLEC4A	CLEC4A
CLEC4C	CLEC4C
CLEC4D	CLEC4D
CLEC4E	CLEC4E
CLEC4F	CLEC4F
CLEC4G	CLEC4G
CLEC4M	CLEC4M
CLEC5A	CLEC5A
CLEC6A	CLEC6A
CLEC7A	CLEC7A
CLEC9A	CLEC9A
CLECL1	CLECL1
CLGN	CLGN
CLHC1	CLHC1
CLIC1	CLIC1
CLIC2	CLIC2
CLIC3	CLIC3
CLIC4	CLIC4
CLIC5	CLIC5
CLIC6	CLIC6
CLINT1	CLINT1
CLIP1	CLIP1
CLIP1-AS1	CLIP1-AS1
CLIP2	CLIP2
CLIP3	CLIP3
CLIP4	CLIP4
CLK1	CLK1
CLK2	CLK2
CLK3	CLK3
CLK4	CLK4
CLLU1	CLLU1
CLLU1OS	CLLU1OS
CLMAT3	CLMAT3
CLMN	CLMN
CLMP	CLMP
CLN3	CLN3
CLN5	CLN5
CLN6	CLN6
CLN8	CLN8
CLNK	CLNK
CLNS1A	CLNS1A
CLOCK	CLOCK
CLP1	CLP1
CLPB	CLPB
CLPP	CLPP
CLPSL1	CLPSL1
CLPSL2	CLPSL2
CLPTM1	CLPTM1
CLPTM1L	CLPTM1L
CLPX	CLPX
CLRN1	CLRN1
CLRN1-AS1	CLRN1-AS1
CLRN2	CLRN2
CLRN3	CLRN3
CLSPN	CLSPN
CLSTN1	CLSTN1
CLSTN2	CLSTN2
CLSTN2-AS1	CLSTN2-AS1
CLSTN3	CLSTN3
CLTA	CLTA
CLTB	CLTB
CLTC	CLTC
CLTCL1	CLTCL1
CLTRN	CLTRN
CLU	CLU
CLUAP1	CLUAP1
CLUH	CLUH
CLUL1	CLUL1
CLVS1	CLVS1
CLVS2	CLVS2
CLYBL	CLYBL
CLYBL-AS1	CLYBL-AS1
CLYBL-AS2	CLYBL-AS2
CMAS	CMAS
CMBL	CMBL
CMC1	CMC1
CMC2	CMC2
CMC4	CMC4
CMIP	CMIP
CMKLR1	CMKLR1
CMPK1	CMPK1
CMPK2	CMPK2
CMSS1	CMSS1
CMTM1	CMTM1
CMTM2	CMTM2
CMTM3	CMTM3
CMTM4	CMTM4
CMTM5	CMTM5
CMTM6	CMTM6
CMTM7	CMTM7
CMTM8	CMTM8
CMTR1	CMTR1
CMTR2	CMTR2
CMYA5	CMYA5
CNBD1	CNBD1
CNBD2	CNBD2
CNBP	CNBP
CNDP1	CNDP1
CNDP2	CNDP2
CNEP1R1	CNEP1R1
CNFN	CNFN
CNGA1	CNGA1
CNGA3	CNGA3
CNGA4	CNGA4
CNGB1	CNGB1
CNGB3	CNGB3
CNIH1	CNIH1
CNIH2	CNIH2
CNIH3	CNIH3
CNIH4	CNIH4
CNKSR1	CNKSR1
CNKSR2	CNKSR2
CNKSR3	CNKSR3
CNMD	CNMD
CNN1	CNN1
CNN2	CNN2
CNN3	CNN3
CNNM1	CNNM1
CNNM2	CNNM2
CNNM3	CNNM3
CNNM3-DT	CNNM3-DT
CNNM4	CNNM4
CNOT1	CNOT1
CNOT10	CNOT10
CNOT10-AS1	CNOT10-AS1
CNOT11	CNOT11
CNOT2	CNOT2
CNOT3	CNOT3
CNOT4	CNOT4
CNOT6	CNOT6
CNOT6L	CNOT6L
CNOT7	CNOT7
CNOT8	CNOT8
CNOT9	CNOT9
CNP	CNP
CNPPD1	CNPPD1
CNPY1	CNPY1
CNPY2	CNPY2
CNPY3	CNPY3
CNPY4	CNPY4
CNR1	CNR1
CNR2	CNR2
CNRIP1	CNRIP1
CNST	CNST
CNTD1	CNTD1
CNTD2	CNTD2
CNTF	CNTF
CNTFR	CNTFR
CNTFR-AS1	CNTFR-AS1
CNTLN	CNTLN
CNTN1	CNTN1
CNTN2	CNTN2
CNTN3	CNTN3
CNTN4	CNTN4
CNTN4-AS1	CNTN4-AS1
CNTN4-AS2	CNTN4-AS2
CNTN5	CNTN5
CNTN6	CNTN6
CNTNAP1	CNTNAP1
CNTNAP2	CNTNAP2
CNTNAP3	CNTNAP3
CNTNAP3B	CNTNAP3B
CNTNAP3C	CNTNAP3C
CNTNAP4	CNTNAP4
CNTNAP5	CNTNAP5
CNTRL	CNTRL
CNTROB	CNTROB
COA1	COA1
COA3	COA3
COA4	COA4
COA5	COA5
COA6	COA6
COA6-AS1	COA6-AS1
COA7	COA7
COA8	COA8
COASY	COASY
COBL	COBL
COBLL1	COBLL1
COCH	COCH
COG1	COG1
COG2	COG2
COG3	COG3
COG4	COG4
COG5	COG5
COG6	COG6
COG7	COG7
COG8	COG8
COIL	COIL
COL10A1	COL10A1
COL11A1	COL11A1
COL11A2	COL11A2
COL12A1	COL12A1
COL13A1	COL13A1
COL14A1	COL14A1
COL15A1	COL15A1
COL16A1	COL16A1
COL17A1	COL17A1
COL18A1	COL18A1
COL18A1-AS1	COL18A1-AS1
COL18A1-AS2	COL18A1-AS2
COL19A1	COL19A1
COL1A1	COL1A1
COL1A2	COL1A2
COL20A1	COL20A1
COL21A1	COL21A1
COL22A1	COL22A1
COL23A1	COL23A1
COL24A1	COL24A1
COL25A1	COL25A1
COL26A1	COL26A1
COL27A1	COL27A1
COL28A1	COL28A1
COL2A1	COL2A1
COL3A1	COL3A1
COL4A1	COL4A1
COL4A2	COL4A2
COL4A2-AS1	COL4A2-AS1
COL4A2-AS2	COL4A2-AS2
COL4A3	COL4A3
COL4A3BP	COL4A3BP
COL4A4	COL4A4
COL4A5	COL4A5
COL4A6	COL4A6
COL5A1	COL5A1
COL5A1-AS1	COL5A1-AS1
COL5A2	COL5A2
COL5A3	COL5A3
COL6A1	COL6A1
COL6A2	COL6A2
COL6A3	COL6A3
COL6A5	COL6A5
COL6A6	COL6A6
COL7A1	COL7A1
COL8A1	COL8A1
COL8A2	COL8A2
COL9A1	COL9A1
COL9A2	COL9A2
COL9A3	COL9A3
COLCA1	COLCA1
COLCA2	COLCA2
COLEC10	COLEC10
COLEC11	COLEC11
COLEC12	COLEC12
COLGALT1	COLGALT1
COLGALT2	COLGALT2
COLQ	COLQ
COMMD1	COMMD1
COMMD10	COMMD10
COMMD2	COMMD2
COMMD3	COMMD3
COMMD3-BMI1	COMMD3-BMI1
COMMD4	COMMD4
COMMD5	COMMD5
COMMD6	COMMD6
COMMD7	COMMD7
COMMD8	COMMD8
COMMD9	COMMD9
COMP	COMP
COMT	COMT
COMTD1	COMTD1
COP1	COP1
COPA	COPA
COPB1	COPB1
COPB2	COPB2
COPE	COPE
COPG1	COPG1
COPG2	COPG2
COPRS	COPRS
COPS2	COPS2
COPS3	COPS3
COPS4	COPS4
COPS5	COPS5
COPS6	COPS6
COPS7A	COPS7A
COPS7B	COPS7B
COPS8	COPS8
COPS9	COPS9
COPZ1	COPZ1
COPZ2	COPZ2
COQ10A	COQ10A
COQ10B	COQ10B
COQ2	COQ2
COQ3	COQ3
COQ4	COQ4
COQ5	COQ5
COQ6	COQ6
COQ7	COQ7
COQ8A	COQ8A
COQ8B	COQ8B
COQ9	COQ9
CORIN	CORIN
CORO1A	CORO1A
CORO1B	CORO1B
CORO1C	CORO1C
CORO2A	CORO2A
CORO2B	CORO2B
CORO6	CORO6
CORO7	CORO7
CORT	CORT
COTL1	COTL1
COX10	COX10
COX10-AS1	COX10-AS1
COX11	COX11
COX14	COX14
COX15	COX15
COX16	COX16
COX17	COX17
COX18	COX18
COX19	COX19
COX20	COX20
COX4I1	COX4I1
COX4I2	COX4I2
COX5A	COX5A
COX5B	COX5B
COX6A1	COX6A1
COX6A2	COX6A2
COX6B1	COX6B1
COX6B2	COX6B2
COX6C	COX6C
COX7A1	COX7A1
COX7A2	COX7A2
COX7A2L	COX7A2L
COX7B	COX7B
COX7B2	COX7B2
COX7C	COX7C
COX8A	COX8A
COX8C	COX8C
CP	CP
CPA1	CPA1
CPA2	CPA2
CPA3	CPA3
CPA4	CPA4
CPA5	CPA5
CPA6	CPA6
CPAMD8	CPAMD8
CPB1	CPB1
CPB2	CPB2
CPB2-AS1	CPB2-AS1
CPD	CPD
CPE	CPE
CPEB1	CPEB1
CPEB1-AS1	CPEB1-AS1
CPEB2	CPEB2
CPEB2-DT	CPEB2-DT
CPEB3	CPEB3
CPEB4	CPEB4
CPED1	CPED1
CPHXL	CPHXL
CPLANE1	CPLANE1
CPLANE2	CPLANE2
CPLX1	CPLX1
CPLX2	CPLX2
CPLX3	CPLX3
CPLX4	CPLX4
CPM	CPM
CPN1	CPN1
CPN2	CPN2
CPNE1	CPNE1
CPNE2	CPNE2
CPNE3	CPNE3
CPNE4	CPNE4
CPNE5	CPNE5
CPNE6	CPNE6
CPNE7	CPNE7
CPNE8	CPNE8
CPNE8-AS1	CPNE8-AS1
CPNE9	CPNE9
CPO	CPO
CPOX	CPOX
CPPED1	CPPED1
CPQ	CPQ
CPS1	CPS1
CPS1-IT1	CPS1-IT1
CPSF1	CPSF1
CPSF2	CPSF2
CPSF3	CPSF3
CPSF4	CPSF4
CPSF4L	CPSF4L
CPSF6	CPSF6
CPSF7	CPSF7
CPT1A	CPT1A
CPT1B	CPT1B
CPT1C	CPT1C
CPT2	CPT2
CPTP	CPTP
CPVL	CPVL
CPXCR1	CPXCR1
CPXM1	CPXM1
CPXM2	CPXM2
CPZ	CPZ
CR1	CR1
CR1L	CR1L
CR2	CR2
CR381653.1	CR381653.1
CR381670.2	CR381670.2
CR382287.2	CR382287.2
CR383656.10	CR383656.10
CR392000.2	CR392000.2
CR392039.3	CR392039.3
CR392039.4	CR392039.4
CR559946.1	CR559946.1
CR559946.2	CR559946.2
CR769775.2	CR769775.2
CR769776.3	CR769776.3
CR786580.1	CR786580.1
CR936218.1	CR936218.1
CR936218.2	CR936218.2
CRABP1	CRABP1
CRABP2	CRABP2
CRACR2A	CRACR2A
CRACR2B	CRACR2B
CRADD	CRADD
CRAMP1	CRAMP1
CRAT	CRAT
CRB1	CRB1
CRB2	CRB2
CRB3	CRB3
CRBN	CRBN
CRCP	CRCP
CREB1	CREB1
CREB3	CREB3
CREB3L1	CREB3L1
CREB3L2	CREB3L2
CREB3L2-AS1	CREB3L2-AS1
CREB3L3	CREB3L3
CREB3L4	CREB3L4
CREB5	CREB5
CREBBP	CREBBP
CREBL2	CREBL2
CREBRF	CREBRF
CREBZF	CREBZF
CREG1	CREG1
CREG2	CREG2
CRELD1	CRELD1
CRELD2	CRELD2
CREM	CREM
CRH	CRH
CRHBP	CRHBP
CRHR1	CRHR1
CRHR2	CRHR2
CRIM1	CRIM1
CRIM1-DT	CRIM1-DT
CRIP1	CRIP1
CRIP2	CRIP2
CRIP3	CRIP3
CRIPAK	CRIPAK
CRIPT	CRIPT
CRISP1	CRISP1
CRISP2	CRISP2
CRISP3	CRISP3
CRISPLD1	CRISPLD1
CRISPLD2	CRISPLD2
CRK	CRK
CRKL	CRKL
CRLF1	CRLF1
CRLF2	CRLF2
CRLF3	CRLF3
CRLS1	CRLS1
CRMP1	CRMP1
CRNDE	CRNDE
CRNKL1	CRNKL1
CRNN	CRNN
CROCC	CROCC
CROCC2	CROCC2
CROT	CROT
CRP	CRP
CRPPA	CRPPA
CRPPA-AS1	CRPPA-AS1
CRTAC1	CRTAC1
CRTAM	CRTAM
CRTAP	CRTAP
CRTC1	CRTC1
CRTC2	CRTC2
CRTC3	CRTC3
CRTC3-AS1	CRTC3-AS1
CRX	CRX
CRY1	CRY1
CRY2	CRY2
CRYAB	CRYAB
CRYBA1	CRYBA1
CRYBA2	CRYBA2
CRYBA4	CRYBA4
CRYBB1	CRYBB1
CRYBB2	CRYBB2
CRYBB3	CRYBB3
CRYBG1	CRYBG1
CRYBG2	CRYBG2
CRYBG3	CRYBG3
CRYGA	CRYGA
CRYGB	CRYGB
CRYGD	CRYGD
CRYGN	CRYGN
CRYGS	CRYGS
CRYL1	CRYL1
CRYM	CRYM
CRYZ	CRYZ
CRYZL1	CRYZL1
CS	CS
CSAD	CSAD
CSAG1	CSAG1
CSAG3	CSAG3
CSDC2	CSDC2
CSDE1	CSDE1
CSE1L	CSE1L
CSE1L-AS1	CSE1L-AS1
CSF1	CSF1
CSF1R	CSF1R
CSF2RA	CSF2RA
CSF2RB	CSF2RB
CSF3	CSF3
CSF3R	CSF3R
CSGALNACT1	CSGALNACT1
CSGALNACT2	CSGALNACT2
CSK	CSK
CSKMT	CSKMT
CSMD1	CSMD1
CSMD2	CSMD2
CSMD2-AS1	CSMD2-AS1
CSMD3	CSMD3
CSN1S1	CSN1S1
CSNK1A1	CSNK1A1
CSNK1A1L	CSNK1A1L
CSNK1D	CSNK1D
CSNK1E	CSNK1E
CSNK1G1	CSNK1G1
CSNK1G2	CSNK1G2
CSNK1G2-AS1	CSNK1G2-AS1
CSNK1G3	CSNK1G3
CSNK2A1	CSNK2A1
CSNK2A2	CSNK2A2
CSNK2A3	CSNK2A3
CSNK2B	CSNK2B
CSNKA2IP	CSNKA2IP
CSPG4	CSPG4
CSPG5	CSPG5
CSPP1	CSPP1
CSRNP1	CSRNP1
CSRNP2	CSRNP2
CSRNP3	CSRNP3
CSRP1	CSRP1
CSRP2	CSRP2
CSRP3	CSRP3
CSRP3-AS1	CSRP3-AS1
CST1	CST1
CST11	CST11
CST3	CST3
CST6	CST6
CST7	CST7
CSTA	CSTA
CSTB	CSTB
CSTF1	CSTF1
CSTF2	CSTF2
CSTF2T	CSTF2T
CSTF3	CSTF3
CSTF3-DT	CSTF3-DT
CSTL1	CSTL1
CT45A1	CT45A1
CT45A10	CT45A10
CT55	CT55
CT62	CT62
CT66	CT66
CT69	CT69
CT70	CT70
CTAG2	CTAG2
CTAGE1	CTAGE1
CTAGE15	CTAGE15
CTAGE6	CTAGE6
CTAGE9	CTAGE9
CTBP1	CTBP1
CTBP1-AS	CTBP1-AS
CTBP1-DT	CTBP1-DT
CTBP2	CTBP2
CTBS	CTBS
CTC1	CTC1
CTCF	CTCF
CTCFL	CTCFL
CTDNEP1	CTDNEP1
CTDP1	CTDP1
CTDSP1	CTDSP1
CTDSP2	CTDSP2
CTDSPL	CTDSPL
CTDSPL2	CTDSPL2
CTF1	CTF1
CTGF	CTGF
CTH	CTH
CTHRC1	CTHRC1
CTIF	CTIF
CTLA4	CTLA4
CTNNA1	CTNNA1
CTNNA2	CTNNA2
CTNNA3	CTNNA3
CTNNAL1	CTNNAL1
CTNNB1	CTNNB1
CTNNBIP1	CTNNBIP1
CTNNBL1	CTNNBL1
CTNND1	CTNND1
CTNND2	CTNND2
CTNS	CTNS
CTPS1	CTPS1
CTPS2	CTPS2
CTR9	CTR9
CTRB1	CTRB1
CTRB2	CTRB2
CTRC	CTRC
CTRL	CTRL
CTSA	CTSA
CTSB	CTSB
CTSC	CTSC
CTSD	CTSD
CTSE	CTSE
CTSF	CTSF
CTSG	CTSG
CTSH	CTSH
CTSK	CTSK
CTSL	CTSL
CTSO	CTSO
CTSS	CTSS
CTSV	CTSV
CTSW	CTSW
CTSZ	CTSZ
CTTN	CTTN
CTTNBP2	CTTNBP2
CTTNBP2NL	CTTNBP2NL
CTU1	CTU1
CTU2	CTU2
CTXN1	CTXN1
CTXN2	CTXN2
CTXN3	CTXN3
CTXND1	CTXND1
CTXND2	CTXND2
CU633906.1	CU633906.1
CU633906.2	CU633906.2
CU633906.5	CU633906.5
CU633967.1	CU633967.1
CU633980.1	CU633980.1
CU634019.1	CU634019.1
CU634019.2	CU634019.2
CU634019.5	CU634019.5
CU634019.6	CU634019.6
CU638689.4	CU638689.4
CU638689.5	CU638689.5
CU639417.3	CU639417.3
CU639417.4	CU639417.4
CUBN	CUBN
CUEDC1	CUEDC1
CUEDC2	CUEDC2
CUL1	CUL1
CUL2	CUL2
CUL3	CUL3
CUL4A	CUL4A
CUL4B	CUL4B
CUL5	CUL5
CUL7	CUL7
CUL9	CUL9
CUTA	CUTA
CUTC	CUTC
CUX1	CUX1
CUX2	CUX2
CUZD1	CUZD1
CWC15	CWC15
CWC22	CWC22
CWC25	CWC25
CWC27	CWC27
CWF19L1	CWF19L1
CWF19L2	CWF19L2
CWH43	CWH43
CX3CL1	CX3CL1
CX3CR1	CX3CR1
CXADR	CXADR
CXCL1	CXCL1
CXCL10	CXCL10
CXCL11	CXCL11
CXCL12	CXCL12
CXCL13	CXCL13
CXCL14	CXCL14
CXCL16	CXCL16
CXCL17	CXCL17
CXCL2	CXCL2
CXCL3	CXCL3
CXCL5	CXCL5
CXCL6	CXCL6
CXCL8	CXCL8
CXCL9	CXCL9
CXCR1	CXCR1
CXCR2	CXCR2
CXCR3	CXCR3
CXCR4	CXCR4
CXCR5	CXCR5
CXCR6	CXCR6
CXXC1	CXXC1
CXXC4	CXXC4
CXXC4-AS1	CXXC4-AS1
CXXC5	CXXC5
CXXC5-AS1	CXXC5-AS1
CXorf21	CXorf21
CXorf36	CXorf36
CXorf38	CXorf38
CXorf40A	CXorf40A
CXorf40B	CXorf40B
CXorf56	CXorf56
CXorf57	CXorf57
CXorf58	CXorf58
CXorf65	CXorf65
CXorf66	CXorf66
CYB561	CYB561
CYB561A3	CYB561A3
CYB561D1	CYB561D1
CYB561D2	CYB561D2
CYB561D2-1	CYB561D2-1
CYB561D2.1	CYB561D2.1
CYB5A	CYB5A
CYB5B	CYB5B
CYB5D1	CYB5D1
CYB5D2	CYB5D2
CYB5R1	CYB5R1
CYB5R2	CYB5R2
CYB5R3	CYB5R3
CYB5R4	CYB5R4
CYB5RL	CYB5RL
CYBA	CYBA
CYBB	CYBB
CYBC1	CYBC1
CYBRD1	CYBRD1
CYC1	CYC1
CYCS	CYCS
CYFIP1	CYFIP1
CYFIP2	CYFIP2
CYGB	CYGB
CYHR1	CYHR1
CYLC1	CYLC1
CYLC2	CYLC2
CYLD	CYLD
CYP11A1	CYP11A1
CYP17A1	CYP17A1
CYP17A1-AS1	CYP17A1-AS1
CYP19A1	CYP19A1
CYP1A1	CYP1A1
CYP1A2	CYP1A2
CYP1B1	CYP1B1
CYP1B1-AS1	CYP1B1-AS1
CYP20A1	CYP20A1
CYP21A2	CYP21A2
CYP24A1	CYP24A1
CYP26A1	CYP26A1
CYP26B1	CYP26B1
CYP26C1	CYP26C1
CYP27A1	CYP27A1
CYP27B1	CYP27B1
CYP27C1	CYP27C1
CYP2A13	CYP2A13
CYP2A6	CYP2A6
CYP2A7	CYP2A7
CYP2B6	CYP2B6
CYP2C18	CYP2C18
CYP2C19	CYP2C19
CYP2C8	CYP2C8
CYP2C9	CYP2C9
CYP2D6	CYP2D6
CYP2E1	CYP2E1
CYP2F1	CYP2F1
CYP2J2	CYP2J2
CYP2R1	CYP2R1
CYP2S1	CYP2S1
CYP2U1	CYP2U1
CYP2W1	CYP2W1
CYP39A1	CYP39A1
CYP3A4	CYP3A4
CYP3A43	CYP3A43
CYP3A5	CYP3A5
CYP3A7	CYP3A7
CYP46A1	CYP46A1
CYP4A11	CYP4A11
CYP4A22	CYP4A22
CYP4A22-AS1	CYP4A22-AS1
CYP4B1	CYP4B1
CYP4F11	CYP4F11
CYP4F12	CYP4F12
CYP4F2	CYP4F2
CYP4F22	CYP4F22
CYP4F26P	CYP4F26P
CYP4F3	CYP4F3
CYP4F8	CYP4F8
CYP4V2	CYP4V2
CYP4X1	CYP4X1
CYP4Z1	CYP4Z1
CYP51A1	CYP51A1
CYP51A1-AS1	CYP51A1-AS1
CYP7A1	CYP7A1
CYP7B1	CYP7B1
CYP8B1	CYP8B1
CYR61	CYR61
CYREN	CYREN
CYS1	CYS1
CYSLTR1	CYSLTR1
CYSLTR2	CYSLTR2
CYSRT1	CYSRT1
CYSTM1	CYSTM1
CYTH1	CYTH1
CYTH2	CYTH2
CYTH3	CYTH3
CYTH4	CYTH4
CYTIP	CYTIP
CYTL1	CYTL1
CYTOR	CYTOR
CYYR1	CYYR1
CYYR1-AS1	CYYR1-AS1
CZIB	CZIB
D2HGDH	D2HGDH
DAAM1	DAAM1
DAAM2	DAAM2
DAB1	DAB1
DAB1-AS1	DAB1-AS1
DAB2	DAB2
DAB2IP	DAB2IP
DACH1	DACH1
DACH2	DACH2
DACT1	DACT1
DACT2	DACT2
DACT3	DACT3
DACT3-AS1	DACT3-AS1
DAD1	DAD1
DAG1	DAG1
DAGLA	DAGLA
DAGLB	DAGLB
DALRD3	DALRD3
DANCR	DANCR
DAND5	DAND5
DANT1	DANT1
DANT2	DANT2
DAO	DAO
DAOA	DAOA
DAOA-AS1	DAOA-AS1
DAP	DAP
DAP3	DAP3
DAPK1	DAPK1
DAPK1-IT1	DAPK1-IT1
DAPK2	DAPK2
DAPK3	DAPK3
DAPL1	DAPL1
DAPP1	DAPP1
DARS	DARS
DARS-AS1	DARS-AS1
DARS2	DARS2
DAW1	DAW1
DAXX	DAXX
DAZ2	DAZ2
DAZAP1	DAZAP1
DAZAP2	DAZAP2
DAZL	DAZL
DBET	DBET
DBF4	DBF4
DBF4B	DBF4B
DBH	DBH
DBH-AS1	DBH-AS1
DBI	DBI
DBN1	DBN1
DBNDD1	DBNDD1
DBNDD2	DBNDD2
DBNL	DBNL
DBP	DBP
DBR1	DBR1
DBT	DBT
DBX1	DBX1
DBX2	DBX2
DCAF1	DCAF1
DCAF10	DCAF10
DCAF11	DCAF11
DCAF12	DCAF12
DCAF12L2	DCAF12L2
DCAF13	DCAF13
DCAF15	DCAF15
DCAF16	DCAF16
DCAF17	DCAF17
DCAF4	DCAF4
DCAF4L1	DCAF4L1
DCAF4L2	DCAF4L2
DCAF5	DCAF5
DCAF6	DCAF6
DCAF7	DCAF7
DCAF8	DCAF8
DCAF8L2	DCAF8L2
DCAKD	DCAKD
DCBLD1	DCBLD1
DCBLD2	DCBLD2
DCC	DCC
DCD	DCD
DCDC1	DCDC1
DCDC2	DCDC2
DCDC2B	DCDC2B
DCDC2C	DCDC2C
DCHS1	DCHS1
DCHS2	DCHS2
DCK	DCK
DCLK1	DCLK1
DCLK2	DCLK2
DCLK3	DCLK3
DCLRE1A	DCLRE1A
DCLRE1B	DCLRE1B
DCLRE1C	DCLRE1C
DCN	DCN
DCP1A	DCP1A
DCP1B	DCP1B
DCP2	DCP2
DCPS	DCPS
DCST1	DCST1
DCST1-AS1	DCST1-AS1
DCST2	DCST2
DCSTAMP	DCSTAMP
DCT	DCT
DCTD	DCTD
DCTN1	DCTN1
DCTN1-AS1	DCTN1-AS1
DCTN2	DCTN2
DCTN3	DCTN3
DCTN4	DCTN4
DCTN5	DCTN5
DCTN6	DCTN6
DCTPP1	DCTPP1
DCUN1D1	DCUN1D1
DCUN1D2	DCUN1D2
DCUN1D2-AS	DCUN1D2-AS
DCUN1D3	DCUN1D3
DCUN1D4	DCUN1D4
DCUN1D5	DCUN1D5
DCX	DCX
DCXR	DCXR
DCXR-DT	DCXR-DT
DDA1	DDA1
DDAH1	DDAH1
DDAH2	DDAH2
DDB1	DDB1
DDB2	DDB2
DDC	DDC
DDHD1	DDHD1
DDHD2	DDHD2
DDI1	DDI1
DDI2	DDI2
DDIAS	DDIAS
DDIT3	DDIT3
DDIT4	DDIT4
DDIT4-AS1	DDIT4-AS1
DDIT4L	DDIT4L
DDN	DDN
DDN-AS1	DDN-AS1
DDO	DDO
DDOST	DDOST
DDR1	DDR1
DDR1-DT	DDR1-DT
DDR2	DDR2
DDRGK1	DDRGK1
DDT	DDT
DDTL	DDTL
DDX1	DDX1
DDX10	DDX10
DDX11	DDX11
DDX11-AS1	DDX11-AS1
DDX17	DDX17
DDX18	DDX18
DDX19A	DDX19A
DDX19B	DDX19B
DDX20	DDX20
DDX21	DDX21
DDX23	DDX23
DDX24	DDX24
DDX25	DDX25
DDX27	DDX27
DDX28	DDX28
DDX31	DDX31
DDX39A	DDX39A
DDX39B	DDX39B
DDX39B-AS1	DDX39B-AS1
DDX3X	DDX3X
DDX3Y	DDX3Y
DDX4	DDX4
DDX41	DDX41
DDX42	DDX42
DDX43	DDX43
DDX46	DDX46
DDX47	DDX47
DDX49	DDX49
DDX5	DDX5
DDX50	DDX50
DDX51	DDX51
DDX52	DDX52
DDX53	DDX53
DDX54	DDX54
DDX55	DDX55
DDX56	DDX56
DDX58	DDX58
DDX59	DDX59
DDX59-AS1	DDX59-AS1
DDX6	DDX6
DDX60	DDX60
DDX60L	DDX60L
DEAF1	DEAF1
DEC1	DEC1
DECR1	DECR1
DECR2	DECR2
DEDD	DEDD
DEDD2	DEDD2
DEF6	DEF6
DEF8	DEF8
DEFA5	DEFA5
DEFB1	DEFB1
DEFB107B	DEFB107B
DEFB108B	DEFB108B
DEFB110	DEFB110
DEFB118	DEFB118
DEFB119	DEFB119
DEFB121	DEFB121
DEFB123	DEFB123
DEFB124	DEFB124
DEFB131A	DEFB131A
DEFB131B	DEFB131B
DEFB133	DEFB133
DEFB134	DEFB134
DEFB135	DEFB135
DEFB136	DEFB136
DEGS1	DEGS1
DEGS2	DEGS2
DEK	DEK
DELE1	DELE1
DENND10	DENND10
DENND11	DENND11
DENND1A	DENND1A
DENND1B	DENND1B
DENND1C	DENND1C
DENND2A	DENND2A
DENND2C	DENND2C
DENND2D	DENND2D
DENND3	DENND3
DENND4A	DENND4A
DENND4B	DENND4B
DENND4C	DENND4C
DENND5A	DENND5A
DENND5B	DENND5B
DENND5B-AS1	DENND5B-AS1
DENND6A	DENND6A
DENND6A-AS1	DENND6A-AS1
DENND6A-DT	DENND6A-DT
DENND6B	DENND6B
DENR	DENR
DEPDC1	DEPDC1
DEPDC1-AS1	DEPDC1-AS1
DEPDC1B	DEPDC1B
DEPDC4	DEPDC4
DEPDC5	DEPDC5
DEPDC7	DEPDC7
DEPP1	DEPP1
DEPTOR	DEPTOR
DERA	DERA
DERL1	DERL1
DERL2	DERL2
DERL3	DERL3
DES	DES
DESI1	DESI1
DESI2	DESI2
DET1	DET1
DEUP1	DEUP1
DEXI	DEXI
DFFA	DFFA
DFFB	DFFB
DGAT1	DGAT1
DGAT2	DGAT2
DGAT2L6	DGAT2L6
DGCR10	DGCR10
DGCR11	DGCR11
DGCR2	DGCR2
DGCR6	DGCR6
DGCR6L	DGCR6L
DGCR8	DGCR8
DGCR9	DGCR9
DGKA	DGKA
DGKB	DGKB
DGKD	DGKD
DGKE	DGKE
DGKG	DGKG
DGKH	DGKH
DGKI	DGKI
DGKK	DGKK
DGKQ	DGKQ
DGKZ	DGKZ
DGLUCY	DGLUCY
DGUOK	DGUOK
DGUOK-AS1	DGUOK-AS1
DHCR24	DHCR24
DHCR24-DT	DHCR24-DT
DHCR7	DHCR7
DHDDS	DHDDS
DHDH	DHDH
DHFR	DHFR
DHFR2	DHFR2
DHH	DHH
DHODH	DHODH
DHPS	DHPS
DHRS1	DHRS1
DHRS11	DHRS11
DHRS12	DHRS12
DHRS13	DHRS13
DHRS2	DHRS2
DHRS3	DHRS3
DHRS4	DHRS4
DHRS4-AS1	DHRS4-AS1
DHRS4L2	DHRS4L2
DHRS7	DHRS7
DHRS7B	DHRS7B
DHRS7C	DHRS7C
DHRS9	DHRS9
DHRSX	DHRSX
DHRSX-IT1	DHRSX-IT1
DHTKD1	DHTKD1
DHX15	DHX15
DHX16	DHX16
DHX29	DHX29
DHX30	DHX30
DHX32	DHX32
DHX33	DHX33
DHX33-DT	DHX33-DT
DHX34	DHX34
DHX35	DHX35
DHX36	DHX36
DHX37	DHX37
DHX38	DHX38
DHX40	DHX40
DHX57	DHX57
DHX58	DHX58
DHX8	DHX8
DHX9	DHX9
DIABLO	DIABLO
DIAPH1	DIAPH1
DIAPH2	DIAPH2
DIAPH2-AS1	DIAPH2-AS1
DIAPH3	DIAPH3
DIAPH3-AS1	DIAPH3-AS1
DIAPH3-AS2	DIAPH3-AS2
DICER1	DICER1
DICER1-AS1	DICER1-AS1
DIDO1	DIDO1
DIMT1	DIMT1
DIO1	DIO1
DIO2	DIO2
DIO2-AS1	DIO2-AS1
DIO3	DIO3
DIO3OS	DIO3OS
DIP2A	DIP2A
DIP2A-IT1	DIP2A-IT1
DIP2B	DIP2B
DIP2C	DIP2C
DIPK1A	DIPK1A
DIPK1B	DIPK1B
DIPK1C	DIPK1C
DIPK2A	DIPK2A
DIPK2B	DIPK2B
DIRAS1	DIRAS1
DIRAS2	DIRAS2
DIRAS3	DIRAS3
DIRC1	DIRC1
DIRC2	DIRC2
DIRC3	DIRC3
DIRC3-AS1	DIRC3-AS1
DIS3	DIS3
DIS3L	DIS3L
DIS3L2	DIS3L2
DISC1	DISC1
DISC1-IT1	DISC1-IT1
DISC1FP1	DISC1FP1
DISP1	DISP1
DISP2	DISP2
DISP3	DISP3
DIXDC1	DIXDC1
DKC1	DKC1
DKFZP434H168	DKFZP434H168
DKFZP434K028	DKFZP434K028
DKK1	DKK1
DKK2	DKK2
DKK3	DKK3
DKK4	DKK4
DKKL1	DKKL1
DLAT	DLAT
DLC1	DLC1
DLD	DLD
DLEC1	DLEC1
DLEU1	DLEU1
DLEU1-AS1	DLEU1-AS1
DLEU2	DLEU2
DLEU2L	DLEU2L
DLEU7	DLEU7
DLEU7-AS1	DLEU7-AS1
DLG1	DLG1
DLG1-AS1	DLG1-AS1
DLG2	DLG2
DLG3	DLG3
DLG3-AS1	DLG3-AS1
DLG4	DLG4
DLG5	DLG5
DLG5-AS1	DLG5-AS1
DLGAP1	DLGAP1
DLGAP1-AS1	DLGAP1-AS1
DLGAP1-AS2	DLGAP1-AS2
DLGAP1-AS3	DLGAP1-AS3
DLGAP1-AS4	DLGAP1-AS4
DLGAP1-AS5	DLGAP1-AS5
DLGAP2	DLGAP2
DLGAP2-AS1	DLGAP2-AS1
DLGAP3	DLGAP3
DLGAP4	DLGAP4
DLGAP4-AS1	DLGAP4-AS1
DLGAP5	DLGAP5
DLK1	DLK1
DLK2	DLK2
DLL1	DLL1
DLL3	DLL3
DLL4	DLL4
DLST	DLST
DLX1	DLX1
DLX2	DLX2
DLX2-DT	DLX2-DT
DLX3	DLX3
DLX4	DLX4
DLX5	DLX5
DLX6	DLX6
DLX6-AS1	DLX6-AS1
DM1-AS	DM1-AS
DMAC1	DMAC1
DMAC2	DMAC2
DMAC2L	DMAC2L
DMAP1	DMAP1
DMBT1	DMBT1
DMBX1	DMBX1
DMC1	DMC1
DMD	DMD
DMD-AS3	DMD-AS3
DMGDH	DMGDH
DMKN	DMKN
DMP1	DMP1
DMPK	DMPK
DMRT1	DMRT1
DMRT2	DMRT2
DMRT3	DMRT3
DMRTA1	DMRTA1
DMRTA2	DMRTA2
DMRTB1	DMRTB1
DMRTC1	DMRTC1
DMRTC1B	DMRTC1B
DMRTC2	DMRTC2
DMTF1	DMTF1
DMTN	DMTN
DMWD	DMWD
DMXL1	DMXL1
DMXL2	DMXL2
DNA2	DNA2
DNAAF1	DNAAF1
DNAAF2	DNAAF2
DNAAF3	DNAAF3
DNAAF4	DNAAF4
DNAAF5	DNAAF5
DNAH1	DNAH1
DNAH10	DNAH10
DNAH10OS	DNAH10OS
DNAH11	DNAH11
DNAH12	DNAH12
DNAH14	DNAH14
DNAH17	DNAH17
DNAH17-AS1	DNAH17-AS1
DNAH2	DNAH2
DNAH3	DNAH3
DNAH5	DNAH5
DNAH6	DNAH6
DNAH7	DNAH7
DNAH8	DNAH8
DNAH9	DNAH9
DNAI1	DNAI1
DNAI2	DNAI2
DNAJA1	DNAJA1
DNAJA2	DNAJA2
DNAJA3	DNAJA3
DNAJA4	DNAJA4
DNAJB1	DNAJB1
DNAJB11	DNAJB11
DNAJB12	DNAJB12
DNAJB13	DNAJB13
DNAJB14	DNAJB14
DNAJB2	DNAJB2
DNAJB4	DNAJB4
DNAJB5	DNAJB5
DNAJB5-DT	DNAJB5-DT
DNAJB6	DNAJB6
DNAJB7	DNAJB7
DNAJB8-AS1	DNAJB8-AS1
DNAJB9	DNAJB9
DNAJC1	DNAJC1
DNAJC10	DNAJC10
DNAJC11	DNAJC11
DNAJC12	DNAJC12
DNAJC13	DNAJC13
DNAJC14	DNAJC14
DNAJC15	DNAJC15
DNAJC16	DNAJC16
DNAJC17	DNAJC17
DNAJC18	DNAJC18
DNAJC19	DNAJC19
DNAJC2	DNAJC2
DNAJC21	DNAJC21
DNAJC22	DNAJC22
DNAJC24	DNAJC24
DNAJC25	DNAJC25
DNAJC25-GNG10	DNAJC25-GNG10
DNAJC27	DNAJC27
DNAJC27-AS1	DNAJC27-AS1
DNAJC28	DNAJC28
DNAJC3	DNAJC3
DNAJC3-DT	DNAJC3-DT
DNAJC30	DNAJC30
DNAJC4	DNAJC4
DNAJC5	DNAJC5
DNAJC5B	DNAJC5B
DNAJC5G	DNAJC5G
DNAJC6	DNAJC6
DNAJC7	DNAJC7
DNAJC8	DNAJC8
DNAJC9	DNAJC9
DNAJC9-AS1	DNAJC9-AS1
DNAL1	DNAL1
DNAL4	DNAL4
DNALI1	DNALI1
DNASE1	DNASE1
DNASE1L1	DNASE1L1
DNASE1L2	DNASE1L2
DNASE1L3	DNASE1L3
DNASE2	DNASE2
DNASE2B	DNASE2B
DND1	DND1
DNER	DNER
DNHD1	DNHD1
DNLZ	DNLZ
DNM1	DNM1
DNM1L	DNM1L
DNM1P35	DNM1P35
DNM2	DNM2
DNM3	DNM3
DNM3-IT1	DNM3-IT1
DNM3OS	DNM3OS
DNMBP	DNMBP
DNMBP-AS1	DNMBP-AS1
DNMT1	DNMT1
DNMT3A	DNMT3A
DNMT3B	DNMT3B
DNMT3L	DNMT3L
DNPEP	DNPEP
DNPH1	DNPH1
DNTT	DNTT
DNTTIP1	DNTTIP1
DNTTIP2	DNTTIP2
DOC2A	DOC2A
DOC2B	DOC2B
DOCK1	DOCK1
DOCK10	DOCK10
DOCK11	DOCK11
DOCK2	DOCK2
DOCK3	DOCK3
DOCK4	DOCK4
DOCK4-AS1	DOCK4-AS1
DOCK5	DOCK5
DOCK6	DOCK6
DOCK7	DOCK7
DOCK8	DOCK8
DOCK8-AS1	DOCK8-AS1
DOCK9	DOCK9
DOCK9-AS1	DOCK9-AS1
DOCK9-DT	DOCK9-DT
DOHH	DOHH
DOK1	DOK1
DOK2	DOK2
DOK3	DOK3
DOK4	DOK4
DOK5	DOK5
DOK6	DOK6
DOK7	DOK7
DOLK	DOLK
DOLPP1	DOLPP1
DONSON	DONSON
DOP1A	DOP1A
DOP1B	DOP1B
DOPEY1	DOPEY1
DOPEY2	DOPEY2
DOT1L	DOT1L
DPAGT1	DPAGT1
DPCD	DPCD
DPEP1	DPEP1
DPEP2	DPEP2
DPEP2NB	DPEP2NB
DPEP3	DPEP3
DPF1	DPF1
DPF2	DPF2
DPF3	DPF3
DPH1	DPH1
DPH2	DPH2
DPH3	DPH3
DPH5	DPH5
DPH6	DPH6
DPH6-DT	DPH6-DT
DPH7	DPH7
DPM1	DPM1
DPM2	DPM2
DPM3	DPM3
DPP10	DPP10
DPP10-AS1	DPP10-AS1
DPP10-AS2	DPP10-AS2
DPP10-AS3	DPP10-AS3
DPP3	DPP3
DPP4	DPP4
DPP6	DPP6
DPP7	DPP7
DPP8	DPP8
DPP9	DPP9
DPP9-AS1	DPP9-AS1
DPPA2	DPPA2
DPPA3	DPPA3
DPPA4	DPPA4
DPRX	DPRX
DPT	DPT
DPY19L1	DPY19L1
DPY19L2	DPY19L2
DPY19L3	DPY19L3
DPY19L4	DPY19L4
DPY30	DPY30
DPYD	DPYD
DPYD-AS1	DPYD-AS1
DPYD-AS2	DPYD-AS2
DPYD-IT1	DPYD-IT1
DPYS	DPYS
DPYSL2	DPYSL2
DPYSL3	DPYSL3
DPYSL4	DPYSL4
DPYSL5	DPYSL5
DQX1	DQX1
DR1	DR1
DRAIC	DRAIC
DRAM1	DRAM1
DRAM2	DRAM2
DRAP1	DRAP1
DRAXIN	DRAXIN
DRC1	DRC1
DRC3	DRC3
DRC7	DRC7
DRD1	DRD1
DRD2	DRD2
DRD3	DRD3
DRD4	DRD4
DRD5	DRD5
DRG1	DRG1
DRG2	DRG2
DRGX	DRGX
DRICH1	DRICH1
DROSHA	DROSHA
DRP2	DRP2
DSC1	DSC1
DSC2	DSC2
DSC3	DSC3
DSCAM	DSCAM
DSCAM-AS1	DSCAM-AS1
DSCAM-IT1	DSCAM-IT1
DSCAML1	DSCAML1
DSCAS	DSCAS
DSCC1	DSCC1
DSCR8	DSCR8
DSCR9	DSCR9
DSE	DSE
DSEL	DSEL
DSG1	DSG1
DSG1-AS1	DSG1-AS1
DSG2	DSG2
DSG2-AS1	DSG2-AS1
DSG3	DSG3
DSG4	DSG4
DSN1	DSN1
DSP	DSP
DSPP	DSPP
DST	DST
DSTN	DSTN
DSTYK	DSTYK
DTD1	DTD1
DTD2	DTD2
DTHD1	DTHD1
DTL	DTL
DTNA	DTNA
DTNB	DTNB
DTNBP1	DTNBP1
DTWD1	DTWD1
DTWD2	DTWD2
DTX1	DTX1
DTX2	DTX2
DTX3	DTX3
DTX3L	DTX3L
DTX4	DTX4
DTYMK	DTYMK
DUBR	DUBR
DUOX1	DUOX1
DUOX2	DUOX2
DUOXA1	DUOXA1
DUOXA2	DUOXA2
DUPD1	DUPD1
DUS1L	DUS1L
DUS2	DUS2
DUS3L	DUS3L
DUS4L	DUS4L
DUSP1	DUSP1
DUSP10	DUSP10
DUSP11	DUSP11
DUSP12	DUSP12
DUSP13	DUSP13
DUSP14	DUSP14
DUSP15	DUSP15
DUSP16	DUSP16
DUSP18	DUSP18
DUSP19	DUSP19
DUSP2	DUSP2
DUSP22	DUSP22
DUSP23	DUSP23
DUSP26	DUSP26
DUSP27	DUSP27
DUSP28	DUSP28
DUSP3	DUSP3
DUSP4	DUSP4
DUSP5	DUSP5
DUSP6	DUSP6
DUSP7	DUSP7
DUSP8	DUSP8
DUSP9	DUSP9
DUT	DUT
DUX4	DUX4
DUXA	DUXA
DUXAP8	DUXAP8
DUXB	DUXB
DVL1	DVL1
DVL2	DVL2
DVL3	DVL3
DWORF	DWORF
DXO	DXO
DYDC1	DYDC1
DYDC2	DYDC2
DYM	DYM
DYNAP	DYNAP
DYNC1H1	DYNC1H1
DYNC1I1	DYNC1I1
DYNC1I2	DYNC1I2
DYNC1LI1	DYNC1LI1
DYNC1LI2	DYNC1LI2
DYNC2H1	DYNC2H1
DYNC2LI1	DYNC2LI1
DYNLL1	DYNLL1
DYNLL2	DYNLL2
DYNLRB1	DYNLRB1
DYNLRB2	DYNLRB2
DYNLT1	DYNLT1
DYNLT3	DYNLT3
DYRK1A	DYRK1A
DYRK1B	DYRK1B
DYRK2	DYRK2
DYRK3	DYRK3
DYRK4	DYRK4
DYSF	DYSF
DYTN	DYTN
DZANK1	DZANK1
DZIP1	DZIP1
DZIP1L	DZIP1L
DZIP3	DZIP3
E2F1	E2F1
E2F2	E2F2
E2F3	E2F3
E2F3-IT1	E2F3-IT1
E2F4	E2F4
E2F5	E2F5
E2F6	E2F6
E2F7	E2F7
E2F8	E2F8
E4F1	E4F1
EAF1	EAF1
EAF1-AS1	EAF1-AS1
EAF2	EAF2
EAPP	EAPP
EARS2	EARS2
EBAG9	EBAG9
EBF1	EBF1
EBF2	EBF2
EBF3	EBF3
EBF4	EBF4
EBI3	EBI3
EBLN1	EBLN1
EBLN2	EBLN2
EBLN3P	EBLN3P
EBNA1BP2	EBNA1BP2
EBP	EBP
EBPL	EBPL
ECD	ECD
ECE1	ECE1
ECE2	ECE2
ECEL1	ECEL1
ECH1	ECH1
ECHDC1	ECHDC1
ECHDC2	ECHDC2
ECHDC3	ECHDC3
ECHS1	ECHS1
ECI1	ECI1
ECI2	ECI2
ECM1	ECM1
ECM2	ECM2
ECPAS	ECPAS
ECRG4	ECRG4
ECSCR	ECSCR
ECSIT	ECSIT
ECT2	ECT2
ECT2L	ECT2L
EDA	EDA
EDA2R	EDA2R
EDAR	EDAR
EDARADD	EDARADD
EDC3	EDC3
EDC4	EDC4
EDDM13	EDDM13
EDDM3A	EDDM3A
EDDM3B	EDDM3B
EDEM1	EDEM1
EDEM2	EDEM2
EDEM3	EDEM3
EDF1	EDF1
EDIL3	EDIL3
EDN1	EDN1
EDN2	EDN2
EDN3	EDN3
EDNRA	EDNRA
EDNRB	EDNRB
EDNRB-AS1	EDNRB-AS1
EDRF1	EDRF1
EDRF1-AS1	EDRF1-AS1
EDRF1-DT	EDRF1-DT
EEA1	EEA1
EED	EED
EEF1A1	EEF1A1
EEF1A2	EEF1A2
EEF1AKMT1	EEF1AKMT1
EEF1AKMT2	EEF1AKMT2
EEF1AKMT3	EEF1AKMT3
EEF1AKMT4	EEF1AKMT4
EEF1AKMT4-ECE2	EEF1AKMT4-ECE2
EEF1AKNMT	EEF1AKNMT
EEF1B2	EEF1B2
EEF1D	EEF1D
EEF1E1	EEF1E1
EEF1E1-BLOC1S5	EEF1E1-BLOC1S5
EEF1G	EEF1G
EEF2	EEF2
EEF2K	EEF2K
EEF2KMT	EEF2KMT
EEFSEC	EEFSEC
EEPD1	EEPD1
EFCAB1	EFCAB1
EFCAB10	EFCAB10
EFCAB11	EFCAB11
EFCAB12	EFCAB12
EFCAB13	EFCAB13
EFCAB14	EFCAB14
EFCAB14-AS1	EFCAB14-AS1
EFCAB2	EFCAB2
EFCAB3	EFCAB3
EFCAB5	EFCAB5
EFCAB6	EFCAB6
EFCAB6-AS1	EFCAB6-AS1
EFCAB7	EFCAB7
EFCAB8	EFCAB8
EFCAB9	EFCAB9
EFCC1	EFCC1
EFEMP1	EFEMP1
EFEMP2	EFEMP2
EFHB	EFHB
EFHC1	EFHC1
EFHC2	EFHC2
EFHD1	EFHD1
EFHD2	EFHD2
EFL1	EFL1
EFNA1	EFNA1
EFNA2	EFNA2
EFNA3	EFNA3
EFNA4	EFNA4
EFNA5	EFNA5
EFNB1	EFNB1
EFNB2	EFNB2
EFNB3	EFNB3
EFR3A	EFR3A
EFR3B	EFR3B
EFS	EFS
EFTUD2	EFTUD2
EGF	EGF
EGFL6	EGFL6
EGFL7	EGFL7
EGFL8	EGFL8
EGFLAM	EGFLAM
EGFLAM-AS1	EGFLAM-AS1
EGFLAM-AS4	EGFLAM-AS4
EGFR	EGFR
EGFR-AS1	EGFR-AS1
EGLN1	EGLN1
EGLN2	EGLN2
EGLN3	EGLN3
EGLN3-AS1	EGLN3-AS1
EGOT	EGOT
EGR1	EGR1
EGR2	EGR2
EGR3	EGR3
EGR4	EGR4
EHBP1	EHBP1
EHBP1L1	EHBP1L1
EHD1	EHD1
EHD2	EHD2
EHD3	EHD3
EHD4	EHD4
EHD4-AS1	EHD4-AS1
EHF	EHF
EHHADH	EHHADH
EHHADH-AS1	EHHADH-AS1
EHMT1	EHMT1
EHMT2	EHMT2
EHMT2-AS1	EHMT2-AS1
EI24	EI24
EID1	EID1
EID2	EID2
EID2B	EID2B
EID3	EID3
EIF1	EIF1
EIF1AD	EIF1AD
EIF1AX	EIF1AX
EIF1AX-AS1	EIF1AX-AS1
EIF1AY	EIF1AY
EIF1B	EIF1B
EIF1B-AS1	EIF1B-AS1
EIF2A	EIF2A
EIF2AK1	EIF2AK1
EIF2AK2	EIF2AK2
EIF2AK3	EIF2AK3
EIF2AK3-DT	EIF2AK3-DT
EIF2AK4	EIF2AK4
EIF2B1	EIF2B1
EIF2B2	EIF2B2
EIF2B3	EIF2B3
EIF2B4	EIF2B4
EIF2B5	EIF2B5
EIF2D	EIF2D
EIF2S1	EIF2S1
EIF2S2	EIF2S2
EIF2S3	EIF2S3
EIF2S3B	EIF2S3B
EIF3A	EIF3A
EIF3B	EIF3B
EIF3C	EIF3C
EIF3CL	EIF3CL
EIF3D	EIF3D
EIF3E	EIF3E
EIF3F	EIF3F
EIF3G	EIF3G
EIF3H	EIF3H
EIF3I	EIF3I
EIF3J	EIF3J
EIF3J-DT	EIF3J-DT
EIF3K	EIF3K
EIF3L	EIF3L
EIF3M	EIF3M
EIF4A1	EIF4A1
EIF4A2	EIF4A2
EIF4A3	EIF4A3
EIF4B	EIF4B
EIF4E	EIF4E
EIF4E1B	EIF4E1B
EIF4E2	EIF4E2
EIF4E3	EIF4E3
EIF4EBP1	EIF4EBP1
EIF4EBP2	EIF4EBP2
EIF4EBP3	EIF4EBP3
EIF4ENIF1	EIF4ENIF1
EIF4G1	EIF4G1
EIF4G2	EIF4G2
EIF4G3	EIF4G3
EIF4H	EIF4H
EIF5	EIF5
EIF5A	EIF5A
EIF5A2	EIF5A2
EIF5AL1	EIF5AL1
EIF5B	EIF5B
EIF6	EIF6
EIPR1	EIPR1
EIPR1-IT1	EIPR1-IT1
ELAC1	ELAC1
ELAC2	ELAC2
ELANE	ELANE
ELAVL1	ELAVL1
ELAVL2	ELAVL2
ELAVL3	ELAVL3
ELAVL4	ELAVL4
ELDR	ELDR
ELF1	ELF1
ELF2	ELF2
ELF3	ELF3
ELF3-AS1	ELF3-AS1
ELF4	ELF4
ELF5	ELF5
ELFN1	ELFN1
ELFN1-AS1	ELFN1-AS1
ELFN2	ELFN2
ELK1	ELK1
ELK3	ELK3
ELK4	ELK4
ELL	ELL
ELL2	ELL2
ELL3	ELL3
ELMO1	ELMO1
ELMO1-AS1	ELMO1-AS1
ELMO2	ELMO2
ELMO3	ELMO3
ELMOD1	ELMOD1
ELMOD2	ELMOD2
ELMOD3	ELMOD3
ELMSAN1	ELMSAN1
ELN	ELN
ELN-AS1	ELN-AS1
ELOA	ELOA
ELOA-AS1	ELOA-AS1
ELOA2	ELOA2
ELOA3	ELOA3
ELOB	ELOB
ELOC	ELOC
ELOF1	ELOF1
ELOVL1	ELOVL1
ELOVL2	ELOVL2
ELOVL2-AS1	ELOVL2-AS1
ELOVL3	ELOVL3
ELOVL4	ELOVL4
ELOVL5	ELOVL5
ELOVL6	ELOVL6
ELOVL7	ELOVL7
ELP1	ELP1
ELP2	ELP2
ELP3	ELP3
ELP4	ELP4
ELP5	ELP5
ELP6	ELP6
ELSPBP1	ELSPBP1
EMB	EMB
EMC1	EMC1
EMC1-AS1	EMC1-AS1
EMC10	EMC10
EMC2	EMC2
EMC3	EMC3
EMC4	EMC4
EMC6	EMC6
EMC7	EMC7
EMC8	EMC8
EMC9	EMC9
EMCN	EMCN
EMD	EMD
EME1	EME1
EME2	EME2
EMG1	EMG1
EMG1.1	EMG1.1
EMID1	EMID1
EMILIN1	EMILIN1
EMILIN2	EMILIN2
EMILIN3	EMILIN3
EML1	EML1
EML2	EML2
EML2-AS1	EML2-AS1
EML3	EML3
EML4	EML4
EML5	EML5
EML6	EML6
EMP1	EMP1
EMP2	EMP2
EMP3	EMP3
EMSY	EMSY
EMX1	EMX1
EMX2	EMX2
EMX2OS	EMX2OS
EN1	EN1
EN2	EN2
ENAH	ENAH
ENAM	ENAM
ENC1	ENC1
ENDOD1	ENDOD1
ENDOG	ENDOG
ENDOU	ENDOU
ENDOV	ENDOV
ENG	ENG
ENGASE	ENGASE
ENHO	ENHO
ENKD1	ENKD1
ENKUR	ENKUR
ENO1	ENO1
ENO1-AS1	ENO1-AS1
ENO2	ENO2
ENO3	ENO3
ENO4	ENO4
ENOPH1	ENOPH1
ENOSF1	ENOSF1
ENOX1	ENOX1
ENOX1-AS1	ENOX1-AS1
ENOX1-AS2	ENOX1-AS2
ENOX2	ENOX2
ENPEP	ENPEP
ENPP1	ENPP1
ENPP2	ENPP2
ENPP3	ENPP3
ENPP4	ENPP4
ENPP5	ENPP5
ENPP6	ENPP6
ENPP7	ENPP7
ENSA	ENSA
ENTHD1	ENTHD1
ENTPD1	ENTPD1
ENTPD1-AS1	ENTPD1-AS1
ENTPD2	ENTPD2
ENTPD3	ENTPD3
ENTPD3-AS1	ENTPD3-AS1
ENTPD4	ENTPD4
ENTPD5	ENTPD5
ENTPD6	ENTPD6
ENTPD7	ENTPD7
ENTPD8	ENTPD8
ENTR1	ENTR1
ENY2	ENY2
EOGT	EOGT
EOMES	EOMES
EP300	EP300
EP300-AS1	EP300-AS1
EP400	EP400
EPAS1	EPAS1
EPB41	EPB41
EPB41L1	EPB41L1
EPB41L2	EPB41L2
EPB41L3	EPB41L3
EPB41L4A	EPB41L4A
EPB41L4A-AS1	EPB41L4A-AS1
EPB41L4A-DT	EPB41L4A-DT
EPB41L4B	EPB41L4B
EPB41L5	EPB41L5
EPB42	EPB42
EPC1	EPC1
EPC2	EPC2
EPCAM	EPCAM
EPCAM-DT	EPCAM-DT
EPDR1	EPDR1
EPG5	EPG5
EPGN	EPGN
EPHA1	EPHA1
EPHA1-AS1	EPHA1-AS1
EPHA10	EPHA10
EPHA2	EPHA2
EPHA3	EPHA3
EPHA4	EPHA4
EPHA5	EPHA5
EPHA5-AS1	EPHA5-AS1
EPHA6	EPHA6
EPHA7	EPHA7
EPHA8	EPHA8
EPHB1	EPHB1
EPHB2	EPHB2
EPHB3	EPHB3
EPHB4	EPHB4
EPHB6	EPHB6
EPHX1	EPHX1
EPHX2	EPHX2
EPHX3	EPHX3
EPHX4	EPHX4
EPM2A	EPM2A
EPM2AIP1	EPM2AIP1
EPN1	EPN1
EPN2	EPN2
EPN2-AS1	EPN2-AS1
EPN3	EPN3
EPO	EPO
EPOP	EPOP
EPOR	EPOR
EPPIN	EPPIN
EPPIN-WFDC6	EPPIN-WFDC6
EPPK1	EPPK1
EPRS	EPRS
EPS15	EPS15
EPS15L1	EPS15L1
EPS8	EPS8
EPS8L1	EPS8L1
EPS8L2	EPS8L2
EPS8L3	EPS8L3
EPSTI1	EPSTI1
EPX	EPX
EPYC	EPYC
EQTN	EQTN
ERAL1	ERAL1
ERAP1	ERAP1
ERAP2	ERAP2
ERAS	ERAS
ERBB2	ERBB2
ERBB3	ERBB3
ERBB4	ERBB4
ERBIN	ERBIN
ERC1	ERC1
ERC2	ERC2
ERC2-IT1	ERC2-IT1
ERCC1	ERCC1
ERCC2	ERCC2
ERCC3	ERCC3
ERCC4	ERCC4
ERCC5	ERCC5
ERCC6	ERCC6
ERCC6L	ERCC6L
ERCC6L2	ERCC6L2
ERCC8	ERCC8
EREG	EREG
ERF	ERF
ERFE	ERFE
ERFL	ERFL
ERG	ERG
ERG28	ERG28
ERGIC1	ERGIC1
ERGIC2	ERGIC2
ERGIC3	ERGIC3
ERH	ERH
ERI1	ERI1
ERI2	ERI2
ERI3	ERI3
ERI3-IT1	ERI3-IT1
ERICD	ERICD
ERICH1	ERICH1
ERICH2	ERICH2
ERICH3	ERICH3
ERICH3-AS1	ERICH3-AS1
ERICH4	ERICH4
ERICH5	ERICH5
ERICH6	ERICH6
ERICH6-AS1	ERICH6-AS1
ERICH6B	ERICH6B
ERLEC1	ERLEC1
ERLIN1	ERLIN1
ERLIN2	ERLIN2
ERLNC1	ERLNC1
ERMAP	ERMAP
ERMARD	ERMARD
ERMN	ERMN
ERMP1	ERMP1
ERN1	ERN1
ERN2	ERN2
ERO1A	ERO1A
ERO1B	ERO1B
ERP27	ERP27
ERP29	ERP29
ERP44	ERP44
ERRFI1	ERRFI1
ERV3-1	ERV3-1
ERVE-1	ERVE-1
ERVFRD-1	ERVFRD-1
ERVH-1	ERVH-1
ERVH48-1	ERVH48-1
ERVK-28	ERVK-28
ERVK13-1	ERVK13-1
ERVK3-1	ERVK3-1
ERVK9-11	ERVK9-11
ERVMER34-1	ERVMER34-1
ERVMER61-1	ERVMER61-1
ERVV-1	ERVV-1
ERVV-2	ERVV-2
ERVW-1	ERVW-1
ESAM	ESAM
ESCO1	ESCO1
ESCO2	ESCO2
ESD	ESD
ESF1	ESF1
ESM1	ESM1
ESPL1	ESPL1
ESPN	ESPN
ESPNL	ESPNL
ESR1	ESR1
ESR2	ESR2
ESRG	ESRG
ESRP1	ESRP1
ESRP2	ESRP2
ESRRA	ESRRA
ESRRB	ESRRB
ESRRG	ESRRG
ESS2	ESS2
ESYT1	ESYT1
ESYT2	ESYT2
ESYT3	ESYT3
ETAA1	ETAA1
ETF1	ETF1
ETFA	ETFA
ETFB	ETFB
ETFBKMT	ETFBKMT
ETFDH	ETFDH
ETFRF1	ETFRF1
ETHE1	ETHE1
ETNK1	ETNK1
ETNK2	ETNK2
ETNPPL	ETNPPL
ETS1	ETS1
ETS1-AS1	ETS1-AS1
ETS2	ETS2
ETV1	ETV1
ETV2	ETV2
ETV3	ETV3
ETV3L	ETV3L
ETV4	ETV4
ETV5	ETV5
ETV5-AS1	ETV5-AS1
ETV6	ETV6
ETV7	ETV7
EVA1A	EVA1A
EVA1B	EVA1B
EVA1C	EVA1C
EVC	EVC
EVC2	EVC2
EVI2A	EVI2A
EVI2B	EVI2B
EVI5	EVI5
EVI5L	EVI5L
EVL	EVL
EVPL	EVPL
EVPLL	EVPLL
EWSAT1	EWSAT1
EWSR1	EWSR1
EXD1	EXD1
EXD2	EXD2
EXD3	EXD3
EXO1	EXO1
EXO5	EXO5
EXOC1	EXOC1
EXOC1L	EXOC1L
EXOC2	EXOC2
EXOC3	EXOC3
EXOC3-AS1	EXOC3-AS1
EXOC3L1	EXOC3L1
EXOC3L2	EXOC3L2
EXOC3L4	EXOC3L4
EXOC4	EXOC4
EXOC5	EXOC5
EXOC6	EXOC6
EXOC6B	EXOC6B
EXOC7	EXOC7
EXOC8	EXOC8
EXOG	EXOG
EXOSC1	EXOSC1
EXOSC10	EXOSC10
EXOSC10-AS1	EXOSC10-AS1
EXOSC2	EXOSC2
EXOSC3	EXOSC3
EXOSC4	EXOSC4
EXOSC5	EXOSC5
EXOSC6	EXOSC6
EXOSC7	EXOSC7
EXOSC8	EXOSC8
EXOSC9	EXOSC9
EXPH5	EXPH5
EXT1	EXT1
EXT2	EXT2
EXTL1	EXTL1
EXTL2	EXTL2
EXTL3	EXTL3
EXTL3-AS1	EXTL3-AS1
EYA1	EYA1
EYA2	EYA2
EYA3	EYA3
EYA4	EYA4
EYS	EYS
EZH1	EZH1
EZH2	EZH2
EZHIP	EZHIP
EZR	EZR
EZR-AS1	EZR-AS1
F10	F10
F10-AS1	F10-AS1
F11	F11
F11-AS1	F11-AS1
F11R	F11R
F12	F12
F13A1	F13A1
F13B	F13B
F2	F2
F2R	F2R
F2RL1	F2RL1
F2RL2	F2RL2
F2RL3	F2RL3
F3	F3
F5	F5
F7	F7
F8	F8
F8A1	F8A1
F8A3	F8A3
F9	F9
FA2H	FA2H
FAAH	FAAH
FAAH2	FAAH2
FAAP100	FAAP100
FAAP20	FAAP20
FAAP24	FAAP24
FABP1	FABP1
FABP12	FABP12
FABP2	FABP2
FABP3	FABP3
FABP4	FABP4
FABP5	FABP5
FABP6	FABP6
FABP7	FABP7
FABP9	FABP9
FADD	FADD
FADS1	FADS1
FADS2	FADS2
FADS3	FADS3
FADS6	FADS6
FAF1	FAF1
FAF2	FAF2
FAH	FAH
FAHD1	FAHD1
FAHD2A	FAHD2A
FAHD2B	FAHD2B
FAIM	FAIM
FAIM2	FAIM2
FALEC	FALEC
FAM102A	FAM102A
FAM102B	FAM102B
FAM104A	FAM104A
FAM104B	FAM104B
FAM106A	FAM106A
FAM106C	FAM106C
FAM107A	FAM107A
FAM107B	FAM107B
FAM110A	FAM110A
FAM110B	FAM110B
FAM110C	FAM110C
FAM110D	FAM110D
FAM111A	FAM111A
FAM111A-DT	FAM111A-DT
FAM111B	FAM111B
FAM114A1	FAM114A1
FAM114A2	FAM114A2
FAM117A	FAM117A
FAM117B	FAM117B
FAM118A	FAM118A
FAM118B	FAM118B
FAM120A	FAM120A
FAM120AOS	FAM120AOS
FAM120B	FAM120B
FAM120C	FAM120C
FAM122A	FAM122A
FAM122B	FAM122B
FAM122C	FAM122C
FAM124A	FAM124A
FAM124B	FAM124B
FAM126A	FAM126A
FAM126B	FAM126B
FAM129A	FAM129A
FAM129B	FAM129B
FAM129C	FAM129C
FAM131A	FAM131A
FAM131B	FAM131B
FAM131C	FAM131C
FAM133A	FAM133A
FAM133B	FAM133B
FAM135A	FAM135A
FAM135B	FAM135B
FAM136A	FAM136A
FAM138B	FAM138B
FAM13A	FAM13A
FAM13A-AS1	FAM13A-AS1
FAM13B	FAM13B
FAM13C	FAM13C
FAM149A	FAM149A
FAM149B1	FAM149B1
FAM151A	FAM151A
FAM151B	FAM151B
FAM153A	FAM153A
FAM153B	FAM153B
FAM153C	FAM153C
FAM153CP	FAM153CP
FAM155A	FAM155A
FAM155A-IT1	FAM155A-IT1
FAM155B	FAM155B
FAM156A	FAM156A
FAM156B	FAM156B
FAM157C	FAM157C
FAM160A1	FAM160A1
FAM160A1-DT	FAM160A1-DT
FAM160A2	FAM160A2
FAM160B1	FAM160B1
FAM160B2	FAM160B2
FAM161A	FAM161A
FAM161B	FAM161B
FAM162A	FAM162A
FAM162B	FAM162B
FAM163A	FAM163A
FAM163B	FAM163B
FAM166A	FAM166A
FAM166B	FAM166B
FAM166C	FAM166C
FAM167A	FAM167A
FAM167A-AS1	FAM167A-AS1
FAM167B	FAM167B
FAM168A	FAM168A
FAM168B	FAM168B
FAM169A	FAM169A
FAM169B	FAM169B
FAM170B	FAM170B
FAM170B-AS1	FAM170B-AS1
FAM171A1	FAM171A1
FAM171A2	FAM171A2
FAM171B	FAM171B
FAM172A	FAM172A
FAM173A	FAM173A
FAM173B	FAM173B
FAM174A	FAM174A
FAM174B	FAM174B
FAM174C	FAM174C
FAM177A1	FAM177A1
FAM177B	FAM177B
FAM178B	FAM178B
FAM180A	FAM180A
FAM180B	FAM180B
FAM181A	FAM181A
FAM181A-AS1	FAM181A-AS1
FAM181B	FAM181B
FAM182A	FAM182A
FAM182B	FAM182B
FAM183A	FAM183A
FAM184A	FAM184A
FAM184B	FAM184B
FAM185A	FAM185A
FAM186A	FAM186A
FAM186B	FAM186B
FAM187B	FAM187B
FAM189A1	FAM189A1
FAM189A2	FAM189A2
FAM189B	FAM189B
FAM192A	FAM192A
FAM193A	FAM193A
FAM193B	FAM193B
FAM196A	FAM196A
FAM196B	FAM196B
FAM197Y5	FAM197Y5
FAM198A	FAM198A
FAM198B	FAM198B
FAM198B-AS1	FAM198B-AS1
FAM199X	FAM199X
FAM19A1	FAM19A1
FAM19A2	FAM19A2
FAM19A3	FAM19A3
FAM19A4	FAM19A4
FAM19A5	FAM19A5
FAM200A	FAM200A
FAM200B	FAM200B
FAM201A	FAM201A
FAM204A	FAM204A
FAM205A	FAM205A
FAM205C	FAM205C
FAM206A	FAM206A
FAM207A	FAM207A
FAM208A	FAM208A
FAM208B	FAM208B
FAM209A	FAM209A
FAM209B	FAM209B
FAM20A	FAM20A
FAM20B	FAM20B
FAM20C	FAM20C
FAM210A	FAM210A
FAM210B	FAM210B
FAM213A	FAM213A
FAM213B	FAM213B
FAM214A	FAM214A
FAM214B	FAM214B
FAM215B	FAM215B
FAM216A	FAM216A
FAM216B	FAM216B
FAM217A	FAM217A
FAM217B	FAM217B
FAM218A	FAM218A
FAM219A	FAM219A
FAM219B	FAM219B
FAM220A	FAM220A
FAM221A	FAM221A
FAM221B	FAM221B
FAM222A	FAM222A
FAM222A-AS1	FAM222A-AS1
FAM222B	FAM222B
FAM224A	FAM224A
FAM225A	FAM225A
FAM225B	FAM225B
FAM226B	FAM226B
FAM227A	FAM227A
FAM227B	FAM227B
FAM228A	FAM228A
FAM228B	FAM228B
FAM229A	FAM229A
FAM229B	FAM229B
FAM230B	FAM230B
FAM230C	FAM230C
FAM230E	FAM230E
FAM230F	FAM230F
FAM230H	FAM230H
FAM230I	FAM230I
FAM230J	FAM230J
FAM234A	FAM234A
FAM234B	FAM234B
FAM237A	FAM237A
FAM237B	FAM237B
FAM239A	FAM239A
FAM239B	FAM239B
FAM239C	FAM239C
FAM240A	FAM240A
FAM240B	FAM240B
FAM240C	FAM240C
FAM241A	FAM241A
FAM241B	FAM241B
FAM242A	FAM242A
FAM242B	FAM242B
FAM242C	FAM242C
FAM242E	FAM242E
FAM242F	FAM242F
FAM243B	FAM243B
FAM245A	FAM245A
FAM245B	FAM245B
FAM24B	FAM24B
FAM25A	FAM25A
FAM25C	FAM25C
FAM25G	FAM25G
FAM27C	FAM27C
FAM27E3	FAM27E3
FAM30A	FAM30A
FAM32A	FAM32A
FAM3A	FAM3A
FAM3B	FAM3B
FAM3C	FAM3C
FAM3D	FAM3D
FAM3D-AS1	FAM3D-AS1
FAM41C	FAM41C
FAM43A	FAM43A
FAM43B	FAM43B
FAM45A	FAM45A
FAM47E	FAM47E
FAM47E-STBD1	FAM47E-STBD1
FAM49A	FAM49A
FAM49B	FAM49B
FAM50A	FAM50A
FAM50B	FAM50B
FAM53A	FAM53A
FAM53B	FAM53B
FAM53B-AS1	FAM53B-AS1
FAM53C	FAM53C
FAM57A	FAM57A
FAM57B	FAM57B
FAM66A	FAM66A
FAM66B	FAM66B
FAM66C	FAM66C
FAM66D	FAM66D
FAM66E	FAM66E
FAM69A	FAM69A
FAM69B	FAM69B
FAM69C	FAM69C
FAM71A	FAM71A
FAM71B	FAM71B
FAM71C	FAM71C
FAM71D	FAM71D
FAM71E1	FAM71E1
FAM71E2	FAM71E2
FAM71F1	FAM71F1
FAM71F2	FAM71F2
FAM72A	FAM72A
FAM72B	FAM72B
FAM72C	FAM72C
FAM72D	FAM72D
FAM74A1	FAM74A1
FAM74A7	FAM74A7
FAM76A	FAM76A
FAM76B	FAM76B
FAM78A	FAM78A
FAM78B	FAM78B
FAM81A	FAM81A
FAM81B	FAM81B
FAM83A	FAM83A
FAM83A-AS1	FAM83A-AS1
FAM83B	FAM83B
FAM83C	FAM83C
FAM83C-AS1	FAM83C-AS1
FAM83D	FAM83D
FAM83E	FAM83E
FAM83F	FAM83F
FAM83G	FAM83G
FAM83H	FAM83H
FAM84A	FAM84A
FAM84B	FAM84B
FAM85B	FAM85B
FAM86B1	FAM86B1
FAM86B2	FAM86B2
FAM86C1	FAM86C1
FAM87A	FAM87A
FAM87B	FAM87B
FAM89A	FAM89A
FAM89B	FAM89B
FAM8A1	FAM8A1
FAM90A1	FAM90A1
FAM90A26	FAM90A26
FAM91A1	FAM91A1
FAM92A	FAM92A
FAM92B	FAM92B
FAM95B1	FAM95B1
FAM95C	FAM95C
FAM96A	FAM96A
FAM96B	FAM96B
FAM98A	FAM98A
FAM98B	FAM98B
FAM98C	FAM98C
FAM9A	FAM9A
FAM9B	FAM9B
FAM9C	FAM9C
FAN1	FAN1
FANCA	FANCA
FANCB	FANCB
FANCC	FANCC
FANCD2	FANCD2
FANCD2OS	FANCD2OS
FANCE	FANCE
FANCF	FANCF
FANCG	FANCG
FANCI	FANCI
FANCL	FANCL
FANCM	FANCM
FANK1	FANK1
FANK1-AS1	FANK1-AS1
FAP	FAP
FAR1	FAR1
FAR1-IT1	FAR1-IT1
FAR2	FAR2
FARP1	FARP1
FARP1-AS1	FARP1-AS1
FARP2	FARP2
FARS2	FARS2
FARSA	FARSA
FARSA-AS1	FARSA-AS1
FARSB	FARSB
FAS	FAS
FASLG	FASLG
FASN	FASN
FASTK	FASTK
FASTKD1	FASTKD1
FASTKD2	FASTKD2
FASTKD3	FASTKD3
FASTKD5	FASTKD5
FAT1	FAT1
FAT2	FAT2
FAT3	FAT3
FAT4	FAT4
FATE1	FATE1
FAU	FAU
FAXC	FAXC
FAXDC2	FAXDC2
FBF1	FBF1
FBH1	FBH1
FBL	FBL
FBLIM1	FBLIM1
FBLL1	FBLL1
FBLN1	FBLN1
FBLN2	FBLN2
FBLN5	FBLN5
FBLN7	FBLN7
FBN1	FBN1
FBN2	FBN2
FBN3	FBN3
FBP1	FBP1
FBP2	FBP2
FBRS	FBRS
FBRSL1	FBRSL1
FBXL12	FBXL12
FBXL13	FBXL13
FBXL14	FBXL14
FBXL15	FBXL15
FBXL16	FBXL16
FBXL17	FBXL17
FBXL18	FBXL18
FBXL19	FBXL19
FBXL19-AS1	FBXL19-AS1
FBXL2	FBXL2
FBXL20	FBXL20
FBXL22	FBXL22
FBXL3	FBXL3
FBXL4	FBXL4
FBXL5	FBXL5
FBXL6	FBXL6
FBXL7	FBXL7
FBXL8	FBXL8
FBXO10	FBXO10
FBXO11	FBXO11
FBXO15	FBXO15
FBXO16	FBXO16
FBXO17	FBXO17
FBXO2	FBXO2
FBXO21	FBXO21
FBXO22	FBXO22
FBXO24	FBXO24
FBXO25	FBXO25
FBXO27	FBXO27
FBXO28	FBXO28
FBXO3	FBXO3
FBXO3-DT	FBXO3-DT
FBXO30	FBXO30
FBXO31	FBXO31
FBXO32	FBXO32
FBXO33	FBXO33
FBXO34	FBXO34
FBXO36	FBXO36
FBXO36-IT1	FBXO36-IT1
FBXO38	FBXO38
FBXO39	FBXO39
FBXO4	FBXO4
FBXO40	FBXO40
FBXO41	FBXO41
FBXO42	FBXO42
FBXO43	FBXO43
FBXO44	FBXO44
FBXO45	FBXO45
FBXO46	FBXO46
FBXO47	FBXO47
FBXO48	FBXO48
FBXO5	FBXO5
FBXO6	FBXO6
FBXO7	FBXO7
FBXO8	FBXO8
FBXO9	FBXO9
FBXW10	FBXW10
FBXW11	FBXW11
FBXW12	FBXW12
FBXW2	FBXW2
FBXW4	FBXW4
FBXW5	FBXW5
FBXW7	FBXW7
FBXW7-AS1	FBXW7-AS1
FBXW8	FBXW8
FBXW9	FBXW9
FCAMR	FCAMR
FCAR	FCAR
FCER1A	FCER1A
FCER1G	FCER1G
FCER2	FCER2
FCF1	FCF1
FCGBP	FCGBP
FCGR1A	FCGR1A
FCGR1B	FCGR1B
FCGR2A	FCGR2A
FCGR2B	FCGR2B
FCGR3A	FCGR3A
FCGR3B	FCGR3B
FCGRT	FCGRT
FCHO1	FCHO1
FCHO2	FCHO2
FCHSD1	FCHSD1
FCHSD2	FCHSD2
FCMR	FCMR
FCN1	FCN1
FCN2	FCN2
FCN3	FCN3
FCRL1	FCRL1
FCRL2	FCRL2
FCRL3	FCRL3
FCRL4	FCRL4
FCRL5	FCRL5
FCRL6	FCRL6
FCRLA	FCRLA
FCRLB	FCRLB
FCSK	FCSK
FDCSP	FDCSP
FDFT1	FDFT1
FDPS	FDPS
FDX1	FDX1
FDX2	FDX2
FDXACB1	FDXACB1
FDXR	FDXR
FECH	FECH
FEM1A	FEM1A
FEM1B	FEM1B
FEM1C	FEM1C
FEN1	FEN1
FENDRR	FENDRR
FER	FER
FER1L5	FER1L5
FER1L6	FER1L6
FER1L6-AS1	FER1L6-AS1
FER1L6-AS2	FER1L6-AS2
FERMT1	FERMT1
FERMT2	FERMT2
FERMT3	FERMT3
FES	FES
FETUB	FETUB
FEV	FEV
FEZ1	FEZ1
FEZ2	FEZ2
FEZF1	FEZF1
FEZF1-AS1	FEZF1-AS1
FEZF2	FEZF2
FFAR1	FFAR1
FFAR2	FFAR2
FFAR3	FFAR3
FFAR4	FFAR4
FGA	FGA
FGD1	FGD1
FGD2	FGD2
FGD3	FGD3
FGD4	FGD4
FGD5	FGD5
FGD5-AS1	FGD5-AS1
FGD6	FGD6
FGF1	FGF1
FGF10	FGF10
FGF10-AS1	FGF10-AS1
FGF11	FGF11
FGF12	FGF12
FGF12-AS1	FGF12-AS1
FGF12-AS2	FGF12-AS2
FGF12-AS3	FGF12-AS3
FGF13	FGF13
FGF13-AS1	FGF13-AS1
FGF14	FGF14
FGF14-AS1	FGF14-AS1
FGF14-AS2	FGF14-AS2
FGF14-IT1	FGF14-IT1
FGF16	FGF16
FGF17	FGF17
FGF18	FGF18
FGF19	FGF19
FGF2	FGF2
FGF20	FGF20
FGF22	FGF22
FGF23	FGF23
FGF3	FGF3
FGF5	FGF5
FGF6	FGF6
FGF7	FGF7
FGF8	FGF8
FGF9	FGF9
FGFBP2	FGFBP2
FGFBP3	FGFBP3
FGFR1	FGFR1
FGFR1OP	FGFR1OP
FGFR1OP2	FGFR1OP2
FGFR2	FGFR2
FGFR3	FGFR3
FGFR4	FGFR4
FGFRL1	FGFRL1
FGG	FGG
FGGY	FGGY
FGL1	FGL1
FGL2	FGL2
FGR	FGR
FH	FH
FHAD1	FHAD1
FHDC1	FHDC1
FHIT	FHIT
FHL1	FHL1
FHL2	FHL2
FHL3	FHL3
FHL5	FHL5
FHOD1	FHOD1
FHOD3	FHOD3
FIBCD1	FIBCD1
FIBIN	FIBIN
FIBP	FIBP
FICD	FICD
FIG4	FIG4
FIGLA	FIGLA
FIGN	FIGN
FIGNL1	FIGNL1
FIGNL2	FIGNL2
FIGNL2-DT	FIGNL2-DT
FILIP1	FILIP1
FILIP1L	FILIP1L
FILNC1	FILNC1
FIP1L1	FIP1L1
FIRRE	FIRRE
FIS1	FIS1
FITM1	FITM1
FITM2	FITM2
FIZ1	FIZ1
FJX1	FJX1
FKBP10	FKBP10
FKBP11	FKBP11
FKBP14	FKBP14
FKBP15	FKBP15
FKBP1A	FKBP1A
FKBP1B	FKBP1B
FKBP1C	FKBP1C
FKBP2	FKBP2
FKBP3	FKBP3
FKBP4	FKBP4
FKBP5	FKBP5
FKBP6	FKBP6
FKBP7	FKBP7
FKBP8	FKBP8
FKBP9	FKBP9
FKBPL	FKBPL
FKRP	FKRP
FKTN	FKTN
FLACC1	FLACC1
FLAD1	FLAD1
FLCN	FLCN
FLG	FLG
FLG-AS1	FLG-AS1
FLG2	FLG2
FLI1	FLI1
FLII	FLII
FLJ45513	FLJ45513
FLNA	FLNA
FLNB	FLNB
FLNB-AS1	FLNB-AS1
FLNC	FLNC
FLNC-AS1	FLNC-AS1
FLOT1	FLOT1
FLOT2	FLOT2
FLRT1	FLRT1
FLRT2	FLRT2
FLRT3	FLRT3
FLT1	FLT1
FLT3	FLT3
FLT3LG	FLT3LG
FLT4	FLT4
FLVCR1	FLVCR1
FLVCR1-DT	FLVCR1-DT
FLVCR2	FLVCR2
FLYWCH1	FLYWCH1
FLYWCH2	FLYWCH2
FMC1	FMC1
FMN1	FMN1
FMN2	FMN2
FMNL1	FMNL1
FMNL2	FMNL2
FMNL3	FMNL3
FMO1	FMO1
FMO2	FMO2
FMO3	FMO3
FMO4	FMO4
FMO5	FMO5
FMOD	FMOD
FMR1	FMR1
FMR1-AS1	FMR1-AS1
FMR1-IT1	FMR1-IT1
FMR1NB	FMR1NB
FN1	FN1
FN3K	FN3K
FN3KRP	FN3KRP
FNBP1	FNBP1
FNBP1L	FNBP1L
FNBP4	FNBP4
FNDC1	FNDC1
FNDC1-IT1	FNDC1-IT1
FNDC10	FNDC10
FNDC11	FNDC11
FNDC3A	FNDC3A
FNDC3B	FNDC3B
FNDC4	FNDC4
FNDC5	FNDC5
FNDC7	FNDC7
FNDC8	FNDC8
FNDC9	FNDC9
FNIP1	FNIP1
FNIP2	FNIP2
FNTA	FNTA
FNTB	FNTB
FO393400.1	FO393400.1
FO393401.1	FO393401.1
FO393414.3	FO393414.3
FO393415.1	FO393415.1
FO393415.3	FO393415.3
FO393418.1	FO393418.1
FO393419.2	FO393419.2
FO680682.1	FO680682.1
FO681492.1	FO681492.1
FO704657.1	FO704657.1
FOCAD	FOCAD
FOCAD-AS1	FOCAD-AS1
FOLH1	FOLH1
FOLR1	FOLR1
FOLR2	FOLR2
FOLR3	FOLR3
FOPNL	FOPNL
FOS	FOS
FOSB	FOSB
FOSL1	FOSL1
FOSL2	FOSL2
FOXA1	FOXA1
FOXA3	FOXA3
FOXB1	FOXB1
FOXC1	FOXC1
FOXC2	FOXC2
FOXCUT	FOXCUT
FOXD1	FOXD1
FOXD2	FOXD2
FOXD2-AS1	FOXD2-AS1
FOXD3	FOXD3
FOXD3-AS1	FOXD3-AS1
FOXD4	FOXD4
FOXD4L1	FOXD4L1
FOXD4L3	FOXD4L3
FOXD4L4	FOXD4L4
FOXD4L5	FOXD4L5
FOXD4L6	FOXD4L6
FOXE1	FOXE1
FOXE3	FOXE3
FOXF1	FOXF1
FOXF2	FOXF2
FOXG1	FOXG1
FOXG1-AS1	FOXG1-AS1
FOXH1	FOXH1
FOXI2	FOXI2
FOXI3	FOXI3
FOXJ1	FOXJ1
FOXJ2	FOXJ2
FOXJ3	FOXJ3
FOXK1	FOXK1
FOXK2	FOXK2
FOXL1	FOXL1
FOXL2	FOXL2
FOXL2NB	FOXL2NB
FOXM1	FOXM1
FOXN1	FOXN1
FOXN2	FOXN2
FOXN3	FOXN3
FOXN3-AS1	FOXN3-AS1
FOXN3-AS2	FOXN3-AS2
FOXN4	FOXN4
FOXO1	FOXO1
FOXO3	FOXO3
FOXO3B	FOXO3B
FOXO4	FOXO4
FOXO6	FOXO6
FOXP1	FOXP1
FOXP1-AS1	FOXP1-AS1
FOXP1-IT1	FOXP1-IT1
FOXP2	FOXP2
FOXP3	FOXP3
FOXP4	FOXP4
FOXP4-AS1	FOXP4-AS1
FOXQ1	FOXQ1
FOXR1	FOXR1
FOXRED1	FOXRED1
FOXRED2	FOXRED2
FOXS1	FOXS1
FP236241.1	FP236241.1
FP236315.1	FP236315.1
FP236315.3	FP236315.3
FP236383.1	FP236383.1
FP236383.2	FP236383.2
FP236383.3	FP236383.3
FP236383.4	FP236383.4
FP236383.5	FP236383.5
FP325318.1	FP325318.1
FP325330.1	FP325330.1
FP325330.2	FP325330.2
FP325330.3	FP325330.3
FP325332.1	FP325332.1
FP325335.1	FP325335.1
FP326651.1	FP326651.1
FP475955.1	FP475955.1
FP475955.3	FP475955.3
FP565171.1	FP565171.1
FP565260.1	FP565260.1
FP565260.2	FP565260.2
FP565260.3	FP565260.3
FP565260.5	FP565260.5
FP565260.6	FP565260.6
FP671120.1	FP671120.1
FP671120.4	FP671120.4
FP671120.6	FP671120.6
FP671120.7	FP671120.7
FP700111.1	FP700111.1
FPGS	FPGS
FPGT	FPGT
FPGT-TNNI3K	FPGT-TNNI3K
FPR1	FPR1
FPR2	FPR2
FPR3	FPR3
FRA10AC1	FRA10AC1
FRAS1	FRAS1
FRAT1	FRAT1
FRAT2	FRAT2
FREM1	FREM1
FREM2	FREM2
FREM2-AS1	FREM2-AS1
FREM3	FREM3
FRG1	FRG1
FRG1-DT	FRG1-DT
FRG2B	FRG2B
FRG2C	FRG2C
FRGCA	FRGCA
FRK	FRK
FRMD1	FRMD1
FRMD3	FRMD3
FRMD4A	FRMD4A
FRMD4B	FRMD4B
FRMD5	FRMD5
FRMD6	FRMD6
FRMD6-AS1	FRMD6-AS1
FRMD6-AS2	FRMD6-AS2
FRMD7	FRMD7
FRMD8	FRMD8
FRMPD1	FRMPD1
FRMPD2	FRMPD2
FRMPD3	FRMPD3
FRMPD3-AS1	FRMPD3-AS1
FRMPD4	FRMPD4
FRMPD4-AS1	FRMPD4-AS1
FRRS1	FRRS1
FRRS1L	FRRS1L
FRS2	FRS2
FRS3	FRS3
FRY	FRY
FRY-AS1	FRY-AS1
FRYL	FRYL
FRZB	FRZB
FSBP	FSBP
FSCB	FSCB
FSCN1	FSCN1
FSCN2	FSCN2
FSCN3	FSCN3
FSD1	FSD1
FSD1L	FSD1L
FSD2	FSD2
FSHB	FSHB
FSHR	FSHR
FSIP1	FSIP1
FSIP2	FSIP2
FSIP2-AS1	FSIP2-AS1
FSIP2-AS2	FSIP2-AS2
FST	FST
FSTL1	FSTL1
FSTL3	FSTL3
FSTL4	FSTL4
FSTL5	FSTL5
FTCD	FTCD
FTCD-AS1	FTCD-AS1
FTCDNL1	FTCDNL1
FTH1	FTH1
FTL	FTL
FTO	FTO
FTSJ1	FTSJ1
FTSJ3	FTSJ3
FTX	FTX
FUBP1	FUBP1
FUBP3	FUBP3
FUCA1	FUCA1
FUCA2	FUCA2
FUK	FUK
FUNDC1	FUNDC1
FUNDC2	FUNDC2
FUOM	FUOM
FURIN	FURIN
FUS	FUS
FUT1	FUT1
FUT10	FUT10
FUT11	FUT11
FUT2	FUT2
FUT3	FUT3
FUT4	FUT4
FUT5	FUT5
FUT6	FUT6
FUT7	FUT7
FUT8	FUT8
FUT8-AS1	FUT8-AS1
FUT9	FUT9
FUZ	FUZ
FXN	FXN
FXR1	FXR1
FXR2	FXR2
FXYD1	FXYD1
FXYD2	FXYD2
FXYD3	FXYD3
FXYD4	FXYD4
FXYD5	FXYD5
FXYD6	FXYD6
FXYD6-FXYD2	FXYD6-FXYD2
FXYD7	FXYD7
FYB1	FYB1
FYB2	FYB2
FYCO1	FYCO1
FYN	FYN
FYTTD1	FYTTD1
FZD1	FZD1
FZD10	FZD10
FZD10-AS1	FZD10-AS1
FZD2	FZD2
FZD3	FZD3
FZD4	FZD4
FZD4-DT	FZD4-DT
FZD5	FZD5
FZD6	FZD6
FZD7	FZD7
FZD8	FZD8
FZD9	FZD9
FZR1	FZR1
G0S2	G0S2
G2E3	G2E3
G2E3-AS1	G2E3-AS1
G3BP1	G3BP1
G3BP2	G3BP2
G6PC	G6PC
G6PC2	G6PC2
G6PC3	G6PC3
G6PD	G6PD
GAA	GAA
GAB1	GAB1
GAB2	GAB2
GAB3	GAB3
GAB4	GAB4
GABARAP	GABARAP
GABARAPL1	GABARAPL1
GABARAPL2	GABARAPL2
GABBR1	GABBR1
GABBR2	GABBR2
GABPA	GABPA
GABPB1	GABPB1
GABPB1-AS1	GABPB1-AS1
GABPB1-IT1	GABPB1-IT1
GABPB2	GABPB2
GABRA1	GABRA1
GABRA2	GABRA2
GABRA3	GABRA3
GABRA4	GABRA4
GABRA5	GABRA5
GABRA6	GABRA6
GABRB1	GABRB1
GABRB2	GABRB2
GABRB3	GABRB3
GABRD	GABRD
GABRE	GABRE
GABRG1	GABRG1
GABRG2	GABRG2
GABRG3	GABRG3
GABRG3-AS1	GABRG3-AS1
GABRP	GABRP
GABRQ	GABRQ
GABRR1	GABRR1
GABRR2	GABRR2
GABRR3	GABRR3
GACAT1	GACAT1
GACAT2	GACAT2
GACAT3	GACAT3
GAD1	GAD1
GAD2	GAD2
GADD45A	GADD45A
GADD45B	GADD45B
GADD45G	GADD45G
GADD45GIP1	GADD45GIP1
GADL1	GADL1
GAGE10	GAGE10
GAGE12J	GAGE12J
GAGE13	GAGE13
GAGE2E	GAGE2E
GAK	GAK
GAL	GAL
GAL3ST1	GAL3ST1
GAL3ST2	GAL3ST2
GAL3ST3	GAL3ST3
GAL3ST4	GAL3ST4
GALC	GALC
GALE	GALE
GALK1	GALK1
GALK2	GALK2
GALM	GALM
GALNS	GALNS
GALNT1	GALNT1
GALNT10	GALNT10
GALNT11	GALNT11
GALNT12	GALNT12
GALNT13	GALNT13
GALNT14	GALNT14
GALNT15	GALNT15
GALNT16	GALNT16
GALNT17	GALNT17
GALNT18	GALNT18
GALNT2	GALNT2
GALNT3	GALNT3
GALNT4	GALNT4
GALNT5	GALNT5
GALNT6	GALNT6
GALNT7	GALNT7
GALNT8	GALNT8
GALNT9	GALNT9
GALNTL5	GALNTL5
GALNTL6	GALNTL6
GALP	GALP
GALR1	GALR1
GALR2	GALR2
GALR3	GALR3
GALT	GALT
GAMT	GAMT
GAN	GAN
GANAB	GANAB
GANC	GANC
GAP43	GAP43
GAPDH	GAPDH
GAPDHS	GAPDHS
GAPLINC	GAPLINC
GAPT	GAPT
GAPVD1	GAPVD1
GAR1	GAR1
GAREM1	GAREM1
GAREM2	GAREM2
GARNL3	GARNL3
GARS	GARS
GARS-DT	GARS-DT
GART	GART
GAS1	GAS1
GAS1RR	GAS1RR
GAS2	GAS2
GAS2L1	GAS2L1
GAS2L2	GAS2L2
GAS2L3	GAS2L3
GAS5	GAS5
GAS5-AS1	GAS5-AS1
GAS6	GAS6
GAS6-AS1	GAS6-AS1
GAS6-DT	GAS6-DT
GAS7	GAS7
GAS8	GAS8
GAS8-AS1	GAS8-AS1
GASAL1	GASAL1
GASK1A	GASK1A
GASK1B	GASK1B
GAST	GAST
GATA1	GATA1
GATA2	GATA2
GATA2-AS1	GATA2-AS1
GATA3	GATA3
GATA4	GATA4
GATA5	GATA5
GATA6	GATA6
GATA6-AS1	GATA6-AS1
GATAD1	GATAD1
GATAD2A	GATAD2A
GATAD2B	GATAD2B
GATB	GATB
GATC	GATC
GATD1	GATD1
GATD3A	GATD3A
GATD3B	GATD3B
GATM	GATM
GAU1	GAU1
GBA	GBA
GBA2	GBA2
GBE1	GBE1
GBF1	GBF1
GBGT1	GBGT1
GBP1	GBP1
GBP2	GBP2
GBP3	GBP3
GBP4	GBP4
GBP5	GBP5
GBP6	GBP6
GBP7	GBP7
GBX1	GBX1
GBX2	GBX2
GC	GC
GCA	GCA
GCAT	GCAT
GCC1	GCC1
GCC2	GCC2
GCC2-AS1	GCC2-AS1
GCDH	GCDH
GCFC2	GCFC2
GCG	GCG
GCGR	GCGR
GCH1	GCH1
GCHFR	GCHFR
GCK	GCK
GCKR	GCKR
GCLC	GCLC
GCLM	GCLM
GCM1	GCM1
GCM2	GCM2
GCN1	GCN1
GCNA	GCNA
GCNT1	GCNT1
GCNT2	GCNT2
GCNT3	GCNT3
GCNT4	GCNT4
GCNT7	GCNT7
GCOM1	GCOM1
GCSAM	GCSAM
GCSAML	GCSAML
GCSH	GCSH
GCSIR	GCSIR
GDA	GDA
GDAP1	GDAP1
GDAP1L1	GDAP1L1
GDAP2	GDAP2
GDE1	GDE1
GDF1	GDF1
GDF10	GDF10
GDF11	GDF11
GDF15	GDF15
GDF2	GDF2
GDF3	GDF3
GDF5	GDF5
GDF5OS	GDF5OS
GDF6	GDF6
GDF7	GDF7
GDF9	GDF9
GDI1	GDI1
GDI2	GDI2
GDNF	GDNF
GDNF-AS1	GDNF-AS1
GDPD1	GDPD1
GDPD2	GDPD2
GDPD3	GDPD3
GDPD4	GDPD4
GDPD5	GDPD5
GDPGP1	GDPGP1
GEM	GEM
GEMIN2	GEMIN2
GEMIN4	GEMIN4
GEMIN5	GEMIN5
GEMIN6	GEMIN6
GEMIN7	GEMIN7
GEMIN7-AS1	GEMIN7-AS1
GEMIN8	GEMIN8
GEN1	GEN1
GET1	GET1
GET3	GET3
GET4	GET4
GFAP	GFAP
GFER	GFER
GFI1	GFI1
GFI1B	GFI1B
GFM1	GFM1
GFM2	GFM2
GFOD1	GFOD1
GFOD1-AS1	GFOD1-AS1
GFOD2	GFOD2
GFPT1	GFPT1
GFPT2	GFPT2
GFRA1	GFRA1
GFRA2	GFRA2
GFRA3	GFRA3
GFRA4	GFRA4
GFRAL	GFRAL
GFY	GFY
GGA1	GGA1
GGA2	GGA2
GGA3	GGA3
GGACT	GGACT
GGCT	GGCT
GGCX	GGCX
GGH	GGH
GGN	GGN
GGNBP2	GGNBP2
GGPS1	GGPS1
GGT1	GGT1
GGT1-1	GGT1-1
GGT2	GGT2
GGT5	GGT5
GGT6	GGT6
GGT7	GGT7
GGTLC1	GGTLC1
GGTLC2	GGTLC2
GGTLC3	GGTLC3
GHDC	GHDC
GHET1	GHET1
GHITM	GHITM
GHR	GHR
GHRH	GHRH
GHRHR	GHRHR
GHRL	GHRL
GHRLOS	GHRLOS
GHSR	GHSR
GID4	GID4
GID8	GID8
GIF	GIF
GIGYF1	GIGYF1
GIGYF2	GIGYF2
GIHCG	GIHCG
GIMAP1	GIMAP1
GIMAP2	GIMAP2
GIMAP4	GIMAP4
GIMAP5	GIMAP5
GIMAP6	GIMAP6
GIMAP7	GIMAP7
GIMAP8	GIMAP8
GIMD1	GIMD1
GIN1	GIN1
GINM1	GINM1
GINS1	GINS1
GINS2	GINS2
GINS3	GINS3
GINS4	GINS4
GIP	GIP
GIPC1	GIPC1
GIPC2	GIPC2
GIPC3	GIPC3
GIPR	GIPR
GIT1	GIT1
GIT2	GIT2
GJA1	GJA1
GJA10	GJA10
GJA3	GJA3
GJA4	GJA4
GJA5	GJA5
GJA8	GJA8
GJA9	GJA9
GJB1	GJB1
GJB2	GJB2
GJB3	GJB3
GJB4	GJB4
GJB5	GJB5
GJB6	GJB6
GJB7	GJB7
GJC1	GJC1
GJC2	GJC2
GJC3	GJC3
GJD2	GJD2
GJD3	GJD3
GJD4	GJD4
GJE1	GJE1
GK	GK
GK-AS1	GK-AS1
GK-IT1	GK-IT1
GK3P	GK3P
GK5	GK5
GKAP1	GKAP1
GKN1	GKN1
GKN2	GKN2
GLA	GLA
GLB1	GLB1
GLB1L	GLB1L
GLB1L2	GLB1L2
GLB1L3	GLB1L3
GLCCI1	GLCCI1
GLCE	GLCE
GLDC	GLDC
GLDN	GLDN
GLE1	GLE1
GLG1	GLG1
GLI1	GLI1
GLI2	GLI2
GLI3	GLI3
GLI4	GLI4
GLIDR	GLIDR
GLIPR1	GLIPR1
GLIPR1L1	GLIPR1L1
GLIPR1L2	GLIPR1L2
GLIPR2	GLIPR2
GLIS1	GLIS1
GLIS2	GLIS2
GLIS2-AS1	GLIS2-AS1
GLIS3	GLIS3
GLIS3-AS1	GLIS3-AS1
GLMN	GLMN
GLMP	GLMP
GLO1	GLO1
GLOD4	GLOD4
GLOD5	GLOD5
GLP1R	GLP1R
GLP2R	GLP2R
GLRA1	GLRA1
GLRA2	GLRA2
GLRA3	GLRA3
GLRA4	GLRA4
GLRB	GLRB
GLRX	GLRX
GLRX2	GLRX2
GLRX3	GLRX3
GLRX5	GLRX5
GLS	GLS
GLS2	GLS2
GLT1D1	GLT1D1
GLT6D1	GLT6D1
GLT8D1	GLT8D1
GLT8D2	GLT8D2
GLTP	GLTP
GLTPD2	GLTPD2
GLUD1	GLUD1
GLUD2	GLUD2
GLUL	GLUL
GLYAT	GLYAT
GLYATL1	GLYATL1
GLYATL1B	GLYATL1B
GLYATL2	GLYATL2
GLYATL3	GLYATL3
GLYCTK	GLYCTK
GLYCTK-AS1	GLYCTK-AS1
GLYR1	GLYR1
GM2A	GM2A
GMCL1	GMCL1
GMCL2	GMCL2
GMDS	GMDS
GMDS-DT	GMDS-DT
GMEB1	GMEB1
GMEB2	GMEB2
GMFB	GMFB
GMFG	GMFG
GMIP	GMIP
GML	GML
GMNC	GMNC
GMNN	GMNN
GMPPA	GMPPA
GMPPB	GMPPB
GMPR	GMPR
GMPR2	GMPR2
GMPS	GMPS
GNA11	GNA11
GNA12	GNA12
GNA13	GNA13
GNA14	GNA14
GNA14-AS1	GNA14-AS1
GNA15	GNA15
GNAI1	GNAI1
GNAI2	GNAI2
GNAI3	GNAI3
GNAL	GNAL
GNAO1	GNAO1
GNAQ	GNAQ
GNAS	GNAS
GNAS-AS1	GNAS-AS1
GNAT1	GNAT1
GNAT2	GNAT2
GNAT3	GNAT3
GNAZ	GNAZ
GNB1	GNB1
GNB1L	GNB1L
GNB2	GNB2
GNB3	GNB3
GNB4	GNB4
GNB5	GNB5
GNE	GNE
GNG10	GNG10
GNG11	GNG11
GNG12	GNG12
GNG12-AS1	GNG12-AS1
GNG13	GNG13
GNG2	GNG2
GNG3	GNG3
GNG4	GNG4
GNG5	GNG5
GNG7	GNG7
GNG8	GNG8
GNGT1	GNGT1
GNGT2	GNGT2
GNL1	GNL1
GNL2	GNL2
GNL3	GNL3
GNL3L	GNL3L
GNLY	GNLY
GNMT	GNMT
GNPAT	GNPAT
GNPDA1	GNPDA1
GNPDA2	GNPDA2
GNPNAT1	GNPNAT1
GNPTAB	GNPTAB
GNPTG	GNPTG
GNRH1	GNRH1
GNRH2	GNRH2
GNRHR	GNRHR
GNS	GNS
GOLGA1	GOLGA1
GOLGA2	GOLGA2
GOLGA3	GOLGA3
GOLGA4	GOLGA4
GOLGA5	GOLGA5
GOLGA6A	GOLGA6A
GOLGA6B	GOLGA6B
GOLGA6C	GOLGA6C
GOLGA6D	GOLGA6D
GOLGA6L1	GOLGA6L1
GOLGA6L10	GOLGA6L10
GOLGA6L2	GOLGA6L2
GOLGA6L22	GOLGA6L22
GOLGA6L4	GOLGA6L4
GOLGA6L6	GOLGA6L6
GOLGA6L7	GOLGA6L7
GOLGA6L9	GOLGA6L9
GOLGA7	GOLGA7
GOLGA7B	GOLGA7B
GOLGA8A	GOLGA8A
GOLGA8B	GOLGA8B
GOLGA8G	GOLGA8G
GOLGA8H	GOLGA8H
GOLGA8J	GOLGA8J
GOLGA8K	GOLGA8K
GOLGA8M	GOLGA8M
GOLGA8M-1	GOLGA8M-1
GOLGA8N	GOLGA8N
GOLGA8O	GOLGA8O
GOLGA8Q	GOLGA8Q
GOLGA8R	GOLGA8R
GOLGA8S	GOLGA8S
GOLGA8T	GOLGA8T
GOLGB1	GOLGB1
GOLIM4	GOLIM4
GOLM1	GOLM1
GOLPH3	GOLPH3
GOLPH3L	GOLPH3L
GOLT1A	GOLT1A
GOLT1B	GOLT1B
GON4L	GON4L
GON7	GON7
GOPC	GOPC
GORAB	GORAB
GORAB-AS1	GORAB-AS1
GORASP1	GORASP1
GORASP2	GORASP2
GOSR1	GOSR1
GOSR2	GOSR2
GOT1	GOT1
GOT1L1	GOT1L1
GOT2	GOT2
GP1BA	GP1BA
GP1BB	GP1BB
GP2	GP2
GP5	GP5
GP6	GP6
GP9	GP9
GPA33	GPA33
GPAA1	GPAA1
GPALPP1	GPALPP1
GPAM	GPAM
GPANK1	GPANK1
GPAT2	GPAT2
GPAT3	GPAT3
GPAT4	GPAT4
GPATCH1	GPATCH1
GPATCH11	GPATCH11
GPATCH2	GPATCH2
GPATCH2L	GPATCH2L
GPATCH3	GPATCH3
GPATCH4	GPATCH4
GPATCH8	GPATCH8
GPBAR1	GPBAR1
GPBP1	GPBP1
GPBP1L1	GPBP1L1
GPC1	GPC1
GPC2	GPC2
GPC3	GPC3
GPC4	GPC4
GPC5	GPC5
GPC5-AS1	GPC5-AS1
GPC5-AS2	GPC5-AS2
GPC5-IT1	GPC5-IT1
GPC6	GPC6
GPC6-AS1	GPC6-AS1
GPC6-AS2	GPC6-AS2
GPCPD1	GPCPD1
GPD1	GPD1
GPD1L	GPD1L
GPD2	GPD2
GPER1	GPER1
GPHA2	GPHA2
GPHB5	GPHB5
GPHN	GPHN
GPI	GPI
GPIHBP1	GPIHBP1
GPKOW	GPKOW
GPLD1	GPLD1
GPM6A	GPM6A
GPM6B	GPM6B
GPN1	GPN1
GPN2	GPN2
GPN3	GPN3
GPNMB	GPNMB
GPR1	GPR1
GPR1-AS	GPR1-AS
GPR101	GPR101
GPR107	GPR107
GPR108	GPR108
GPR12	GPR12
GPR132	GPR132
GPR135	GPR135
GPR137	GPR137
GPR137B	GPR137B
GPR137C	GPR137C
GPR139	GPR139
GPR141	GPR141
GPR142	GPR142
GPR143	GPR143
GPR146	GPR146
GPR149	GPR149
GPR15	GPR15
GPR150	GPR150
GPR151	GPR151
GPR153	GPR153
GPR155	GPR155
GPR156	GPR156
GPR157	GPR157
GPR158	GPR158
GPR158-AS1	GPR158-AS1
GPR160	GPR160
GPR161	GPR161
GPR162	GPR162
GPR17	GPR17
GPR171	GPR171
GPR173	GPR173
GPR174	GPR174
GPR176	GPR176
GPR176-DT	GPR176-DT
GPR179	GPR179
GPR18	GPR18
GPR180	GPR180
GPR182	GPR182
GPR183	GPR183
GPR19	GPR19
GPR20	GPR20
GPR21	GPR21
GPR22	GPR22
GPR26	GPR26
GPR27	GPR27
GPR3	GPR3
GPR33	GPR33
GPR34	GPR34
GPR35	GPR35
GPR37	GPR37
GPR37L1	GPR37L1
GPR39	GPR39
GPR4	GPR4
GPR42	GPR42
GPR45	GPR45
GPR52	GPR52
GPR55	GPR55
GPR6	GPR6
GPR61	GPR61
GPR62	GPR62
GPR63	GPR63
GPR65	GPR65
GPR68	GPR68
GPR75	GPR75
GPR75-ASB3	GPR75-ASB3
GPR78	GPR78
GPR82	GPR82
GPR83	GPR83
GPR84	GPR84
GPR85	GPR85
GPR87	GPR87
GPR88	GPR88
GPR89A	GPR89A
GPR89B	GPR89B
GPRACR	GPRACR
GPRASP1	GPRASP1
GPRASP2	GPRASP2
GPRC5A	GPRC5A
GPRC5B	GPRC5B
GPRC5C	GPRC5C
GPRC5D	GPRC5D
GPRC5D-AS1	GPRC5D-AS1
GPRC6A	GPRC6A
GPRIN1	GPRIN1
GPRIN2	GPRIN2
GPRIN3	GPRIN3
GPS1	GPS1
GPS2	GPS2
GPSM1	GPSM1
GPSM2	GPSM2
GPSM3	GPSM3
GPT	GPT
GPT2	GPT2
GPX2	GPX2
GPX3	GPX3
GPX4	GPX4
GPX5	GPX5
GPX6	GPX6
GPX7	GPX7
GPX8	GPX8
GRAMD1A	GRAMD1A
GRAMD1B	GRAMD1B
GRAMD1C	GRAMD1C
GRAMD2A	GRAMD2A
GRAMD2B	GRAMD2B
GRAMD4	GRAMD4
GRAP	GRAP
GRAP2	GRAP2
GRAPL	GRAPL
GRASP	GRASP
GRB10	GRB10
GRB14	GRB14
GRB2	GRB2
GRB7	GRB7
GREB1	GREB1
GREB1L	GREB1L
GREM1	GREM1
GREM2	GREM2
GRHL1	GRHL1
GRHL2	GRHL2
GRHL3	GRHL3
GRHPR	GRHPR
GRIA1	GRIA1
GRIA2	GRIA2
GRIA3	GRIA3
GRIA4	GRIA4
GRID1	GRID1
GRID1-AS1	GRID1-AS1
GRID2	GRID2
GRID2IP	GRID2IP
GRIFIN	GRIFIN
GRIK1	GRIK1
GRIK1-AS1	GRIK1-AS1
GRIK2	GRIK2
GRIK3	GRIK3
GRIK4	GRIK4
GRIK5	GRIK5
GRIN1	GRIN1
GRIN2A	GRIN2A
GRIN2B	GRIN2B
GRIN2C	GRIN2C
GRIN2D	GRIN2D
GRIN3A	GRIN3A
GRIN3B	GRIN3B
GRINA	GRINA
GRIP1	GRIP1
GRIP2	GRIP2
GRIPAP1	GRIPAP1
GRK1	GRK1
GRK2	GRK2
GRK3	GRK3
GRK4	GRK4
GRK5	GRK5
GRK5-IT1	GRK5-IT1
GRK6	GRK6
GRK7	GRK7
GRM1	GRM1
GRM2	GRM2
GRM3	GRM3
GRM4	GRM4
GRM5	GRM5
GRM5-AS1	GRM5-AS1
GRM6	GRM6
GRM7	GRM7
GRM7-AS1	GRM7-AS1
GRM7-AS3	GRM7-AS3
GRM8	GRM8
GRN	GRN
GRP	GRP
GRPEL1	GRPEL1
GRPEL2	GRPEL2
GRPEL2-AS1	GRPEL2-AS1
GRPR	GRPR
GRSF1	GRSF1
GRTP1	GRTP1
GRTP1-AS1	GRTP1-AS1
GRWD1	GRWD1
GRXCR1	GRXCR1
GRXCR2	GRXCR2
GSAP	GSAP
GSC	GSC
GSDMA	GSDMA
GSDMB	GSDMB
GSDMC	GSDMC
GSDMD	GSDMD
GSDME	GSDME
GSE1	GSE1
GSEC	GSEC
GSG1	GSG1
GSG1L	GSG1L
GSG1L2	GSG1L2
GSK3A	GSK3A
GSK3B	GSK3B
GSKIP	GSKIP
GSN	GSN
GSN-AS1	GSN-AS1
GSPT1	GSPT1
GSPT2	GSPT2
GSR	GSR
GSS	GSS
GSTA1	GSTA1
GSTA2	GSTA2
GSTA3	GSTA3
GSTA4	GSTA4
GSTA5	GSTA5
GSTCD	GSTCD
GSTK1	GSTK1
GSTM1	GSTM1
GSTM2	GSTM2
GSTM3	GSTM3
GSTM4	GSTM4
GSTM5	GSTM5
GSTO1	GSTO1
GSTO2	GSTO2
GSTP1	GSTP1
GSTT2B	GSTT2B
GSTT4	GSTT4
GSTZ1	GSTZ1
GSX1	GSX1
GSX2	GSX2
GTDC1	GTDC1
GTF2A1	GTF2A1
GTF2A1L	GTF2A1L
GTF2A2	GTF2A2
GTF2B	GTF2B
GTF2E1	GTF2E1
GTF2E2	GTF2E2
GTF2F1	GTF2F1
GTF2F2	GTF2F2
GTF2H1	GTF2H1
GTF2H2	GTF2H2
GTF2H2C	GTF2H2C
GTF2H3	GTF2H3
GTF2H4	GTF2H4
GTF2H5	GTF2H5
GTF2I	GTF2I
GTF2IRD1	GTF2IRD1
GTF2IRD2	GTF2IRD2
GTF2IRD2B	GTF2IRD2B
GTF3A	GTF3A
GTF3C1	GTF3C1
GTF3C2	GTF3C2
GTF3C2-AS1	GTF3C2-AS1
GTF3C3	GTF3C3
GTF3C4	GTF3C4
GTF3C5	GTF3C5
GTF3C6	GTF3C6
GTPBP1	GTPBP1
GTPBP10	GTPBP10
GTPBP2	GTPBP2
GTPBP3	GTPBP3
GTPBP4	GTPBP4
GTPBP6	GTPBP6
GTPBP8	GTPBP8
GTSCR1	GTSCR1
GTSE1	GTSE1
GTSE1-DT	GTSE1-DT
GTSF1	GTSF1
GUCA1A	GUCA1A
GUCA1B	GUCA1B
GUCA1C	GUCA1C
GUCD1	GUCD1
GUCY1A1	GUCY1A1
GUCY1A2	GUCY1A2
GUCY1B1	GUCY1B1
GUCY2C	GUCY2C
GUCY2D	GUCY2D
GUCY2F	GUCY2F
GUF1	GUF1
GUK1	GUK1
GULP1	GULP1
GUSB	GUSB
GVQW2	GVQW2
GVQW3	GVQW3
GXYLT1	GXYLT1
GXYLT2	GXYLT2
GYG1	GYG1
GYG2	GYG2
GYG2-AS1	GYG2-AS1
GYPA	GYPA
GYPB	GYPB
GYPC	GYPC
GYPE	GYPE
GYS1	GYS1
GYS2	GYS2
GZF1	GZF1
GZMA	GZMA
GZMB	GZMB
GZMH	GZMH
GZMK	GZMK
GZMM	GZMM
H19	H19
H1F0	H1F0
H1FNT	H1FNT
H1FOO	H1FOO
H1FX	H1FX
H1FX-AS1	H1FX-AS1
H2AFB1	H2AFB1
H2AFJ	H2AFJ
H2AFV	H2AFV
H2AFX	H2AFX
H2AFY	H2AFY
H2AFY2	H2AFY2
H2AFZ	H2AFZ
H2BFM	H2BFM
H3F3A	H3F3A
H3F3B	H3F3B
H3F3C	H3F3C
H6PD	H6PD
HAAO	HAAO
HABP2	HABP2
HABP4	HABP4
HACD1	HACD1
HACD2	HACD2
HACD3	HACD3
HACD4	HACD4
HACE1	HACE1
HACL1	HACL1
HADH	HADH
HADHA	HADHA
HADHB	HADHB
HAGH	HAGH
HAGHL	HAGHL
HAGLR	HAGLR
HAGLROS	HAGLROS
HAL	HAL
HAMP	HAMP
HAND2-AS1	HAND2-AS1
HAO1	HAO1
HAO2	HAO2
HAP1	HAP1
HAPLN1	HAPLN1
HAPLN2	HAPLN2
HAPLN3	HAPLN3
HAPLN4	HAPLN4
HAR1A	HAR1A
HAR1B	HAR1B
HARBI1	HARBI1
HARS	HARS
HARS2	HARS2
HAS1	HAS1
HAS2	HAS2
HAS2-AS1	HAS2-AS1
HAS3	HAS3
HASPIN	HASPIN
HAT1	HAT1
HAUS1	HAUS1
HAUS2	HAUS2
HAUS3	HAUS3
HAUS4	HAUS4
HAUS5	HAUS5
HAUS6	HAUS6
HAUS7	HAUS7
HAUS8	HAUS8
HAVCR1	HAVCR1
HAVCR2	HAVCR2
HAX1	HAX1
HBA1	HBA1
HBA2	HBA2
HBB	HBB
HBD	HBD
HBEGF	HBEGF
HBG2	HBG2
HBM	HBM
HBP1	HBP1
HBQ1	HBQ1
HBS1L	HBS1L
HBZ	HBZ
HCAR1	HCAR1
HCAR2	HCAR2
HCAR3	HCAR3
HCCAT5	HCCAT5
HCCS	HCCS
HCFC1	HCFC1
HCFC1-AS1	HCFC1-AS1
HCFC1R1	HCFC1R1
HCFC2	HCFC2
HCG11	HCG11
HCG14	HCG14
HCG15	HCG15
HCG17	HCG17
HCG18	HCG18
HCG20	HCG20
HCG22	HCG22
HCG24	HCG24
HCG25	HCG25
HCG27	HCG27
HCG9	HCG9
HCK	HCK
HCLS1	HCLS1
HCN1	HCN1
HCN2	HCN2
HCN3	HCN3
HCN4	HCN4
HCP5	HCP5
HCRT	HCRT
HCRTR1	HCRTR1
HCRTR2	HCRTR2
HCST	HCST
HDAC1	HDAC1
HDAC10	HDAC10
HDAC11	HDAC11
HDAC11-AS1	HDAC11-AS1
HDAC2	HDAC2
HDAC2-AS2	HDAC2-AS2
HDAC3	HDAC3
HDAC4	HDAC4
HDAC4-AS1	HDAC4-AS1
HDAC5	HDAC5
HDAC6	HDAC6
HDAC7	HDAC7
HDAC8	HDAC8
HDAC9	HDAC9
HDC	HDC
HDDC2	HDDC2
HDDC3	HDDC3
HDGF	HDGF
HDGFL1	HDGFL1
HDGFL2	HDGFL2
HDGFL3	HDGFL3
HDHD2	HDHD2
HDHD3	HDHD3
HDHD5	HDHD5
HDHD5-AS1	HDHD5-AS1
HDLBP	HDLBP
HDX	HDX
HEATR1	HEATR1
HEATR3	HEATR3
HEATR4	HEATR4
HEATR5A	HEATR5A
HEATR5B	HEATR5B
HEATR6	HEATR6
HEATR9	HEATR9
HEBP1	HEBP1
HEBP2	HEBP2
HECA	HECA
HECTD1	HECTD1
HECTD2	HECTD2
HECTD3	HECTD3
HECTD4	HECTD4
HECW1	HECW1
HECW1-IT1	HECW1-IT1
HECW2	HECW2
HECW2-AS1	HECW2-AS1
HEG1	HEG1
HEIH	HEIH
HELB	HELB
HELLPAR	HELLPAR
HELLS	HELLS
HELQ	HELQ
HELZ	HELZ
HELZ2	HELZ2
HEMGN	HEMGN
HEMK1	HEMK1
HENMT1	HENMT1
HEPACAM	HEPACAM
HEPACAM2	HEPACAM2
HEPH	HEPH
HEPHL1	HEPHL1
HEPN1	HEPN1
HERC1	HERC1
HERC2	HERC2
HERC3	HERC3
HERC4	HERC4
HERC5	HERC5
HERC6	HERC6
HERPUD1	HERPUD1
HERPUD2	HERPUD2
HES1	HES1
HES2	HES2
HES4	HES4
HES5	HES5
HES6	HES6
HES7	HES7
HESX1	HESX1
HEXA	HEXA
HEXA-AS1	HEXA-AS1
HEXB	HEXB
HEXD	HEXD
HEXD-IT1	HEXD-IT1
HEXDC	HEXDC
HEXIM1	HEXIM1
HEXIM2	HEXIM2
HEY1	HEY1
HEY2	HEY2
HEYL	HEYL
HFE	HFE
HFM1	HFM1
HGC6.3	HGC6.3
HGD	HGD
HGF	HGF
HGFAC	HGFAC
HGH1	HGH1
HGS	HGS
HGSNAT	HGSNAT
HHAT	HHAT
HHATL	HHATL
HHATL-AS1	HHATL-AS1
HHEX	HHEX
HHIP	HHIP
HHIP-AS1	HHIP-AS1
HHIPL1	HHIPL1
HHIPL2	HHIPL2
HHLA1	HHLA1
HHLA2	HHLA2
HHLA3	HHLA3
HIBADH	HIBADH
HIBCH	HIBCH
HIC1	HIC1
HIC2	HIC2
HID1	HID1
HID1-AS1	HID1-AS1
HIF1A	HIF1A
HIF1A-AS1	HIF1A-AS1
HIF1A-AS2	HIF1A-AS2
HIF1A-AS3	HIF1A-AS3
HIF1AN	HIF1AN
HIF3A	HIF3A
HIGD1A	HIGD1A
HIGD1B	HIGD1B
HIGD1C	HIGD1C
HIGD2A	HIGD2A
HIGD2B	HIGD2B
HIKESHI	HIKESHI
HILPDA	HILPDA
HINFP	HINFP
HINT1	HINT1
HINT2	HINT2
HINT3	HINT3
HIP1	HIP1
HIP1R	HIP1R
HIPK1	HIPK1
HIPK1-AS1	HIPK1-AS1
HIPK2	HIPK2
HIPK3	HIPK3
HIPK4	HIPK4
HIRA	HIRA
HIRIP3	HIRIP3
HIST1H1A	HIST1H1A
HIST1H1B	HIST1H1B
HIST1H1C	HIST1H1C
HIST1H1D	HIST1H1D
HIST1H1E	HIST1H1E
HIST1H1T	HIST1H1T
HIST1H2AB	HIST1H2AB
HIST1H2AC	HIST1H2AC
HIST1H2AD	HIST1H2AD
HIST1H2AE	HIST1H2AE
HIST1H2AG	HIST1H2AG
HIST1H2AH	HIST1H2AH
HIST1H2AI	HIST1H2AI
HIST1H2AJ	HIST1H2AJ
HIST1H2AK	HIST1H2AK
HIST1H2AL	HIST1H2AL
HIST1H2AM	HIST1H2AM
HIST1H2BB	HIST1H2BB
HIST1H2BC	HIST1H2BC
HIST1H2BD	HIST1H2BD
HIST1H2BE	HIST1H2BE
HIST1H2BF	HIST1H2BF
HIST1H2BG	HIST1H2BG
HIST1H2BH	HIST1H2BH
HIST1H2BI	HIST1H2BI
HIST1H2BJ	HIST1H2BJ
HIST1H2BK	HIST1H2BK
HIST1H2BL	HIST1H2BL
HIST1H2BM	HIST1H2BM
HIST1H2BN	HIST1H2BN
HIST1H3A	HIST1H3A
HIST1H3B	HIST1H3B
HIST1H3C	HIST1H3C
HIST1H3D	HIST1H3D
HIST1H3E	HIST1H3E
HIST1H3G	HIST1H3G
HIST1H3H	HIST1H3H
HIST1H3I	HIST1H3I
HIST1H3J	HIST1H3J
HIST1H4A	HIST1H4A
HIST1H4B	HIST1H4B
HIST1H4C	HIST1H4C
HIST1H4D	HIST1H4D
HIST1H4E	HIST1H4E
HIST1H4F	HIST1H4F
HIST1H4H	HIST1H4H
HIST1H4I	HIST1H4I
HIST1H4J	HIST1H4J
HIST1H4L	HIST1H4L
HIST2H2AA3	HIST2H2AA3
HIST2H2AA4	HIST2H2AA4
HIST2H2AB	HIST2H2AB
HIST2H2AC	HIST2H2AC
HIST2H2BE	HIST2H2BE
HIST2H2BF	HIST2H2BF
HIST2H3D	HIST2H3D
HIST2H3PS2	HIST2H3PS2
HIST2H4A	HIST2H4A
HIST2H4B	HIST2H4B
HIST3H2A	HIST3H2A
HIST3H2BB	HIST3H2BB
HIST4H4	HIST4H4
HIVEP1	HIVEP1
HIVEP2	HIVEP2
HIVEP3	HIVEP3
HJURP	HJURP
HJV	HJV
HK1	HK1
HK2	HK2
HK3	HK3
HKDC1	HKDC1
HKR1	HKR1
HLA-A	HLA-A
HLA-B	HLA-B
HLA-C	HLA-C
HLA-DMA	HLA-DMA
HLA-DMB	HLA-DMB
HLA-DOA	HLA-DOA
HLA-DOB	HLA-DOB
HLA-DPA1	HLA-DPA1
HLA-DPB1	HLA-DPB1
HLA-DQA1	HLA-DQA1
HLA-DQA2	HLA-DQA2
HLA-DQB1	HLA-DQB1
HLA-DQB1-AS1	HLA-DQB1-AS1
HLA-DQB2	HLA-DQB2
HLA-DRA	HLA-DRA
HLA-DRB1	HLA-DRB1
HLA-DRB5	HLA-DRB5
HLA-E	HLA-E
HLA-F	HLA-F
HLA-F-AS1	HLA-F-AS1
HLA-G	HLA-G
HLCS	HLCS
HLCS-IT1	HLCS-IT1
HLF	HLF
HLTF	HLTF
HLTF-AS1	HLTF-AS1
HLX	HLX
HLX-AS1	HLX-AS1
HM13	HM13
HM13-AS1	HM13-AS1
HM13-IT1	HM13-IT1
HMBOX1	HMBOX1
HMBOX1-IT1	HMBOX1-IT1
HMBS	HMBS
HMCES	HMCES
HMCN1	HMCN1
HMCN2	HMCN2
HMG20A	HMG20A
HMG20B	HMG20B
HMGA1	HMGA1
HMGA1P4	HMGA1P4
HMGA2	HMGA2
HMGA2-AS1	HMGA2-AS1
HMGB1	HMGB1
HMGB2	HMGB2
HMGB3	HMGB3
HMGB4	HMGB4
HMGCL	HMGCL
HMGCLL1	HMGCLL1
HMGCR	HMGCR
HMGCS1	HMGCS1
HMGCS2	HMGCS2
HMGN1	HMGN1
HMGN2	HMGN2
HMGN3	HMGN3
HMGN3-AS1	HMGN3-AS1
HMGN4	HMGN4
HMGN5	HMGN5
HMGXB3	HMGXB3
HMGXB4	HMGXB4
HMHB1	HMHB1
HMMR	HMMR
HMMR-AS1	HMMR-AS1
HMOX1	HMOX1
HMOX2	HMOX2
HMSD	HMSD
HMX1	HMX1
HMX3	HMX3
HNF1A	HNF1A
HNF1A-AS1	HNF1A-AS1
HNF1B	HNF1B
HNF4A	HNF4A
HNF4A-AS1	HNF4A-AS1
HNF4G	HNF4G
HNMT	HNMT
HNRNPA0	HNRNPA0
HNRNPA1	HNRNPA1
HNRNPA1L2	HNRNPA1L2
HNRNPA1P48	HNRNPA1P48
HNRNPA2B1	HNRNPA2B1
HNRNPA3	HNRNPA3
HNRNPAB	HNRNPAB
HNRNPC	HNRNPC
HNRNPCL1	HNRNPCL1
HNRNPD	HNRNPD
HNRNPDL	HNRNPDL
HNRNPF	HNRNPF
HNRNPH1	HNRNPH1
HNRNPH2	HNRNPH2
HNRNPH3	HNRNPH3
HNRNPK	HNRNPK
HNRNPL	HNRNPL
HNRNPLL	HNRNPLL
HNRNPM	HNRNPM
HNRNPR	HNRNPR
HNRNPU	HNRNPU
HNRNPUL1	HNRNPUL1
HNRNPUL2	HNRNPUL2
HNRNPUL2-BSCL2	HNRNPUL2-BSCL2
HOGA1	HOGA1
HOMER1	HOMER1
HOMER2	HOMER2
HOMER3	HOMER3
HOMER3-AS1	HOMER3-AS1
HOMEZ	HOMEZ
HOOK1	HOOK1
HOOK2	HOOK2
HOOK3	HOOK3
HOPX	HOPX
HORMAD1	HORMAD1
HORMAD2	HORMAD2
HORMAD2-AS1	HORMAD2-AS1
HOTAIR	HOTAIR
HOTAIRM1	HOTAIRM1
HOTTIP	HOTTIP
HOXA-AS2	HOXA-AS2
HOXA-AS3	HOXA-AS3
HOXA1	HOXA1
HOXA10	HOXA10
HOXA11	HOXA11
HOXA11-AS	HOXA11-AS
HOXA13	HOXA13
HOXA2	HOXA2
HOXA3	HOXA3
HOXA7	HOXA7
HOXA9	HOXA9
HOXB-AS1	HOXB-AS1
HOXB-AS3	HOXB-AS3
HOXB-AS4	HOXB-AS4
HOXB2	HOXB2
HOXB3	HOXB3
HOXB4	HOXB4
HOXB5	HOXB5
HOXB6	HOXB6
HOXB7	HOXB7
HOXC13	HOXC13
HOXC4	HOXC4
HOXC6	HOXC6
HOXD-AS2	HOXD-AS2
HOXD1	HOXD1
HOXD10	HOXD10
HOXD11	HOXD11
HOXD3	HOXD3
HOXD8	HOXD8
HP	HP
HP1BP3	HP1BP3
HPCA	HPCA
HPCAL1	HPCAL1
HPCAL4	HPCAL4
HPD	HPD
HPDL	HPDL
HPF1	HPF1
HPGD	HPGD
HPGDS	HPGDS
HPN	HPN
HPN-AS1	HPN-AS1
HPR	HPR
HPRT1	HPRT1
HPS1	HPS1
HPS3	HPS3
HPS4	HPS4
HPS5	HPS5
HPS6	HPS6
HPSE	HPSE
HPSE2	HPSE2
HPX	HPX
HPYR1	HPYR1
HR	HR
HRAS	HRAS
HRASLS	HRASLS
HRASLS2	HRASLS2
HRASLS5	HRASLS5
HRC	HRC
HRCT1	HRCT1
HRG	HRG
HRH1	HRH1
HRH2	HRH2
HRH3	HRH3
HRH4	HRH4
HRK	HRK
HRNR	HRNR
HS1BP3	HS1BP3
HS2ST1	HS2ST1
HS3ST1	HS3ST1
HS3ST2	HS3ST2
HS3ST3A1	HS3ST3A1
HS3ST3B1	HS3ST3B1
HS3ST4	HS3ST4
HS3ST5	HS3ST5
HS3ST6	HS3ST6
HS6ST1	HS6ST1
HS6ST2	HS6ST2
HS6ST2-AS1	HS6ST2-AS1
HS6ST3	HS6ST3
HSBP1	HSBP1
HSBP1L1	HSBP1L1
HSCB	HSCB
HSD11B1	HSD11B1
HSD11B1-AS1	HSD11B1-AS1
HSD11B1L	HSD11B1L
HSD11B2	HSD11B2
HSD17B1	HSD17B1
HSD17B10	HSD17B10
HSD17B11	HSD17B11
HSD17B12	HSD17B12
HSD17B13	HSD17B13
HSD17B14	HSD17B14
HSD17B2	HSD17B2
HSD17B3	HSD17B3
HSD17B3-AS1	HSD17B3-AS1
HSD17B4	HSD17B4
HSD17B6	HSD17B6
HSD17B7	HSD17B7
HSD17B8	HSD17B8
HSD3B1	HSD3B1
HSD3B2	HSD3B2
HSD3B7	HSD3B7
HSDL1	HSDL1
HSDL2	HSDL2
HSF1	HSF1
HSF2	HSF2
HSF2BP	HSF2BP
HSF4	HSF4
HSF5	HSF5
HSFX1	HSFX1
HSFX3	HSFX3
HSFY1	HSFY1
HSFY2	HSFY2
HSH2D	HSH2D
HSP90AA1	HSP90AA1
HSP90AB1	HSP90AB1
HSP90B1	HSP90B1
HSPA12A	HSPA12A
HSPA12B	HSPA12B
HSPA13	HSPA13
HSPA14	HSPA14
HSPA14-1	HSPA14-1
HSPA14.1	HSPA14.1
HSPA1A	HSPA1A
HSPA1B	HSPA1B
HSPA1L	HSPA1L
HSPA2	HSPA2
HSPA4	HSPA4
HSPA4L	HSPA4L
HSPA5	HSPA5
HSPA6	HSPA6
HSPA8	HSPA8
HSPA9	HSPA9
HSPB1	HSPB1
HSPB11	HSPB11
HSPB2	HSPB2
HSPB2-C11orf52	HSPB2-C11orf52
HSPB3	HSPB3
HSPB6	HSPB6
HSPB7	HSPB7
HSPB8	HSPB8
HSPB9	HSPB9
HSPBAP1	HSPBAP1
HSPBP1	HSPBP1
HSPD1	HSPD1
HSPE1	HSPE1
HSPE1-MOB4	HSPE1-MOB4
HSPG2	HSPG2
HSPH1	HSPH1
HTATIP2	HTATIP2
HTATSF1	HTATSF1
HTD2	HTD2
HTN1	HTN1
HTN3	HTN3
HTR1A	HTR1A
HTR1B	HTR1B
HTR1D	HTR1D
HTR1E	HTR1E
HTR1F	HTR1F
HTR2A	HTR2A
HTR2A-AS1	HTR2A-AS1
HTR2B	HTR2B
HTR2C	HTR2C
HTR3A	HTR3A
HTR3B	HTR3B
HTR3C	HTR3C
HTR3D	HTR3D
HTR3E	HTR3E
HTR3E-AS1	HTR3E-AS1
HTR4	HTR4
HTR5A	HTR5A
HTR5A-AS1	HTR5A-AS1
HTR6	HTR6
HTR7	HTR7
HTRA1	HTRA1
HTRA2	HTRA2
HTRA3	HTRA3
HTRA4	HTRA4
HTT	HTT
HTT-AS	HTT-AS
HULC	HULC
HUNK	HUNK
HUNK-AS1	HUNK-AS1
HUS1	HUS1
HUS1B	HUS1B
HUWE1	HUWE1
HVCN1	HVCN1
HYAL1	HYAL1
HYAL2	HYAL2
HYAL3	HYAL3
HYAL4	HYAL4
HYDIN	HYDIN
HYI	HYI
HYI-AS1	HYI-AS1
HYKK	HYKK
HYLS1	HYLS1
HYMAI	HYMAI
HYOU1	HYOU1
HYPK	HYPK
IAH1	IAH1
IAPP	IAPP
IARS	IARS
IARS2	IARS2
IATPR	IATPR
IBA57	IBA57
IBA57-DT	IBA57-DT
IBSP	IBSP
IBTK	IBTK
ICA1	ICA1
ICA1L	ICA1L
ICAM1	ICAM1
ICAM2	ICAM2
ICAM3	ICAM3
ICAM4	ICAM4
ICAM5	ICAM5
ICE1	ICE1
ICE2	ICE2
ICK	ICK
ICMT	ICMT
ICOS	ICOS
ICOSLG	ICOSLG
ID1	ID1
ID2	ID2
ID2-AS1	ID2-AS1
ID3	ID3
ID4	ID4
IDE	IDE
IDH1	IDH1
IDH1-AS1	IDH1-AS1
IDH2	IDH2
IDH2-DT	IDH2-DT
IDH3A	IDH3A
IDH3B	IDH3B
IDH3G	IDH3G
IDI1	IDI1
IDI2	IDI2
IDI2-AS1	IDI2-AS1
IDNK	IDNK
IDO1	IDO1
IDO2	IDO2
IDS	IDS
IDUA	IDUA
IER2	IER2
IER3	IER3
IER3-AS1	IER3-AS1
IER3IP1	IER3IP1
IER5	IER5
IER5L	IER5L
IFFO1	IFFO1
IFFO2	IFFO2
IFI16	IFI16
IFI27	IFI27
IFI27L1	IFI27L1
IFI27L2	IFI27L2
IFI30	IFI30
IFI35	IFI35
IFI44	IFI44
IFI44L	IFI44L
IFI6	IFI6
IFIH1	IFIH1
IFIT1	IFIT1
IFIT1B	IFIT1B
IFIT2	IFIT2
IFIT3	IFIT3
IFIT5	IFIT5
IFITM1	IFITM1
IFITM10	IFITM10
IFITM2	IFITM2
IFITM3	IFITM3
IFITM5	IFITM5
IFNA13	IFNA13
IFNA2	IFNA2
IFNA5	IFNA5
IFNA6	IFNA6
IFNAR1	IFNAR1
IFNAR2	IFNAR2
IFNE	IFNE
IFNG	IFNG
IFNG-AS1	IFNG-AS1
IFNGR1	IFNGR1
IFNGR2	IFNGR2
IFNK	IFNK
IFNLR1	IFNLR1
IFNW1	IFNW1
IFRD1	IFRD1
IFRD2	IFRD2
IFT122	IFT122
IFT140	IFT140
IFT172	IFT172
IFT20	IFT20
IFT22	IFT22
IFT27	IFT27
IFT43	IFT43
IFT46	IFT46
IFT52	IFT52
IFT57	IFT57
IFT74	IFT74
IFT74-AS1	IFT74-AS1
IFT80	IFT80
IFT81	IFT81
IFT88	IFT88
IGBP1	IGBP1
IGBP1-AS1	IGBP1-AS1
IGBP1-AS2	IGBP1-AS2
IGDCC3	IGDCC3
IGDCC4	IGDCC4
IGF1	IGF1
IGF1R	IGF1R
IGF2	IGF2
IGF2-AS	IGF2-AS
IGF2BP1	IGF2BP1
IGF2BP2	IGF2BP2
IGF2BP2-AS1	IGF2BP2-AS1
IGF2BP3	IGF2BP3
IGF2R	IGF2R
IGFALS	IGFALS
IGFBP1	IGFBP1
IGFBP2	IGFBP2
IGFBP3	IGFBP3
IGFBP4	IGFBP4
IGFBP5	IGFBP5
IGFBP6	IGFBP6
IGFBP7	IGFBP7
IGFBP7-AS1	IGFBP7-AS1
IGFBPL1	IGFBPL1
IGFL1	IGFL1
IGFL2	IGFL2
IGFL2-AS1	IGFL2-AS1
IGFL3	IGFL3
IGFL4	IGFL4
IGFLR1	IGFLR1
IGFN1	IGFN1
IGHA1	IGHA1
IGHA2	IGHA2
IGHD	IGHD
IGHE	IGHE
IGHEP2	IGHEP2
IGHG1	IGHG1
IGHG2	IGHG2
IGHG3	IGHG3
IGHG4	IGHG4
IGHGP	IGHGP
IGHM	IGHM
IGHMBP2	IGHMBP2
IGHV1-18	IGHV1-18
IGHV1-2	IGHV1-2
IGHV1-24	IGHV1-24
IGHV1-3	IGHV1-3
IGHV1-46	IGHV1-46
IGHV1-69	IGHV1-69
IGHV1-69D	IGHV1-69D
IGHV1OR15-6	IGHV1OR15-6
IGHV2-26	IGHV2-26
IGHV2-5	IGHV2-5
IGHV2-70	IGHV2-70
IGHV3-11	IGHV3-11
IGHV3-13	IGHV3-13
IGHV3-15	IGHV3-15
IGHV3-21	IGHV3-21
IGHV3-23	IGHV3-23
IGHV3-30	IGHV3-30
IGHV3-33	IGHV3-33
IGHV3-7	IGHV3-7
IGHV3-73	IGHV3-73
IGHV4-34	IGHV4-34
IGHV4-39	IGHV4-39
IGHV4-59	IGHV4-59
IGHV4-61	IGHV4-61
IGHV5-10-1	IGHV5-10-1
IGIP	IGIP
IGKC	IGKC
IGKJ5	IGKJ5
IGKV1-12	IGKV1-12
IGKV1-13	IGKV1-13
IGKV1-39	IGKV1-39
IGKV1-5	IGKV1-5
IGKV1-6	IGKV1-6
IGKV1-9	IGKV1-9
IGKV1D-12	IGKV1D-12
IGKV1D-39	IGKV1D-39
IGKV1D-8	IGKV1D-8
IGKV2-18	IGKV2-18
IGKV2-30	IGKV2-30
IGKV2D-40	IGKV2D-40
IGKV3-11	IGKV3-11
IGKV3-15	IGKV3-15
IGKV3-20	IGKV3-20
IGKV3D-20	IGKV3D-20
IGKV4-1	IGKV4-1
IGKV6-21	IGKV6-21
IGLC1	IGLC1
IGLC2	IGLC2
IGLC3	IGLC3
IGLCOR22-2	IGLCOR22-2
IGLL1	IGLL1
IGLL5	IGLL5
IGLON5	IGLON5
IGLV1-40	IGLV1-40
IGLV1-50	IGLV1-50
IGLV1-51	IGLV1-51
IGLV10-54	IGLV10-54
IGLV2-14	IGLV2-14
IGLV2-23	IGLV2-23
IGLV3-1	IGLV3-1
IGLV3-21	IGLV3-21
IGLV5-52	IGLV5-52
IGLV6-57	IGLV6-57
IGLV9-49	IGLV9-49
IGLVIVOR22-1	IGLVIVOR22-1
IGSF1	IGSF1
IGSF10	IGSF10
IGSF11	IGSF11
IGSF11-AS1	IGSF11-AS1
IGSF21	IGSF21
IGSF21-AS1	IGSF21-AS1
IGSF22	IGSF22
IGSF23	IGSF23
IGSF3	IGSF3
IGSF5	IGSF5
IGSF6	IGSF6
IGSF8	IGSF8
IGSF9	IGSF9
IGSF9B	IGSF9B
IHH	IHH
IK	IK
IKBIP	IKBIP
IKBKB	IKBKB
IKBKE	IKBKE
IKBKG	IKBKG
IKZF1	IKZF1
IKZF2	IKZF2
IKZF3	IKZF3
IKZF4	IKZF4
IKZF5	IKZF5
IL10	IL10
IL10RA	IL10RA
IL10RB	IL10RB
IL10RB-DT	IL10RB-DT
IL11	IL11
IL11RA	IL11RA
IL12A	IL12A
IL12A-AS1	IL12A-AS1
IL12B	IL12B
IL12RB1	IL12RB1
IL12RB2	IL12RB2
IL13	IL13
IL13RA1	IL13RA1
IL13RA2	IL13RA2
IL15	IL15
IL15RA	IL15RA
IL16	IL16
IL17B	IL17B
IL17C	IL17C
IL17D	IL17D
IL17F	IL17F
IL17RA	IL17RA
IL17RB	IL17RB
IL17RC	IL17RC
IL17RD	IL17RD
IL17RE	IL17RE
IL17REL	IL17REL
IL18	IL18
IL18BP	IL18BP
IL18R1	IL18R1
IL18RAP	IL18RAP
IL19	IL19
IL1A	IL1A
IL1B	IL1B
IL1R1	IL1R1
IL1R1-AS1	IL1R1-AS1
IL1R2	IL1R2
IL1RAP	IL1RAP
IL1RAPL1	IL1RAPL1
IL1RAPL2	IL1RAPL2
IL1RL1	IL1RL1
IL1RL2	IL1RL2
IL1RN	IL1RN
IL2	IL2
IL20RA	IL20RA
IL20RB	IL20RB
IL20RB-AS1	IL20RB-AS1
IL21	IL21
IL21-AS1	IL21-AS1
IL21R	IL21R
IL21R-AS1	IL21R-AS1
IL22RA1	IL22RA1
IL22RA2	IL22RA2
IL23A	IL23A
IL23R	IL23R
IL25	IL25
IL26	IL26
IL27	IL27
IL27RA	IL27RA
IL2RA	IL2RA
IL2RB	IL2RB
IL2RG	IL2RG
IL31	IL31
IL31RA	IL31RA
IL32	IL32
IL33	IL33
IL34	IL34
IL36B	IL36B
IL36G	IL36G
IL36RN	IL36RN
IL37	IL37
IL3RA	IL3RA
IL4	IL4
IL4I1	IL4I1
IL4R	IL4R
IL5	IL5
IL5RA	IL5RA
IL6	IL6
IL6R	IL6R
IL6R-AS1	IL6R-AS1
IL6ST	IL6ST
IL7	IL7
IL7R	IL7R
IL9	IL9
IL9R	IL9R
ILDR1	ILDR1
ILDR2	ILDR2
ILF2	ILF2
ILF3	ILF3
ILF3-DT	ILF3-DT
ILK	ILK
ILKAP	ILKAP
ILRUN	ILRUN
ILVBL	ILVBL
IMMP1L	IMMP1L
IMMP2L	IMMP2L
IMMT	IMMT
IMP3	IMP3
IMP4	IMP4
IMPA1	IMPA1
IMPA2	IMPA2
IMPACT	IMPACT
IMPAD1	IMPAD1
IMPDH1	IMPDH1
IMPDH2	IMPDH2
IMPG1	IMPG1
IMPG2	IMPG2
INA	INA
INAFM1	INAFM1
INAFM2	INAFM2
INAVA	INAVA
INCA1	INCA1
INCENP	INCENP
INE1	INE1
INE2	INE2
INF2	INF2
ING1	ING1
ING2	ING2
ING3	ING3
ING4	ING4
ING5	ING5
INHA	INHA
INHBA	INHBA
INHBA-AS1	INHBA-AS1
INHBB	INHBB
INHBC	INHBC
INHBE	INHBE
INIP	INIP
INKA1	INKA1
INKA2	INKA2
INKA2-AS1	INKA2-AS1
INMT	INMT
INMT-MINDY4	INMT-MINDY4
INO80	INO80
INO80-AS1	INO80-AS1
INO80B	INO80B
INO80B-WBP1	INO80B-WBP1
INO80C	INO80C
INO80D	INO80D
INO80E	INO80E
INPP1	INPP1
INPP4A	INPP4A
INPP4B	INPP4B
INPP5A	INPP5A
INPP5B	INPP5B
INPP5D	INPP5D
INPP5E	INPP5E
INPP5F	INPP5F
INPP5J	INPP5J
INPP5K	INPP5K
INPPL1	INPPL1
INSC	INSC
INSIG1	INSIG1
INSIG2	INSIG2
INSL3	INSL3
INSL5	INSL5
INSL6	INSL6
INSM1	INSM1
INSM2	INSM2
INSR	INSR
INSRR	INSRR
INSYN1	INSYN1
INSYN1-AS1	INSYN1-AS1
INSYN2A	INSYN2A
INSYN2B	INSYN2B
INTS1	INTS1
INTS10	INTS10
INTS11	INTS11
INTS12	INTS12
INTS13	INTS13
INTS14	INTS14
INTS2	INTS2
INTS3	INTS3
INTS4	INTS4
INTS5	INTS5
INTS6	INTS6
INTS6-AS1	INTS6-AS1
INTS6L	INTS6L
INTS6L-AS1	INTS6L-AS1
INTS7	INTS7
INTS8	INTS8
INTS9	INTS9
INTS9-AS1	INTS9-AS1
INTU	INTU
INVS	INVS
IP6K1	IP6K1
IP6K2	IP6K2
IP6K3	IP6K3
IPCEF1	IPCEF1
IPMK	IPMK
IPO11	IPO11
IPO13	IPO13
IPO4	IPO4
IPO5	IPO5
IPO7	IPO7
IPO8	IPO8
IPO9	IPO9
IPO9-AS1	IPO9-AS1
IPP	IPP
IPPK	IPPK
IQANK1	IQANK1
IQCA1	IQCA1
IQCA1-AS1	IQCA1-AS1
IQCA1L	IQCA1L
IQCB1	IQCB1
IQCC	IQCC
IQCD	IQCD
IQCE	IQCE
IQCF1	IQCF1
IQCF2	IQCF2
IQCF3	IQCF3
IQCF5	IQCF5
IQCG	IQCG
IQCH	IQCH
IQCH-AS1	IQCH-AS1
IQCJ	IQCJ
IQCJ-SCHIP1	IQCJ-SCHIP1
IQCJ-SCHIP1-AS1	IQCJ-SCHIP1-AS1
IQCK	IQCK
IQCM	IQCM
IQCN	IQCN
IQGAP1	IQGAP1
IQGAP2	IQGAP2
IQGAP3	IQGAP3
IQSEC1	IQSEC1
IQSEC2	IQSEC2
IQSEC3	IQSEC3
IQUB	IQUB
IRAIN	IRAIN
IRAK1	IRAK1
IRAK1BP1	IRAK1BP1
IRAK2	IRAK2
IRAK3	IRAK3
IRAK4	IRAK4
IREB2	IREB2
IRF1	IRF1
IRF2	IRF2
IRF2BP1	IRF2BP1
IRF2BP2	IRF2BP2
IRF2BPL	IRF2BPL
IRF3	IRF3
IRF4	IRF4
IRF5	IRF5
IRF6	IRF6
IRF7	IRF7
IRF8	IRF8
IRF9	IRF9
IRGC	IRGC
IRGM	IRGM
IRGQ	IRGQ
IRS1	IRS1
IRS2	IRS2
IRS4	IRS4
IRX1	IRX1
IRX2	IRX2
IRX3	IRX3
IRX4	IRX4
IRX5	IRX5
IRX6	IRX6
ISCA1	ISCA1
ISCA2	ISCA2
ISCU	ISCU
ISG15	ISG15
ISG20	ISG20
ISG20L2	ISG20L2
ISL1	ISL1
ISL2	ISL2
ISLR	ISLR
ISLR2	ISLR2
ISM1	ISM1
ISM1-AS1	ISM1-AS1
ISM2	ISM2
ISOC1	ISOC1
ISOC2	ISOC2
ISPD	ISPD
ISPD-AS1	ISPD-AS1
IST1	IST1
ISX	ISX
ISX-AS1	ISX-AS1
ISY1	ISY1
ISY1-RAB43	ISY1-RAB43
ISYNA1	ISYNA1
ITCH	ITCH
ITCH-AS1	ITCH-AS1
ITCH-IT1	ITCH-IT1
ITFG1	ITFG1
ITFG1-AS1	ITFG1-AS1
ITFG2	ITFG2
ITFG2-AS1	ITFG2-AS1
ITGA1	ITGA1
ITGA10	ITGA10
ITGA11	ITGA11
ITGA2	ITGA2
ITGA2B	ITGA2B
ITGA3	ITGA3
ITGA4	ITGA4
ITGA5	ITGA5
ITGA6	ITGA6
ITGA6-AS1	ITGA6-AS1
ITGA7	ITGA7
ITGA8	ITGA8
ITGA9	ITGA9
ITGA9-AS1	ITGA9-AS1
ITGAD	ITGAD
ITGAE	ITGAE
ITGAL	ITGAL
ITGAM	ITGAM
ITGAV	ITGAV
ITGAX	ITGAX
ITGB1	ITGB1
ITGB1-DT	ITGB1-DT
ITGB1BP1	ITGB1BP1
ITGB1BP2	ITGB1BP2
ITGB2	ITGB2
ITGB2-AS1	ITGB2-AS1
ITGB3	ITGB3
ITGB3BP	ITGB3BP
ITGB4	ITGB4
ITGB5	ITGB5
ITGB5-AS1	ITGB5-AS1
ITGB6	ITGB6
ITGB7	ITGB7
ITGB8	ITGB8
ITGBL1	ITGBL1
ITIH1	ITIH1
ITIH2	ITIH2
ITIH3	ITIH3
ITIH4	ITIH4
ITIH4-AS1	ITIH4-AS1
ITIH5	ITIH5
ITIH6	ITIH6
ITK	ITK
ITLN1	ITLN1
ITLN2	ITLN2
ITM2A	ITM2A
ITM2B	ITM2B
ITM2C	ITM2C
ITPA	ITPA
ITPK1	ITPK1
ITPK1-AS1	ITPK1-AS1
ITPKA	ITPKA
ITPKB	ITPKB
ITPKB-AS1	ITPKB-AS1
ITPKB-IT1	ITPKB-IT1
ITPKC	ITPKC
ITPR1	ITPR1
ITPR1-DT	ITPR1-DT
ITPR2	ITPR2
ITPR3	ITPR3
ITPRID1	ITPRID1
ITPRID2	ITPRID2
ITPRIP	ITPRIP
ITPRIP-AS1	ITPRIP-AS1
ITPRIPL1	ITPRIPL1
ITPRIPL2	ITPRIPL2
ITSN1	ITSN1
ITSN2	ITSN2
IVD	IVD
IVNS1ABP	IVNS1ABP
IWS1	IWS1
IYD	IYD
IZUMO1	IZUMO1
IZUMO2	IZUMO2
IZUMO3	IZUMO3
IZUMO4	IZUMO4
JADE1	JADE1
JADE2	JADE2
JADE3	JADE3
JADRR	JADRR
JAG1	JAG1
JAG2	JAG2
JAGN1	JAGN1
JAK1	JAK1
JAK2	JAK2
JAK3	JAK3
JAKMIP1	JAKMIP1
JAKMIP2	JAKMIP2
JAKMIP2-AS1	JAKMIP2-AS1
JAKMIP3	JAKMIP3
JAM2	JAM2
JAM3	JAM3
JAML	JAML
JARID2	JARID2
JARID2-AS1	JARID2-AS1
JAZF1	JAZF1
JAZF1-AS1	JAZF1-AS1
JCAD	JCAD
JCHAIN	JCHAIN
JDP2	JDP2
JHY	JHY
JKAMP	JKAMP
JMJD1C	JMJD1C
JMJD1C-AS1	JMJD1C-AS1
JMJD4	JMJD4
JMJD6	JMJD6
JMJD7	JMJD7
JMJD7-PLA2G4B	JMJD7-PLA2G4B
JMJD8	JMJD8
JMY	JMY
JOSD1	JOSD1
JOSD2	JOSD2
JPH1	JPH1
JPH2	JPH2
JPH3	JPH3
JPH4	JPH4
JPT1	JPT1
JPT2	JPT2
JPX	JPX
JRK	JRK
JRKL	JRKL
JRKL-AS1	JRKL-AS1
JSRP1	JSRP1
JTB	JTB
JUN	JUN
JUNB	JUNB
JUND	JUND
JUP	JUP
KAAG1	KAAG1
KALRN	KALRN
KANK1	KANK1
KANK2	KANK2
KANK3	KANK3
KANK4	KANK4
KANSL1	KANSL1
KANSL1-AS1	KANSL1-AS1
KANSL1L	KANSL1L
KANSL2	KANSL2
KANSL3	KANSL3
KANTR	KANTR
KARS	KARS
KAT14	KAT14
KAT2A	KAT2A
KAT2B	KAT2B
KAT5	KAT5
KAT6A	KAT6A
KAT6B	KAT6B
KAT7	KAT7
KAT8	KAT8
KATNA1	KATNA1
KATNAL1	KATNAL1
KATNAL2	KATNAL2
KATNB1	KATNB1
KATNBL1	KATNBL1
KAZALD1	KAZALD1
KAZN	KAZN
KAZN-AS1	KAZN-AS1
KBTBD11	KBTBD11
KBTBD11-OT1	KBTBD11-OT1
KBTBD12	KBTBD12
KBTBD2	KBTBD2
KBTBD3	KBTBD3
KBTBD4	KBTBD4
KBTBD6	KBTBD6
KBTBD7	KBTBD7
KBTBD8	KBTBD8
KC877392.1	KC877392.1
KCMF1	KCMF1
KCNA1	KCNA1
KCNA2	KCNA2
KCNA3	KCNA3
KCNA4	KCNA4
KCNA5	KCNA5
KCNA7	KCNA7
KCNAB1	KCNAB1
KCNAB1-AS1	KCNAB1-AS1
KCNAB1-AS2	KCNAB1-AS2
KCNAB2	KCNAB2
KCNAB3	KCNAB3
KCNB1	KCNB1
KCNB2	KCNB2
KCNC1	KCNC1
KCNC2	KCNC2
KCNC3	KCNC3
KCNC4	KCNC4
KCND1	KCND1
KCND2	KCND2
KCND3	KCND3
KCND3-AS1	KCND3-AS1
KCND3-IT1	KCND3-IT1
KCNE1	KCNE1
KCNE1B	KCNE1B
KCNE2	KCNE2
KCNE3	KCNE3
KCNE4	KCNE4
KCNE5	KCNE5
KCNF1	KCNF1
KCNG1	KCNG1
KCNG2	KCNG2
KCNG3	KCNG3
KCNG4	KCNG4
KCNH1	KCNH1
KCNH1-IT1	KCNH1-IT1
KCNH2	KCNH2
KCNH3	KCNH3
KCNH4	KCNH4
KCNH5	KCNH5
KCNH6	KCNH6
KCNH7	KCNH7
KCNH8	KCNH8
KCNIP1	KCNIP1
KCNIP2	KCNIP2
KCNIP2-AS1	KCNIP2-AS1
KCNIP3	KCNIP3
KCNIP4	KCNIP4
KCNIP4-IT1	KCNIP4-IT1
KCNJ1	KCNJ1
KCNJ10	KCNJ10
KCNJ11	KCNJ11
KCNJ12	KCNJ12
KCNJ13	KCNJ13
KCNJ14	KCNJ14
KCNJ15	KCNJ15
KCNJ16	KCNJ16
KCNJ18	KCNJ18
KCNJ2	KCNJ2
KCNJ2-AS1	KCNJ2-AS1
KCNJ3	KCNJ3
KCNJ4	KCNJ4
KCNJ5	KCNJ5
KCNJ6	KCNJ6
KCNJ6-AS1	KCNJ6-AS1
KCNJ8	KCNJ8
KCNJ9	KCNJ9
KCNK1	KCNK1
KCNK10	KCNK10
KCNK12	KCNK12
KCNK13	KCNK13
KCNK15	KCNK15
KCNK15-AS1	KCNK15-AS1
KCNK16	KCNK16
KCNK17	KCNK17
KCNK18	KCNK18
KCNK2	KCNK2
KCNK3	KCNK3
KCNK4	KCNK4
KCNK5	KCNK5
KCNK6	KCNK6
KCNK7	KCNK7
KCNK9	KCNK9
KCNMA1	KCNMA1
KCNMA1-AS1	KCNMA1-AS1
KCNMA1-AS2	KCNMA1-AS2
KCNMA1-AS3	KCNMA1-AS3
KCNMB1	KCNMB1
KCNMB2	KCNMB2
KCNMB2-AS1	KCNMB2-AS1
KCNMB3	KCNMB3
KCNMB4	KCNMB4
KCNN1	KCNN1
KCNN2	KCNN2
KCNN3	KCNN3
KCNN4	KCNN4
KCNQ1	KCNQ1
KCNQ1-AS1	KCNQ1-AS1
KCNQ1DN	KCNQ1DN
KCNQ1OT1	KCNQ1OT1
KCNQ2	KCNQ2
KCNQ3	KCNQ3
KCNQ4	KCNQ4
KCNQ5	KCNQ5
KCNQ5-AS1	KCNQ5-AS1
KCNQ5-IT1	KCNQ5-IT1
KCNRG	KCNRG
KCNS1	KCNS1
KCNS2	KCNS2
KCNS3	KCNS3
KCNT1	KCNT1
KCNT2	KCNT2
KCNU1	KCNU1
KCNV1	KCNV1
KCNV2	KCNV2
KCP	KCP
KCTD1	KCTD1
KCTD10	KCTD10
KCTD11	KCTD11
KCTD12	KCTD12
KCTD13	KCTD13
KCTD14	KCTD14
KCTD15	KCTD15
KCTD16	KCTD16
KCTD17	KCTD17
KCTD18	KCTD18
KCTD19	KCTD19
KCTD2	KCTD2
KCTD20	KCTD20
KCTD21	KCTD21
KCTD21-AS1	KCTD21-AS1
KCTD3	KCTD3
KCTD4	KCTD4
KCTD5	KCTD5
KCTD6	KCTD6
KCTD7	KCTD7
KCTD8	KCTD8
KCTD9	KCTD9
KDELC1	KDELC1
KDELC2	KDELC2
KDELR1	KDELR1
KDELR2	KDELR2
KDELR3	KDELR3
KDF1	KDF1
KDM1A	KDM1A
KDM1B	KDM1B
KDM2A	KDM2A
KDM2B	KDM2B
KDM2B-DT	KDM2B-DT
KDM3A	KDM3A
KDM3B	KDM3B
KDM4A	KDM4A
KDM4A-AS1	KDM4A-AS1
KDM4B	KDM4B
KDM4C	KDM4C
KDM4D	KDM4D
KDM5A	KDM5A
KDM5B	KDM5B
KDM5C	KDM5C
KDM5C-IT1	KDM5C-IT1
KDM5D	KDM5D
KDM6A	KDM6A
KDM6B	KDM6B
KDM7A	KDM7A
KDM7A-DT	KDM7A-DT
KDM8	KDM8
KDR	KDR
KDSR	KDSR
KEAP1	KEAP1
KEL	KEL
KERA	KERA
KF456478.1	KF456478.1
KF459542.1	KF459542.1
KHDC1	KHDC1
KHDC1L	KHDC1L
KHDC3L	KHDC3L
KHDC4	KHDC4
KHDRBS1	KHDRBS1
KHDRBS2	KHDRBS2
KHDRBS2-OT	KHDRBS2-OT
KHDRBS3	KHDRBS3
KHK	KHK
KHNYN	KHNYN
KHSRP	KHSRP
KIAA0040	KIAA0040
KIAA0087	KIAA0087
KIAA0100	KIAA0100
KIAA0232	KIAA0232
KIAA0319	KIAA0319
KIAA0319L	KIAA0319L
KIAA0355	KIAA0355
KIAA0391	KIAA0391
KIAA0408	KIAA0408
KIAA0513	KIAA0513
KIAA0556	KIAA0556
KIAA0586	KIAA0586
KIAA0753	KIAA0753
KIAA0825	KIAA0825
KIAA0895	KIAA0895
KIAA0895L	KIAA0895L
KIAA0930	KIAA0930
KIAA1024	KIAA1024
KIAA1024L	KIAA1024L
KIAA1109	KIAA1109
KIAA1143	KIAA1143
KIAA1147	KIAA1147
KIAA1191	KIAA1191
KIAA1210	KIAA1210
KIAA1211	KIAA1211
KIAA1211L	KIAA1211L
KIAA1217	KIAA1217
KIAA1257	KIAA1257
KIAA1324	KIAA1324
KIAA1324L	KIAA1324L
KIAA1328	KIAA1328
KIAA1468	KIAA1468
KIAA1522	KIAA1522
KIAA1549	KIAA1549
KIAA1549L	KIAA1549L
KIAA1551	KIAA1551
KIAA1586	KIAA1586
KIAA1614	KIAA1614
KIAA1614-AS1	KIAA1614-AS1
KIAA1671	KIAA1671
KIAA1755	KIAA1755
KIAA1841	KIAA1841
KIAA1958	KIAA1958
KIAA2012	KIAA2012
KIAA2012-AS1	KIAA2012-AS1
KIAA2013	KIAA2013
KIAA2026	KIAA2026
KIDINS220	KIDINS220
KIF11	KIF11
KIF12	KIF12
KIF13A	KIF13A
KIF13B	KIF13B
KIF14	KIF14
KIF15	KIF15
KIF16B	KIF16B
KIF17	KIF17
KIF18A	KIF18A
KIF18B	KIF18B
KIF19	KIF19
KIF1A	KIF1A
KIF1B	KIF1B
KIF1BP	KIF1BP
KIF1C	KIF1C
KIF20A	KIF20A
KIF20B	KIF20B
KIF21A	KIF21A
KIF21B	KIF21B
KIF22	KIF22
KIF23	KIF23
KIF24	KIF24
KIF25	KIF25
KIF25-AS1	KIF25-AS1
KIF26A	KIF26A
KIF26B	KIF26B
KIF26B-AS1	KIF26B-AS1
KIF27	KIF27
KIF2A	KIF2A
KIF2B	KIF2B
KIF2C	KIF2C
KIF3A	KIF3A
KIF3B	KIF3B
KIF3C	KIF3C
KIF4A	KIF4A
KIF4B	KIF4B
KIF5A	KIF5A
KIF5B	KIF5B
KIF5C	KIF5C
KIF6	KIF6
KIF7	KIF7
KIF9	KIF9
KIF9-AS1	KIF9-AS1
KIFAP3	KIFAP3
KIFC1	KIFC1
KIFC2	KIFC2
KIFC3	KIFC3
KIN	KIN
KIR2DL1	KIR2DL1
KIR2DL3	KIR2DL3
KIR2DL4	KIR2DL4
KIR3DL1	KIR3DL1
KIR3DL2	KIR3DL2
KIR3DL3	KIR3DL3
KIR3DX1	KIR3DX1
KIRREL1	KIRREL1
KIRREL1-IT1	KIRREL1-IT1
KIRREL2	KIRREL2
KIRREL3	KIRREL3
KIRREL3-AS1	KIRREL3-AS1
KIRREL3-AS2	KIRREL3-AS2
KIRREL3-AS3	KIRREL3-AS3
KISS1	KISS1
KISS1R	KISS1R
KIT	KIT
KITLG	KITLG
KIZ	KIZ
KIZ-AS1	KIZ-AS1
KL	KL
KLB	KLB
KLC1	KLC1
KLC2	KLC2
KLC3	KLC3
KLC4	KLC4
KLF1	KLF1
KLF10	KLF10
KLF11	KLF11
KLF12	KLF12
KLF13	KLF13
KLF15	KLF15
KLF16	KLF16
KLF17	KLF17
KLF2	KLF2
KLF3	KLF3
KLF3-AS1	KLF3-AS1
KLF4	KLF4
KLF5	KLF5
KLF6	KLF6
KLF7	KLF7
KLF7-IT1	KLF7-IT1
KLF8	KLF8
KLF9	KLF9
KLHDC1	KLHDC1
KLHDC10	KLHDC10
KLHDC2	KLHDC2
KLHDC3	KLHDC3
KLHDC4	KLHDC4
KLHDC7A	KLHDC7A
KLHDC7B	KLHDC7B
KLHDC8A	KLHDC8A
KLHDC8B	KLHDC8B
KLHDC9	KLHDC9
KLHL1	KLHL1
KLHL10	KLHL10
KLHL11	KLHL11
KLHL12	KLHL12
KLHL13	KLHL13
KLHL14	KLHL14
KLHL15	KLHL15
KLHL17	KLHL17
KLHL18	KLHL18
KLHL2	KLHL2
KLHL20	KLHL20
KLHL21	KLHL21
KLHL22	KLHL22
KLHL23	KLHL23
KLHL24	KLHL24
KLHL25	KLHL25
KLHL26	KLHL26
KLHL28	KLHL28
KLHL29	KLHL29
KLHL3	KLHL3
KLHL30	KLHL30
KLHL31	KLHL31
KLHL32	KLHL32
KLHL33	KLHL33
KLHL34	KLHL34
KLHL35	KLHL35
KLHL36	KLHL36
KLHL38	KLHL38
KLHL4	KLHL4
KLHL40	KLHL40
KLHL41	KLHL41
KLHL42	KLHL42
KLHL5	KLHL5
KLHL6	KLHL6
KLHL6-AS1	KLHL6-AS1
KLHL7	KLHL7
KLHL7-DT	KLHL7-DT
KLHL8	KLHL8
KLHL9	KLHL9
KLK1	KLK1
KLK10	KLK10
KLK11	KLK11
KLK12	KLK12
KLK13	KLK13
KLK14	KLK14
KLK15	KLK15
KLK2	KLK2
KLK3	KLK3
KLK4	KLK4
KLK5	KLK5
KLK6	KLK6
KLK7	KLK7
KLK8	KLK8
KLKB1	KLKB1
KLLN	KLLN
KLRB1	KLRB1
KLRC1	KLRC1
KLRC2	KLRC2
KLRC3	KLRC3
KLRC4	KLRC4
KLRC4-KLRK1	KLRC4-KLRK1
KLRD1	KLRD1
KLRF1	KLRF1
KLRF2	KLRF2
KLRG1	KLRG1
KLRG2	KLRG2
KLRK1	KLRK1
KMO	KMO
KMT2A	KMT2A
KMT2B	KMT2B
KMT2C	KMT2C
KMT2D	KMT2D
KMT2E	KMT2E
KMT2E-AS1	KMT2E-AS1
KMT5A	KMT5A
KMT5B	KMT5B
KMT5C	KMT5C
KNCN	KNCN
KNDC1	KNDC1
KNG1	KNG1
KNL1	KNL1
KNOP1	KNOP1
KNSTRN	KNSTRN
KNTC1	KNTC1
KPNA1	KPNA1
KPNA2	KPNA2
KPNA3	KPNA3
KPNA4	KPNA4
KPNA5	KPNA5
KPNA6	KPNA6
KPNA7	KPNA7
KPNB1	KPNB1
KPTN	KPTN
KRAS	KRAS
KRBA1	KRBA1
KRBA2	KRBA2
KRBOX1	KRBOX1
KRBOX1-AS1	KRBOX1-AS1
KRBOX4	KRBOX4
KRCC1	KRCC1
KREMEN1	KREMEN1
KREMEN2	KREMEN2
KRI1	KRI1
KRIT1	KRIT1
KRR1	KRR1
KRT1	KRT1
KRT10	KRT10
KRT12	KRT12
KRT14	KRT14
KRT15	KRT15
KRT16	KRT16
KRT17	KRT17
KRT18	KRT18
KRT19	KRT19
KRT20	KRT20
KRT222	KRT222
KRT23	KRT23
KRT24	KRT24
KRT25	KRT25
KRT26	KRT26
KRT27	KRT27
KRT28	KRT28
KRT3	KRT3
KRT31	KRT31
KRT32	KRT32
KRT33B	KRT33B
KRT34	KRT34
KRT36	KRT36
KRT39	KRT39
KRT40	KRT40
KRT5	KRT5
KRT6A	KRT6A
KRT6B	KRT6B
KRT6C	KRT6C
KRT7	KRT7
KRT7-AS	KRT7-AS
KRT71	KRT71
KRT72	KRT72
KRT73	KRT73
KRT73-AS1	KRT73-AS1
KRT74	KRT74
KRT76	KRT76
KRT77	KRT77
KRT78	KRT78
KRT79	KRT79
KRT8	KRT8
KRT80	KRT80
KRT81	KRT81
KRT83	KRT83
KRT86	KRT86
KRT9	KRT9
KRTAP10-4	KRTAP10-4
KRTAP11-1	KRTAP11-1
KRTAP3-1	KRTAP3-1
KRTAP5-1	KRTAP5-1
KRTAP5-10	KRTAP5-10
KRTAP5-11	KRTAP5-11
KRTAP5-2	KRTAP5-2
KRTAP5-7	KRTAP5-7
KRTAP5-8	KRTAP5-8
KRTAP5-9	KRTAP5-9
KRTAP5-AS1	KRTAP5-AS1
KRTAP6-1	KRTAP6-1
KRTAP8-1	KRTAP8-1
KRTCAP2	KRTCAP2
KRTCAP3	KRTCAP3
KRTDAP	KRTDAP
KSR1	KSR1
KSR2	KSR2
KTI12	KTI12
KTN1	KTN1
KTN1-AS1	KTN1-AS1
KXD1	KXD1
KY	KY
KYAT1	KYAT1
KYAT3	KYAT3
KYNU	KYNU
L1CAM	L1CAM
L1TD1	L1TD1
L29074.1	L29074.1
L2HGDH	L2HGDH
L34079.1	L34079.1
L34079.2	L34079.2
L34079.3	L34079.3
L3HYPDH	L3HYPDH
L3MBTL1	L3MBTL1
L3MBTL2	L3MBTL2
L3MBTL3	L3MBTL3
L3MBTL4	L3MBTL4
L3MBTL4-AS1	L3MBTL4-AS1
LACC1	LACC1
LACRT	LACRT
LACTB	LACTB
LACTB2	LACTB2
LACTB2-AS1	LACTB2-AS1
LACTBL1	LACTBL1
LAD1	LAD1
LAG3	LAG3
LAGE3	LAGE3
LAIR1	LAIR1
LAIR2	LAIR2
LAMA1	LAMA1
LAMA2	LAMA2
LAMA3	LAMA3
LAMA4	LAMA4
LAMA5	LAMA5
LAMA5-AS1	LAMA5-AS1
LAMB1	LAMB1
LAMB2	LAMB2
LAMB3	LAMB3
LAMB4	LAMB4
LAMC1	LAMC1
LAMC1-AS1	LAMC1-AS1
LAMC2	LAMC2
LAMC3	LAMC3
LAMP1	LAMP1
LAMP2	LAMP2
LAMP3	LAMP3
LAMP5	LAMP5
LAMP5-AS1	LAMP5-AS1
LAMTOR1	LAMTOR1
LAMTOR2	LAMTOR2
LAMTOR3	LAMTOR3
LAMTOR4	LAMTOR4
LAMTOR5	LAMTOR5
LAMTOR5-AS1	LAMTOR5-AS1
LANCL1	LANCL1
LANCL1-AS1	LANCL1-AS1
LANCL2	LANCL2
LANCL3	LANCL3
LAP3	LAP3
LAPTM4A	LAPTM4A
LAPTM4A-DT	LAPTM4A-DT
LAPTM4B	LAPTM4B
LAPTM5	LAPTM5
LARGE-AS1	LARGE-AS1
LARGE-IT1	LARGE-IT1
LARGE1	LARGE1
LARGE2	LARGE2
LARP1	LARP1
LARP1B	LARP1B
LARP4	LARP4
LARP4B	LARP4B
LARP6	LARP6
LARP7	LARP7
LARS	LARS
LARS2	LARS2
LARS2-AS1	LARS2-AS1
LAS1L	LAS1L
LASP1	LASP1
LAT	LAT
LAT2	LAT2
LATS1	LATS1
LATS2	LATS2
LATS2-AS1	LATS2-AS1
LAX1	LAX1
LAYN	LAYN
LBH	LBH
LBHD1	LBHD1
LBHD2	LBHD2
LBP	LBP
LBR	LBR
LBX1-AS1	LBX1-AS1
LBX2	LBX2
LBX2-AS1	LBX2-AS1
LCA5	LCA5
LCA5L	LCA5L
LCAL1	LCAL1
LCAT	LCAT
LCE1A	LCE1A
LCE5A	LCE5A
LCK	LCK
LCLAT1	LCLAT1
LCMT1	LCMT1
LCMT1-AS1	LCMT1-AS1
LCMT1-AS2	LCMT1-AS2
LCMT2	LCMT2
LCN1	LCN1
LCN10	LCN10
LCN12	LCN12
LCN15	LCN15
LCN2	LCN2
LCN6	LCN6
LCN8	LCN8
LCN9	LCN9
LCNL1	LCNL1
LCOR	LCOR
LCORL	LCORL
LCP1	LCP1
LCP2	LCP2
LCT	LCT
LCTL	LCTL
LDAH	LDAH
LDB1	LDB1
LDB2	LDB2
LDB3	LDB3
LDHA	LDHA
LDHAL6A	LDHAL6A
LDHAL6B	LDHAL6B
LDHB	LDHB
LDHC	LDHC
LDHD	LDHD
LDLR	LDLR
LDLRAD1	LDLRAD1
LDLRAD2	LDLRAD2
LDLRAD3	LDLRAD3
LDLRAD4	LDLRAD4
LDLRAD4-AS1	LDLRAD4-AS1
LDLRAP1	LDLRAP1
LDOC1	LDOC1
LEAP2	LEAP2
LECT2	LECT2
LEF1	LEF1
LEF1-AS1	LEF1-AS1
LEFTY1	LEFTY1
LEFTY2	LEFTY2
LEKR1	LEKR1
LEMD1	LEMD1
LEMD1-AS1	LEMD1-AS1
LEMD1-DT	LEMD1-DT
LEMD2	LEMD2
LEMD3	LEMD3
LENEP	LENEP
LENG1	LENG1
LENG8	LENG8
LENG8-AS1	LENG8-AS1
LENG9	LENG9
LEO1	LEO1
LEP	LEP
LEPR	LEPR
LEPROT	LEPROT
LEPROTL1	LEPROTL1
LERFS	LERFS
LETM1	LETM1
LETM2	LETM2
LETMD1	LETMD1
LEUTX	LEUTX
LEXM	LEXM
LFNG	LFNG
LGALS1	LGALS1
LGALS12	LGALS12
LGALS13	LGALS13
LGALS16	LGALS16
LGALS2	LGALS2
LGALS3	LGALS3
LGALS3BP	LGALS3BP
LGALS4	LGALS4
LGALS7B	LGALS7B
LGALS8	LGALS8
LGALS8-AS1	LGALS8-AS1
LGALS9	LGALS9
LGALS9B	LGALS9B
LGALS9C	LGALS9C
LGALSL	LGALSL
LGALSL-DT	LGALSL-DT
LGI1	LGI1
LGI2	LGI2
LGI3	LGI3
LGI4	LGI4
LGMN	LGMN
LGR4	LGR4
LGR5	LGR5
LGR6	LGR6
LGSN	LGSN
LHB	LHB
LHCGR	LHCGR
LHFPL1	LHFPL1
LHFPL2	LHFPL2
LHFPL3	LHFPL3
LHFPL3-AS1	LHFPL3-AS1
LHFPL3-AS2	LHFPL3-AS2
LHFPL4	LHFPL4
LHFPL5	LHFPL5
LHFPL6	LHFPL6
LHPP	LHPP
LHX1	LHX1
LHX1-DT	LHX1-DT
LHX2	LHX2
LHX3	LHX3
LHX4	LHX4
LHX5	LHX5
LHX5-AS1	LHX5-AS1
LHX6	LHX6
LHX8	LHX8
LHX9	LHX9
LIAS	LIAS
LIF	LIF
LIFR	LIFR
LIFR-AS1	LIFR-AS1
LIG1	LIG1
LIG3	LIG3
LIG4	LIG4
LILRA1	LILRA1
LILRA2	LILRA2
LILRA4	LILRA4
LILRA5	LILRA5
LILRA6	LILRA6
LILRB1	LILRB1
LILRB1-AS1	LILRB1-AS1
LILRB2	LILRB2
LILRB3	LILRB3
LILRB4	LILRB4
LILRB5	LILRB5
LIM2	LIM2
LIMA1	LIMA1
LIMCH1	LIMCH1
LIMD1	LIMD1
LIMD1-AS1	LIMD1-AS1
LIMD2	LIMD2
LIME1	LIME1
LIMK1	LIMK1
LIMK2	LIMK2
LIMS1	LIMS1
LIMS1-AS1	LIMS1-AS1
LIMS2	LIMS2
LIMS3	LIMS3
LIMS4	LIMS4
LIN28A	LIN28A
LIN28B	LIN28B
LIN28B-AS1	LIN28B-AS1
LIN37	LIN37
LIN52	LIN52
LIN54	LIN54
LIN7A	LIN7A
LIN7B	LIN7B
LIN7C	LIN7C
LIN9	LIN9
LINC-PINT	LINC-PINT
LINC-ROR	LINC-ROR
LINC00028	LINC00028
LINC00029	LINC00029
LINC00051	LINC00051
LINC00092	LINC00092
LINC00102	LINC00102
LINC00106	LINC00106
LINC00111	LINC00111
LINC00113	LINC00113
LINC00114	LINC00114
LINC00115	LINC00115
LINC00158	LINC00158
LINC00159	LINC00159
LINC00160	LINC00160
LINC00161	LINC00161
LINC00163	LINC00163
LINC00165	LINC00165
LINC00167	LINC00167
LINC00173	LINC00173
LINC00174	LINC00174
LINC00184	LINC00184
LINC00200	LINC00200
LINC00205	LINC00205
LINC00207	LINC00207
LINC00208	LINC00208
LINC00210	LINC00210
LINC00211	LINC00211
LINC00221	LINC00221
LINC00222	LINC00222
LINC00229	LINC00229
LINC00235	LINC00235
LINC00237	LINC00237
LINC00239	LINC00239
LINC00240	LINC00240
LINC00242	LINC00242
LINC00243	LINC00243
LINC00244	LINC00244
LINC002481	LINC002481
LINC00251	LINC00251
LINC00261	LINC00261
LINC00265	LINC00265
LINC00266-1	LINC00266-1
LINC00266-4P	LINC00266-4P
LINC00269	LINC00269
LINC00271	LINC00271
LINC00272	LINC00272
LINC00273	LINC00273
LINC00276	LINC00276
LINC00278	LINC00278
LINC00279	LINC00279
LINC00280	LINC00280
LINC00283	LINC00283
LINC00284	LINC00284
LINC00290	LINC00290
LINC00293	LINC00293
LINC00294	LINC00294
LINC00297	LINC00297
LINC00298	LINC00298
LINC00299	LINC00299
LINC00303	LINC00303
LINC00304	LINC00304
LINC00305	LINC00305
LINC00308	LINC00308
LINC00309	LINC00309
LINC00310	LINC00310
LINC00311	LINC00311
LINC00313	LINC00313
LINC00314	LINC00314
LINC00315	LINC00315
LINC00316	LINC00316
LINC00317	LINC00317
LINC00320	LINC00320
LINC00322	LINC00322
LINC00323	LINC00323
LINC00324	LINC00324
LINC00326	LINC00326
LINC00327	LINC00327
LINC00330	LINC00330
LINC00331	LINC00331
LINC00332	LINC00332
LINC00333	LINC00333
LINC00334	LINC00334
LINC00336	LINC00336
LINC00337	LINC00337
LINC00339	LINC00339
LINC00342	LINC00342
LINC00343	LINC00343
LINC00345	LINC00345
LINC00346	LINC00346
LINC00347	LINC00347
LINC00348	LINC00348
LINC00349	LINC00349
LINC00350	LINC00350
LINC00351	LINC00351
LINC00352	LINC00352
LINC00353	LINC00353
LINC00354	LINC00354
LINC00355	LINC00355
LINC00358	LINC00358
LINC00363	LINC00363
LINC00364	LINC00364
LINC00365	LINC00365
LINC00366	LINC00366
LINC00368	LINC00368
LINC00370	LINC00370
LINC00373	LINC00373
LINC00374	LINC00374
LINC00375	LINC00375
LINC00376	LINC00376
LINC00377	LINC00377
LINC00378	LINC00378
LINC00379	LINC00379
LINC00381	LINC00381
LINC00382	LINC00382
LINC00383	LINC00383
LINC00384	LINC00384
LINC00385	LINC00385
LINC00387	LINC00387
LINC00390	LINC00390
LINC00391	LINC00391
LINC00392	LINC00392
LINC00393	LINC00393
LINC00395	LINC00395
LINC00396	LINC00396
LINC00397	LINC00397
LINC00398	LINC00398
LINC00399	LINC00399
LINC00402	LINC00402
LINC00404	LINC00404
LINC00407	LINC00407
LINC00408	LINC00408
LINC00410	LINC00410
LINC00411	LINC00411
LINC00412	LINC00412
LINC00423	LINC00423
LINC00424	LINC00424
LINC00426	LINC00426
LINC00427	LINC00427
LINC00430	LINC00430
LINC00433	LINC00433
LINC00434	LINC00434
LINC00437	LINC00437
LINC00440	LINC00440
LINC00442	LINC00442
LINC00443	LINC00443
LINC00446	LINC00446
LINC00448	LINC00448
LINC00449	LINC00449
LINC00452	LINC00452
LINC00454	LINC00454
LINC00456	LINC00456
LINC00457	LINC00457
LINC00458	LINC00458
LINC00459	LINC00459
LINC00460	LINC00460
LINC00461	LINC00461
LINC00463	LINC00463
LINC00466	LINC00466
LINC00467	LINC00467
LINC00469	LINC00469
LINC00470	LINC00470
LINC00471	LINC00471
LINC00472	LINC00472
LINC00473	LINC00473
LINC00474	LINC00474
LINC00476	LINC00476
LINC00477	LINC00477
LINC00479	LINC00479
LINC00482	LINC00482
LINC00483	LINC00483
LINC00484	LINC00484
LINC00485	LINC00485
LINC00486	LINC00486
LINC00487	LINC00487
LINC00488	LINC00488
LINC00489	LINC00489
LINC00491	LINC00491
LINC00492	LINC00492
LINC00494	LINC00494
LINC00498	LINC00498
LINC00499	LINC00499
LINC00500	LINC00500
LINC00501	LINC00501
LINC00502	LINC00502
LINC00504	LINC00504
LINC00507	LINC00507
LINC00508	LINC00508
LINC00511	LINC00511
LINC00513	LINC00513
LINC00514	LINC00514
LINC00517	LINC00517
LINC00518	LINC00518
LINC00519	LINC00519
LINC00520	LINC00520
LINC00523	LINC00523
LINC00524	LINC00524
LINC00525	LINC00525
LINC00526	LINC00526
LINC00528	LINC00528
LINC00529	LINC00529
LINC00534	LINC00534
LINC00535	LINC00535
LINC00536	LINC00536
LINC00538	LINC00538
LINC00539	LINC00539
LINC00544	LINC00544
LINC00545	LINC00545
LINC00547	LINC00547
LINC00550	LINC00550
LINC00551	LINC00551
LINC00557	LINC00557
LINC00558	LINC00558
LINC00559	LINC00559
LINC00560	LINC00560
LINC00562	LINC00562
LINC00563	LINC00563
LINC00565	LINC00565
LINC00566	LINC00566
LINC00567	LINC00567
LINC00570	LINC00570
LINC00571	LINC00571
LINC00572	LINC00572
LINC00574	LINC00574
LINC00575	LINC00575
LINC00578	LINC00578
LINC00581	LINC00581
LINC00582	LINC00582
LINC00587	LINC00587
LINC00588	LINC00588
LINC00589	LINC00589
LINC00592	LINC00592
LINC00595	LINC00595
LINC00596	LINC00596
LINC00598	LINC00598
LINC00599	LINC00599
LINC00601	LINC00601
LINC00602	LINC00602
LINC00603	LINC00603
LINC00604	LINC00604
LINC00606	LINC00606
LINC00607	LINC00607
LINC00608	LINC00608
LINC00609	LINC00609
LINC00612	LINC00612
LINC00613	LINC00613
LINC00615	LINC00615
LINC00616	LINC00616
LINC00618	LINC00618
LINC00619	LINC00619
LINC00620	LINC00620
LINC00621	LINC00621
LINC00622	LINC00622
LINC00623	LINC00623
LINC00624	LINC00624
LINC00626	LINC00626
LINC00629	LINC00629
LINC00630	LINC00630
LINC00632	LINC00632
LINC00634	LINC00634
LINC00635	LINC00635
LINC00636	LINC00636
LINC00637	LINC00637
LINC00638	LINC00638
LINC00639	LINC00639
LINC00640	LINC00640
LINC00641	LINC00641
LINC00642	LINC00642
LINC00644	LINC00644
LINC00645	LINC00645
LINC00648	LINC00648
LINC00649	LINC00649
LINC00652	LINC00652
LINC00653	LINC00653
LINC00654	LINC00654
LINC00658	LINC00658
LINC00661	LINC00661
LINC00662	LINC00662
LINC00663	LINC00663
LINC00664	LINC00664
LINC00665	LINC00665
LINC00667	LINC00667
LINC00668	LINC00668
LINC00670	LINC00670
LINC00671	LINC00671
LINC00672	LINC00672
LINC00676	LINC00676
LINC00678	LINC00678
LINC00681	LINC00681
LINC00682	LINC00682
LINC00683	LINC00683
LINC00685	LINC00685
LINC00686	LINC00686
LINC00687	LINC00687
LINC00689	LINC00689
LINC00690	LINC00690
LINC00691	LINC00691
LINC00692	LINC00692
LINC00698	LINC00698
LINC00700	LINC00700
LINC00701	LINC00701
LINC00702	LINC00702
LINC00703	LINC00703
LINC00705	LINC00705
LINC00706	LINC00706
LINC00707	LINC00707
LINC00709	LINC00709
LINC00710	LINC00710
LINC00824	LINC00824
LINC00836	LINC00836
LINC00838	LINC00838
LINC00839	LINC00839
LINC00840	LINC00840
LINC00841	LINC00841
LINC00842	LINC00842
LINC00843	LINC00843
LINC00844	LINC00844
LINC00845	LINC00845
LINC00847	LINC00847
LINC00850	LINC00850
LINC00851	LINC00851
LINC00852	LINC00852
LINC00853	LINC00853
LINC00854	LINC00854
LINC00857	LINC00857
LINC00858	LINC00858
LINC00861	LINC00861
LINC00862	LINC00862
LINC00863	LINC00863
LINC00864	LINC00864
LINC00865	LINC00865
LINC00866	LINC00866
LINC00867	LINC00867
LINC00868	LINC00868
LINC00870	LINC00870
LINC00871	LINC00871
LINC00877	LINC00877
LINC00879	LINC00879
LINC00880	LINC00880
LINC00881	LINC00881
LINC00882	LINC00882
LINC00884	LINC00884
LINC00885	LINC00885
LINC00886	LINC00886
LINC00887	LINC00887
LINC00891	LINC00891
LINC00892	LINC00892
LINC00893	LINC00893
LINC00894	LINC00894
LINC00895	LINC00895
LINC00896	LINC00896
LINC00898	LINC00898
LINC00899	LINC00899
LINC00900	LINC00900
LINC00901	LINC00901
LINC00903	LINC00903
LINC00904	LINC00904
LINC00906	LINC00906
LINC00907	LINC00907
LINC00908	LINC00908
LINC00909	LINC00909
LINC00910	LINC00910
LINC00911	LINC00911
LINC00917	LINC00917
LINC00920	LINC00920
LINC00921	LINC00921
LINC00922	LINC00922
LINC00923	LINC00923
LINC00924	LINC00924
LINC00926	LINC00926
LINC00927	LINC00927
LINC00928	LINC00928
LINC00929	LINC00929
LINC00930	LINC00930
LINC00934	LINC00934
LINC00937	LINC00937
LINC00939	LINC00939
LINC00940	LINC00940
LINC00941	LINC00941
LINC00942	LINC00942
LINC00943	LINC00943
LINC00944	LINC00944
LINC00945	LINC00945
LINC00951	LINC00951
LINC00954	LINC00954
LINC00957	LINC00957
LINC00958	LINC00958
LINC00960	LINC00960
LINC00963	LINC00963
LINC00964	LINC00964
LINC00967	LINC00967
LINC00968	LINC00968
LINC00970	LINC00970
LINC00971	LINC00971
LINC00972	LINC00972
LINC00974	LINC00974
LINC00982	LINC00982
LINC00987	LINC00987
LINC00989	LINC00989
LINC00992	LINC00992
LINC00994	LINC00994
LINC00996	LINC00996
LINC00997	LINC00997
LINC01001	LINC01001
LINC01002	LINC01002
LINC01003	LINC01003
LINC01004	LINC01004
LINC01005	LINC01005
LINC01006	LINC01006
LINC01007	LINC01007
LINC01010	LINC01010
LINC01011	LINC01011
LINC01013	LINC01013
LINC01014	LINC01014
LINC01016	LINC01016
LINC01018	LINC01018
LINC01019	LINC01019
LINC01020	LINC01020
LINC01023	LINC01023
LINC01029	LINC01029
LINC01030	LINC01030
LINC01031	LINC01031
LINC01033	LINC01033
LINC01034	LINC01034
LINC01035	LINC01035
LINC01038	LINC01038
LINC01039	LINC01039
LINC01040	LINC01040
LINC01043	LINC01043
LINC01044	LINC01044
LINC01046	LINC01046
LINC01047	LINC01047
LINC01049	LINC01049
LINC01052	LINC01052
LINC01053	LINC01053
LINC01054	LINC01054
LINC01055	LINC01055
LINC01058	LINC01058
LINC01060	LINC01060
LINC01063	LINC01063
LINC01065	LINC01065
LINC01067	LINC01067
LINC01068	LINC01068
LINC01069	LINC01069
LINC01070	LINC01070
LINC01072	LINC01072
LINC01075	LINC01075
LINC01076	LINC01076
LINC01077	LINC01077
LINC01080	LINC01080
LINC01081	LINC01081
LINC01082	LINC01082
LINC01087	LINC01087
LINC01088	LINC01088
LINC01089	LINC01089
LINC01090	LINC01090
LINC01091	LINC01091
LINC01093	LINC01093
LINC01094	LINC01094
LINC01095	LINC01095
LINC01096	LINC01096
LINC01097	LINC01097
LINC01098	LINC01098
LINC01099	LINC01099
LINC01100	LINC01100
LINC01102	LINC01102
LINC01103	LINC01103
LINC01104	LINC01104
LINC01106	LINC01106
LINC01107	LINC01107
LINC01108	LINC01108
LINC01109	LINC01109
LINC01111	LINC01111
LINC01114	LINC01114
LINC01115	LINC01115
LINC01116	LINC01116
LINC01117	LINC01117
LINC01118	LINC01118
LINC01119	LINC01119
LINC01120	LINC01120
LINC01121	LINC01121
LINC01122	LINC01122
LINC01123	LINC01123
LINC01124	LINC01124
LINC01126	LINC01126
LINC01127	LINC01127
LINC01128	LINC01128
LINC01132	LINC01132
LINC01133	LINC01133
LINC01134	LINC01134
LINC01135	LINC01135
LINC01136	LINC01136
LINC01137	LINC01137
LINC01138	LINC01138
LINC01139	LINC01139
LINC01140	LINC01140
LINC01141	LINC01141
LINC01142	LINC01142
LINC01144	LINC01144
LINC01146	LINC01146
LINC01147	LINC01147
LINC01148	LINC01148
LINC01149	LINC01149
LINC01150	LINC01150
LINC01151	LINC01151
LINC01152	LINC01152
LINC01153	LINC01153
LINC01159	LINC01159
LINC01160	LINC01160
LINC01162	LINC01162
LINC01163	LINC01163
LINC01164	LINC01164
LINC01165	LINC01165
LINC01166	LINC01166
LINC01168	LINC01168
LINC01169	LINC01169
LINC01170	LINC01170
LINC01173	LINC01173
LINC01176	LINC01176
LINC01177	LINC01177
LINC01179	LINC01179
LINC01180	LINC01180
LINC01181	LINC01181
LINC01182	LINC01182
LINC01184	LINC01184
LINC01185	LINC01185
LINC01186	LINC01186
LINC01189	LINC01189
LINC01191	LINC01191
LINC01192	LINC01192
LINC01193	LINC01193
LINC01194	LINC01194
LINC01195	LINC01195
LINC01197	LINC01197
LINC01198	LINC01198
LINC01201	LINC01201
LINC01202	LINC01202
LINC01203	LINC01203
LINC01204	LINC01204
LINC01205	LINC01205
LINC01206	LINC01206
LINC01208	LINC01208
LINC01209	LINC01209
LINC01210	LINC01210
LINC01213	LINC01213
LINC01214	LINC01214
LINC01215	LINC01215
LINC01219	LINC01219
LINC01220	LINC01220
LINC01221	LINC01221
LINC01222	LINC01222
LINC01224	LINC01224
LINC01226	LINC01226
LINC01227	LINC01227
LINC01228	LINC01228
LINC01229	LINC01229
LINC01230	LINC01230
LINC01231	LINC01231
LINC01232	LINC01232
LINC01233	LINC01233
LINC01234	LINC01234
LINC01235	LINC01235
LINC01237	LINC01237
LINC01238	LINC01238
LINC01238-1	LINC01238-1
LINC01238.1	LINC01238.1
LINC01239	LINC01239
LINC01241	LINC01241
LINC01242	LINC01242
LINC01243	LINC01243
LINC01247	LINC01247
LINC01248	LINC01248
LINC01249	LINC01249
LINC01250	LINC01250
LINC01251	LINC01251
LINC01252	LINC01252
LINC01254	LINC01254
LINC01255	LINC01255
LINC01256	LINC01256
LINC01257	LINC01257
LINC01258	LINC01258
LINC01259	LINC01259
LINC01260	LINC01260
LINC01262	LINC01262
LINC01266	LINC01266
LINC01267	LINC01267
LINC01268	LINC01268
LINC01269	LINC01269
LINC01270	LINC01270
LINC01271	LINC01271
LINC01273	LINC01273
LINC01275	LINC01275
LINC01276	LINC01276
LINC01277	LINC01277
LINC01278	LINC01278
LINC01280	LINC01280
LINC01281	LINC01281
LINC01282	LINC01282
LINC01283	LINC01283
LINC01284	LINC01284
LINC01285	LINC01285
LINC01287	LINC01287
LINC01288	LINC01288
LINC01289	LINC01289
LINC01290	LINC01290
LINC01291	LINC01291
LINC01293	LINC01293
LINC01297	LINC01297
LINC01298	LINC01298
LINC01299	LINC01299
LINC01301	LINC01301
LINC01303	LINC01303
LINC01304	LINC01304
LINC01305	LINC01305
LINC01307	LINC01307
LINC01309	LINC01309
LINC01310	LINC01310
LINC01311	LINC01311
LINC01312	LINC01312
LINC01315	LINC01315
LINC01317	LINC01317
LINC01320	LINC01320
LINC01322	LINC01322
LINC01323	LINC01323
LINC01324	LINC01324
LINC01327	LINC01327
LINC01331	LINC01331
LINC01332	LINC01332
LINC01333	LINC01333
LINC01335	LINC01335
LINC01336	LINC01336
LINC01337	LINC01337
LINC01338	LINC01338
LINC01339	LINC01339
LINC01340	LINC01340
LINC01341	LINC01341
LINC01342	LINC01342
LINC01343	LINC01343
LINC01344	LINC01344
LINC01345	LINC01345
LINC01346	LINC01346
LINC01348	LINC01348
LINC01349	LINC01349
LINC01350	LINC01350
LINC01351	LINC01351
LINC01352	LINC01352
LINC01353	LINC01353
LINC01354	LINC01354
LINC01355	LINC01355
LINC01356	LINC01356
LINC01357	LINC01357
LINC01358	LINC01358
LINC01359	LINC01359
LINC01360	LINC01360
LINC01361	LINC01361
LINC01362	LINC01362
LINC01363	LINC01363
LINC01364	LINC01364
LINC01365	LINC01365
LINC01366	LINC01366
LINC01370	LINC01370
LINC01372	LINC01372
LINC01374	LINC01374
LINC01375	LINC01375
LINC01376	LINC01376
LINC01378	LINC01378
LINC01381	LINC01381
LINC01384	LINC01384
LINC01386	LINC01386
LINC01387	LINC01387
LINC01388	LINC01388
LINC01389	LINC01389
LINC01391	LINC01391
LINC01392	LINC01392
LINC01393	LINC01393
LINC01394	LINC01394
LINC01396	LINC01396
LINC01397	LINC01397
LINC01398	LINC01398
LINC01400	LINC01400
LINC01402	LINC01402
LINC01405	LINC01405
LINC01409	LINC01409
LINC01410	LINC01410
LINC01411	LINC01411
LINC01412	LINC01412
LINC01413	LINC01413
LINC01414	LINC01414
LINC01415	LINC01415
LINC01416	LINC01416
LINC01419	LINC01419
LINC01422	LINC01422
LINC01423	LINC01423
LINC01424	LINC01424
LINC01425	LINC01425
LINC01426	LINC01426
LINC01427	LINC01427
LINC01428	LINC01428
LINC01429	LINC01429
LINC01431	LINC01431
LINC01432	LINC01432
LINC01433	LINC01433
LINC01435	LINC01435
LINC01436	LINC01436
LINC01440	LINC01440
LINC01441	LINC01441
LINC01442	LINC01442
LINC01443	LINC01443
LINC01444	LINC01444
LINC01445	LINC01445
LINC01446	LINC01446
LINC01447	LINC01447
LINC01448	LINC01448
LINC01449	LINC01449
LINC01450	LINC01450
LINC01455	LINC01455
LINC01456	LINC01456
LINC01460	LINC01460
LINC01465	LINC01465
LINC01467	LINC01467
LINC01468	LINC01468
LINC01470	LINC01470
LINC01471	LINC01471
LINC01473	LINC01473
LINC01474	LINC01474
LINC01475	LINC01475
LINC01476	LINC01476
LINC01477	LINC01477
LINC01478	LINC01478
LINC01479	LINC01479
LINC01480	LINC01480
LINC01481	LINC01481
LINC01482	LINC01482
LINC01483	LINC01483
LINC01484	LINC01484
LINC01485	LINC01485
LINC01487	LINC01487
LINC01488	LINC01488
LINC01489	LINC01489
LINC01490	LINC01490
LINC01491	LINC01491
LINC01492	LINC01492
LINC01493	LINC01493
LINC01494	LINC01494
LINC01495	LINC01495
LINC01496	LINC01496
LINC01497	LINC01497
LINC01498	LINC01498
LINC01499	LINC01499
LINC01500	LINC01500
LINC01501	LINC01501
LINC01502	LINC01502
LINC01503	LINC01503
LINC01504	LINC01504
LINC01505	LINC01505
LINC01506	LINC01506
LINC01507	LINC01507
LINC01508	LINC01508
LINC01509	LINC01509
LINC01510	LINC01510
LINC01511	LINC01511
LINC01513	LINC01513
LINC01514	LINC01514
LINC01515	LINC01515
LINC01516	LINC01516
LINC01517	LINC01517
LINC01518	LINC01518
LINC01520	LINC01520
LINC01521	LINC01521
LINC01522	LINC01522
LINC01524	LINC01524
LINC01525	LINC01525
LINC01527	LINC01527
LINC01531	LINC01531
LINC01532	LINC01532
LINC01533	LINC01533
LINC01534	LINC01534
LINC01535	LINC01535
LINC01537	LINC01537
LINC01538	LINC01538
LINC01539	LINC01539
LINC01541	LINC01541
LINC01543	LINC01543
LINC01544	LINC01544
LINC01545	LINC01545
LINC01546	LINC01546
LINC01547	LINC01547
LINC01548	LINC01548
LINC01549	LINC01549
LINC01550	LINC01550
LINC01551	LINC01551
LINC01553	LINC01553
LINC01554	LINC01554
LINC01555	LINC01555
LINC01556	LINC01556
LINC01558	LINC01558
LINC01559	LINC01559
LINC01560	LINC01560
LINC01561	LINC01561
LINC01562	LINC01562
LINC01563	LINC01563
LINC01564	LINC01564
LINC01565	LINC01565
LINC01566	LINC01566
LINC01567	LINC01567
LINC01568	LINC01568
LINC01569	LINC01569
LINC01570	LINC01570
LINC01571	LINC01571
LINC01572	LINC01572
LINC01574	LINC01574
LINC01578	LINC01578
LINC01579	LINC01579
LINC01580	LINC01580
LINC01581	LINC01581
LINC01582	LINC01582
LINC01583	LINC01583
LINC01584	LINC01584
LINC01585	LINC01585
LINC01586	LINC01586
LINC01588	LINC01588
LINC01589	LINC01589
LINC01591	LINC01591
LINC01592	LINC01592
LINC01594	LINC01594
LINC01595	LINC01595
LINC01596	LINC01596
LINC01597	LINC01597
LINC01598	LINC01598
LINC01600	LINC01600
LINC01602	LINC01602
LINC01603	LINC01603
LINC01605	LINC01605
LINC01606	LINC01606
LINC01607	LINC01607
LINC01608	LINC01608
LINC01609	LINC01609
LINC01611	LINC01611
LINC01612	LINC01612
LINC01614	LINC01614
LINC01615	LINC01615
LINC01616	LINC01616
LINC01618	LINC01618
LINC01619	LINC01619
LINC01620	LINC01620
LINC01621	LINC01621
LINC01622	LINC01622
LINC01623	LINC01623
LINC01624	LINC01624
LINC01625	LINC01625
LINC01626	LINC01626
LINC01627	LINC01627
LINC01629	LINC01629
LINC01630	LINC01630
LINC01632	LINC01632
LINC01633	LINC01633
LINC01634	LINC01634
LINC01635	LINC01635
LINC01637	LINC01637
LINC01638	LINC01638
LINC01639	LINC01639
LINC01640	LINC01640
LINC01641	LINC01641
LINC01643	LINC01643
LINC01644	LINC01644
LINC01645	LINC01645
LINC01646	LINC01646
LINC01647	LINC01647
LINC01648	LINC01648
LINC01649	LINC01649
LINC01653	LINC01653
LINC01654	LINC01654
LINC01655	LINC01655
LINC01657	LINC01657
LINC01658	LINC01658
LINC01659	LINC01659
LINC01660	LINC01660
LINC01661	LINC01661
LINC01662	LINC01662
LINC01663	LINC01663
LINC01664	LINC01664
LINC01665	LINC01665
LINC01666	LINC01666
LINC01667	LINC01667
LINC01668	LINC01668
LINC01669	LINC01669
LINC01671	LINC01671
LINC01672	LINC01672
LINC01673	LINC01673
LINC01674	LINC01674
LINC01675	LINC01675
LINC01676	LINC01676
LINC01677	LINC01677
LINC01678	LINC01678
LINC01679	LINC01679
LINC01680	LINC01680
LINC01681	LINC01681
LINC01682	LINC01682
LINC01683	LINC01683
LINC01684	LINC01684
LINC01685	LINC01685
LINC01686	LINC01686
LINC01687	LINC01687
LINC01689	LINC01689
LINC01690	LINC01690
LINC01691	LINC01691
LINC01692	LINC01692
LINC01693	LINC01693
LINC01694	LINC01694
LINC01695	LINC01695
LINC01697	LINC01697
LINC01698	LINC01698
LINC01699	LINC01699
LINC01700	LINC01700
LINC01701	LINC01701
LINC01702	LINC01702
LINC01703	LINC01703
LINC01704	LINC01704
LINC01705	LINC01705
LINC01706	LINC01706
LINC01707	LINC01707
LINC01708	LINC01708
LINC01709	LINC01709
LINC01710	LINC01710
LINC01711	LINC01711
LINC01712	LINC01712
LINC01713	LINC01713
LINC01714	LINC01714
LINC01715	LINC01715
LINC01716	LINC01716
LINC01717	LINC01717
LINC01719	LINC01719
LINC01720	LINC01720
LINC01721	LINC01721
LINC01722	LINC01722
LINC01723	LINC01723
LINC01724	LINC01724
LINC01725	LINC01725
LINC01726	LINC01726
LINC01727	LINC01727
LINC01729	LINC01729
LINC01730	LINC01730
LINC01731	LINC01731
LINC01732	LINC01732
LINC01733	LINC01733
LINC01734	LINC01734
LINC01735	LINC01735
LINC01736	LINC01736
LINC01738	LINC01738
LINC01739	LINC01739
LINC01740	LINC01740
LINC01741	LINC01741
LINC01743	LINC01743
LINC01744	LINC01744
LINC01745	LINC01745
LINC01746	LINC01746
LINC01747	LINC01747
LINC01748	LINC01748
LINC01749	LINC01749
LINC01750	LINC01750
LINC01752	LINC01752
LINC01753	LINC01753
LINC01754	LINC01754
LINC01755	LINC01755
LINC01756	LINC01756
LINC01759	LINC01759
LINC01760	LINC01760
LINC01761	LINC01761
LINC01762	LINC01762
LINC01763	LINC01763
LINC01764	LINC01764
LINC01765	LINC01765
LINC01766	LINC01766
LINC01767	LINC01767
LINC01768	LINC01768
LINC01770	LINC01770
LINC01771	LINC01771
LINC01772	LINC01772
LINC01774	LINC01774
LINC01775	LINC01775
LINC01776	LINC01776
LINC01777	LINC01777
LINC01778	LINC01778
LINC01779	LINC01779
LINC01780	LINC01780
LINC01781	LINC01781
LINC01782	LINC01782
LINC01783	LINC01783
LINC01785	LINC01785
LINC01786	LINC01786
LINC01787	LINC01787
LINC01788	LINC01788
LINC01789	LINC01789
LINC01790	LINC01790
LINC01791	LINC01791
LINC01792	LINC01792
LINC01793	LINC01793
LINC01794	LINC01794
LINC01795	LINC01795
LINC01796	LINC01796
LINC01797	LINC01797
LINC01798	LINC01798
LINC01799	LINC01799
LINC01800	LINC01800
LINC01801	LINC01801
LINC01802	LINC01802
LINC01804	LINC01804
LINC01805	LINC01805
LINC01806	LINC01806
LINC01807	LINC01807
LINC01808	LINC01808
LINC01811	LINC01811
LINC01812	LINC01812
LINC01813	LINC01813
LINC01814	LINC01814
LINC01815	LINC01815
LINC01816	LINC01816
LINC01817	LINC01817
LINC01818	LINC01818
LINC01819	LINC01819
LINC01820	LINC01820
LINC01821	LINC01821
LINC01822	LINC01822
LINC01823	LINC01823
LINC01824	LINC01824
LINC01825	LINC01825
LINC01826	LINC01826
LINC01827	LINC01827
LINC01828	LINC01828
LINC01829	LINC01829
LINC01830	LINC01830
LINC01831	LINC01831
LINC01832	LINC01832
LINC01833	LINC01833
LINC01836	LINC01836
LINC01837	LINC01837
LINC01838	LINC01838
LINC01839	LINC01839
LINC01840	LINC01840
LINC01841	LINC01841
LINC01842	LINC01842
LINC01843	LINC01843
LINC01844	LINC01844
LINC01845	LINC01845
LINC01846	LINC01846
LINC01847	LINC01847
LINC01848	LINC01848
LINC01849	LINC01849
LINC01850	LINC01850
LINC01851	LINC01851
LINC01852	LINC01852
LINC01853	LINC01853
LINC01854	LINC01854
LINC01856	LINC01856
LINC01857	LINC01857
LINC01858	LINC01858
LINC01859	LINC01859
LINC01861	LINC01861
LINC01862	LINC01862
LINC01863	LINC01863
LINC01864	LINC01864
LINC01865	LINC01865
LINC01866	LINC01866
LINC01868	LINC01868
LINC01869	LINC01869
LINC01870	LINC01870
LINC01871	LINC01871
LINC01872	LINC01872
LINC01873	LINC01873
LINC01874	LINC01874
LINC01876	LINC01876
LINC01877	LINC01877
LINC01878	LINC01878
LINC01879	LINC01879
LINC01880	LINC01880
LINC01883	LINC01883
LINC01884	LINC01884
LINC01885	LINC01885
LINC01886	LINC01886
LINC01887	LINC01887
LINC01888	LINC01888
LINC01889	LINC01889
LINC01890	LINC01890
LINC01891	LINC01891
LINC01892	LINC01892
LINC01893	LINC01893
LINC01894	LINC01894
LINC01895	LINC01895
LINC01896	LINC01896
LINC01898	LINC01898
LINC01899	LINC01899
LINC01900	LINC01900
LINC01901	LINC01901
LINC01902	LINC01902
LINC01903	LINC01903
LINC01904	LINC01904
LINC01905	LINC01905
LINC01906	LINC01906
LINC01907	LINC01907
LINC01908	LINC01908
LINC01909	LINC01909
LINC01910	LINC01910
LINC01911	LINC01911
LINC01912	LINC01912
LINC01913	LINC01913
LINC01914	LINC01914
LINC01915	LINC01915
LINC01916	LINC01916
LINC01917	LINC01917
LINC01918	LINC01918
LINC01919	LINC01919
LINC01920	LINC01920
LINC01921	LINC01921
LINC01923	LINC01923
LINC01924	LINC01924
LINC01925	LINC01925
LINC01926	LINC01926
LINC01927	LINC01927
LINC01928	LINC01928
LINC01929	LINC01929
LINC01931	LINC01931
LINC01933	LINC01933
LINC01934	LINC01934
LINC01935	LINC01935
LINC01936	LINC01936
LINC01937	LINC01937
LINC01938	LINC01938
LINC01939	LINC01939
LINC01940	LINC01940
LINC01942	LINC01942
LINC01943	LINC01943
LINC01944	LINC01944
LINC01945	LINC01945
LINC01946	LINC01946
LINC01947	LINC01947
LINC01948	LINC01948
LINC01949	LINC01949
LINC01950	LINC01950
LINC01951	LINC01951
LINC01952	LINC01952
LINC01953	LINC01953
LINC01954	LINC01954
LINC01956	LINC01956
LINC01958	LINC01958
LINC01959	LINC01959
LINC01962	LINC01962
LINC01963	LINC01963
LINC01964	LINC01964
LINC01965	LINC01965
LINC01966	LINC01966
LINC01967	LINC01967
LINC01968	LINC01968
LINC01970	LINC01970
LINC01971	LINC01971
LINC01972	LINC01972
LINC01973	LINC01973
LINC01975	LINC01975
LINC01976	LINC01976
LINC01977	LINC01977
LINC01978	LINC01978
LINC01979	LINC01979
LINC01980	LINC01980
LINC01982	LINC01982
LINC01983	LINC01983
LINC01984	LINC01984
LINC01985	LINC01985
LINC01986	LINC01986
LINC01987	LINC01987
LINC01988	LINC01988
LINC01989	LINC01989
LINC01990	LINC01990
LINC01991	LINC01991
LINC01992	LINC01992
LINC01993	LINC01993
LINC01994	LINC01994
LINC01995	LINC01995
LINC01996	LINC01996
LINC01997	LINC01997
LINC01998	LINC01998
LINC01999	LINC01999
LINC02001	LINC02001
LINC02002	LINC02002
LINC02003	LINC02003
LINC02004	LINC02004
LINC02005	LINC02005
LINC02006	LINC02006
LINC02008	LINC02008
LINC02009	LINC02009
LINC02011	LINC02011
LINC02012	LINC02012
LINC02013	LINC02013
LINC02014	LINC02014
LINC02015	LINC02015
LINC02016	LINC02016
LINC02017	LINC02017
LINC02018	LINC02018
LINC02019	LINC02019
LINC02020	LINC02020
LINC02021	LINC02021
LINC02022	LINC02022
LINC02023	LINC02023
LINC02024	LINC02024
LINC02025	LINC02025
LINC02026	LINC02026
LINC02027	LINC02027
LINC02028	LINC02028
LINC02029	LINC02029
LINC02030	LINC02030
LINC02031	LINC02031
LINC02032	LINC02032
LINC02033	LINC02033
LINC02035	LINC02035
LINC02036	LINC02036
LINC02037	LINC02037
LINC02039	LINC02039
LINC02040	LINC02040
LINC02042	LINC02042
LINC02043	LINC02043
LINC02044	LINC02044
LINC02045	LINC02045
LINC02046	LINC02046
LINC02047	LINC02047
LINC02048	LINC02048
LINC02049	LINC02049
LINC02050	LINC02050
LINC02052	LINC02052
LINC02053	LINC02053
LINC02054	LINC02054
LINC02055	LINC02055
LINC02056	LINC02056
LINC02057	LINC02057
LINC02058	LINC02058
LINC02059	LINC02059
LINC02060	LINC02060
LINC02061	LINC02061
LINC02062	LINC02062
LINC02063	LINC02063
LINC02064	LINC02064
LINC02065	LINC02065
LINC02066	LINC02066
LINC02067	LINC02067
LINC02068	LINC02068
LINC02069	LINC02069
LINC02070	LINC02070
LINC02071	LINC02071
LINC02072	LINC02072
LINC02073	LINC02073
LINC02074	LINC02074
LINC02076	LINC02076
LINC02077	LINC02077
LINC02078	LINC02078
LINC02080	LINC02080
LINC02081	LINC02081
LINC02082	LINC02082
LINC02083	LINC02083
LINC02084	LINC02084
LINC02085	LINC02085
LINC02086	LINC02086
LINC02087	LINC02087
LINC02088	LINC02088
LINC02089	LINC02089
LINC02090	LINC02090
LINC02091	LINC02091
LINC02092	LINC02092
LINC02093	LINC02093
LINC02094	LINC02094
LINC02096	LINC02096
LINC02097	LINC02097
LINC02098	LINC02098
LINC02099	LINC02099
LINC02100	LINC02100
LINC02101	LINC02101
LINC02102	LINC02102
LINC02104	LINC02104
LINC02105	LINC02105
LINC02106	LINC02106
LINC02107	LINC02107
LINC02108	LINC02108
LINC02109	LINC02109
LINC02111	LINC02111
LINC02112	LINC02112
LINC02113	LINC02113
LINC02115	LINC02115
LINC02117	LINC02117
LINC02118	LINC02118
LINC02119	LINC02119
LINC02120	LINC02120
LINC02121	LINC02121
LINC02122	LINC02122
LINC02123	LINC02123
LINC02124	LINC02124
LINC02125	LINC02125
LINC02126	LINC02126
LINC02127	LINC02127
LINC02128	LINC02128
LINC02129	LINC02129
LINC02130	LINC02130
LINC02131	LINC02131
LINC02133	LINC02133
LINC02134	LINC02134
LINC02135	LINC02135
LINC02136	LINC02136
LINC02137	LINC02137
LINC02138	LINC02138
LINC02139	LINC02139
LINC02140	LINC02140
LINC02141	LINC02141
LINC02142	LINC02142
LINC02143	LINC02143
LINC02144	LINC02144
LINC02145	LINC02145
LINC02146	LINC02146
LINC02147	LINC02147
LINC02148	LINC02148
LINC02149	LINC02149
LINC02150	LINC02150
LINC02151	LINC02151
LINC02153	LINC02153
LINC02154	LINC02154
LINC02156	LINC02156
LINC02158	LINC02158
LINC02160	LINC02160
LINC02161	LINC02161
LINC02162	LINC02162
LINC02163	LINC02163
LINC02165	LINC02165
LINC02166	LINC02166
LINC02167	LINC02167
LINC02168	LINC02168
LINC02169	LINC02169
LINC02170	LINC02170
LINC02172	LINC02172
LINC02173	LINC02173
LINC02174	LINC02174
LINC02175	LINC02175
LINC02176	LINC02176
LINC02177	LINC02177
LINC02178	LINC02178
LINC02180	LINC02180
LINC02181	LINC02181
LINC02182	LINC02182
LINC02183	LINC02183
LINC02185	LINC02185
LINC02186	LINC02186
LINC02188	LINC02188
LINC02189	LINC02189
LINC02190	LINC02190
LINC02191	LINC02191
LINC02192	LINC02192
LINC02193	LINC02193
LINC02195	LINC02195
LINC02196	LINC02196
LINC02197	LINC02197
LINC02198	LINC02198
LINC02199	LINC02199
LINC02200	LINC02200
LINC02201	LINC02201
LINC02202	LINC02202
LINC02203	LINC02203
LINC02204	LINC02204
LINC02206	LINC02206
LINC02207	LINC02207
LINC02208	LINC02208
LINC02209	LINC02209
LINC02210-CRHR1	LINC02210-CRHR1
LINC02211	LINC02211
LINC02212	LINC02212
LINC02213	LINC02213
LINC02214	LINC02214
LINC02215	LINC02215
LINC02216	LINC02216
LINC02217	LINC02217
LINC02218	LINC02218
LINC02219	LINC02219
LINC02220	LINC02220
LINC02221	LINC02221
LINC02223	LINC02223
LINC02224	LINC02224
LINC02226	LINC02226
LINC02227	LINC02227
LINC02228	LINC02228
LINC02231	LINC02231
LINC02232	LINC02232
LINC02233	LINC02233
LINC02234	LINC02234
LINC02235	LINC02235
LINC02236	LINC02236
LINC02237	LINC02237
LINC02238	LINC02238
LINC02239	LINC02239
LINC02240	LINC02240
LINC02241	LINC02241
LINC02242	LINC02242
LINC02243	LINC02243
LINC02244	LINC02244
LINC02245	LINC02245
LINC02246	LINC02246
LINC02248	LINC02248
LINC02249	LINC02249
LINC02250	LINC02250
LINC02251	LINC02251
LINC02252	LINC02252
LINC02253	LINC02253
LINC02254	LINC02254
LINC02255	LINC02255
LINC02256	LINC02256
LINC02257	LINC02257
LINC02258	LINC02258
LINC02259	LINC02259
LINC02260	LINC02260
LINC02261	LINC02261
LINC02262	LINC02262
LINC02263	LINC02263
LINC02264	LINC02264
LINC02265	LINC02265
LINC02266	LINC02266
LINC02267	LINC02267
LINC02268	LINC02268
LINC02269	LINC02269
LINC02270	LINC02270
LINC02271	LINC02271
LINC02272	LINC02272
LINC02273	LINC02273
LINC02274	LINC02274
LINC02275	LINC02275
LINC02276	LINC02276
LINC02277	LINC02277
LINC02278	LINC02278
LINC02279	LINC02279
LINC02280	LINC02280
LINC02281	LINC02281
LINC02282	LINC02282
LINC02283	LINC02283
LINC02284	LINC02284
LINC02285	LINC02285
LINC02286	LINC02286
LINC02287	LINC02287
LINC02288	LINC02288
LINC02289	LINC02289
LINC02290	LINC02290
LINC02291	LINC02291
LINC02292	LINC02292
LINC02293	LINC02293
LINC02294	LINC02294
LINC02295	LINC02295
LINC02296	LINC02296
LINC02298	LINC02298
LINC02299	LINC02299
LINC02300	LINC02300
LINC02301	LINC02301
LINC02302	LINC02302
LINC02303	LINC02303
LINC02304	LINC02304
LINC02306	LINC02306
LINC02307	LINC02307
LINC02308	LINC02308
LINC02309	LINC02309
LINC02310	LINC02310
LINC02311	LINC02311
LINC02312	LINC02312
LINC02313	LINC02313
LINC02314	LINC02314
LINC02315	LINC02315
LINC02316	LINC02316
LINC02317	LINC02317
LINC02318	LINC02318
LINC02319	LINC02319
LINC02320	LINC02320
LINC02321	LINC02321
LINC02322	LINC02322
LINC02323	LINC02323
LINC02324	LINC02324
LINC02325	LINC02325
LINC02326	LINC02326
LINC02327	LINC02327
LINC02328	LINC02328
LINC02330	LINC02330
LINC02331	LINC02331
LINC02332	LINC02332
LINC02333	LINC02333
LINC02334	LINC02334
LINC02335	LINC02335
LINC02336	LINC02336
LINC02337	LINC02337
LINC02338	LINC02338
LINC02340	LINC02340
LINC02341	LINC02341
LINC02342	LINC02342
LINC02343	LINC02343
LINC02344	LINC02344
LINC02345	LINC02345
LINC02346	LINC02346
LINC02347	LINC02347
LINC02351	LINC02351
LINC02352	LINC02352
LINC02354	LINC02354
LINC02355	LINC02355
LINC02356	LINC02356
LINC02357	LINC02357
LINC02358	LINC02358
LINC02359	LINC02359
LINC02360	LINC02360
LINC02361	LINC02361
LINC02362	LINC02362
LINC02363	LINC02363
LINC02364	LINC02364
LINC02365	LINC02365
LINC02366	LINC02366
LINC02367	LINC02367
LINC02369	LINC02369
LINC02370	LINC02370
LINC02371	LINC02371
LINC02372	LINC02372
LINC02373	LINC02373
LINC02375	LINC02375
LINC02376	LINC02376
LINC02377	LINC02377
LINC02378	LINC02378
LINC02380	LINC02380
LINC02381	LINC02381
LINC02383	LINC02383
LINC02384	LINC02384
LINC02385	LINC02385
LINC02386	LINC02386
LINC02387	LINC02387
LINC02388	LINC02388
LINC02389	LINC02389
LINC02390	LINC02390
LINC02391	LINC02391
LINC02392	LINC02392
LINC02393	LINC02393
LINC02394	LINC02394
LINC02395	LINC02395
LINC02396	LINC02396
LINC02397	LINC02397
LINC02398	LINC02398
LINC02400	LINC02400
LINC02401	LINC02401
LINC02402	LINC02402
LINC02403	LINC02403
LINC02404	LINC02404
LINC02405	LINC02405
LINC02406	LINC02406
LINC02407	LINC02407
LINC02408	LINC02408
LINC02409	LINC02409
LINC02410	LINC02410
LINC02412	LINC02412
LINC02413	LINC02413
LINC02414	LINC02414
LINC02415	LINC02415
LINC02416	LINC02416
LINC02417	LINC02417
LINC02418	LINC02418
LINC02420	LINC02420
LINC02421	LINC02421
LINC02422	LINC02422
LINC02423	LINC02423
LINC02424	LINC02424
LINC02425	LINC02425
LINC02426	LINC02426
LINC02427	LINC02427
LINC02428	LINC02428
LINC02429	LINC02429
LINC02430	LINC02430
LINC02431	LINC02431
LINC02432	LINC02432
LINC02433	LINC02433
LINC02435	LINC02435
LINC02436	LINC02436
LINC02437	LINC02437
LINC02438	LINC02438
LINC02439	LINC02439
LINC02440	LINC02440
LINC02442	LINC02442
LINC02443	LINC02443
LINC02444	LINC02444
LINC02445	LINC02445
LINC02446	LINC02446
LINC02447	LINC02447
LINC02448	LINC02448
LINC02449	LINC02449
LINC02450	LINC02450
LINC02451	LINC02451
LINC02452	LINC02452
LINC02453	LINC02453
LINC02454	LINC02454
LINC02455	LINC02455
LINC02456	LINC02456
LINC02457	LINC02457
LINC02458	LINC02458
LINC02461	LINC02461
LINC02462	LINC02462
LINC02463	LINC02463
LINC02464	LINC02464
LINC02465	LINC02465
LINC02466	LINC02466
LINC02468	LINC02468
LINC02469	LINC02469
LINC02470	LINC02470
LINC02471	LINC02471
LINC02472	LINC02472
LINC02473	LINC02473
LINC02474	LINC02474
LINC02475	LINC02475
LINC02476	LINC02476
LINC02477	LINC02477
LINC02478	LINC02478
LINC02479	LINC02479
LINC02482	LINC02482
LINC02483	LINC02483
LINC02484	LINC02484
LINC02485	LINC02485
LINC02487	LINC02487
LINC02488	LINC02488
LINC02489	LINC02489
LINC02490	LINC02490
LINC02492	LINC02492
LINC02493	LINC02493
LINC02494	LINC02494
LINC02496	LINC02496
LINC02497	LINC02497
LINC02498	LINC02498
LINC02499	LINC02499
LINC02500	LINC02500
LINC02501	LINC02501
LINC02502	LINC02502
LINC02503	LINC02503
LINC02504	LINC02504
LINC02505	LINC02505
LINC02506	LINC02506
LINC02507	LINC02507
LINC02508	LINC02508
LINC02509	LINC02509
LINC02510	LINC02510
LINC02511	LINC02511
LINC02512	LINC02512
LINC02513	LINC02513
LINC02515	LINC02515
LINC02516	LINC02516
LINC02517	LINC02517
LINC02518	LINC02518
LINC02519	LINC02519
LINC02520	LINC02520
LINC02521	LINC02521
LINC02522	LINC02522
LINC02523	LINC02523
LINC02525	LINC02525
LINC02526	LINC02526
LINC02527	LINC02527
LINC02528	LINC02528
LINC02529	LINC02529
LINC02532	LINC02532
LINC02533	LINC02533
LINC02534	LINC02534
LINC02535	LINC02535
LINC02536	LINC02536
LINC02537	LINC02537
LINC02538	LINC02538
LINC02539	LINC02539
LINC02540	LINC02540
LINC02541	LINC02541
LINC02542	LINC02542
LINC02543	LINC02543
LINC02544	LINC02544
LINC02546	LINC02546
LINC02547	LINC02547
LINC02548	LINC02548
LINC02549	LINC02549
LINC02550	LINC02550
LINC02551	LINC02551
LINC02552	LINC02552
LINC02553	LINC02553
LINC02554	LINC02554
LINC02555	LINC02555
LINC02556	LINC02556
LINC02558	LINC02558
LINC02560	LINC02560
LINC02561	LINC02561
LINC02564	LINC02564
LINC02567	LINC02567
LINC02568	LINC02568
LINC02569	LINC02569
LINC02570	LINC02570
LINC02572	LINC02572
LINC02574	LINC02574
LINC02575	LINC02575
LINC02576	LINC02576
LINC02577	LINC02577
LINC02578	LINC02578
LINC02579	LINC02579
LINC02580	LINC02580
LINC02582	LINC02582
LINC02583	LINC02583
LINC02585	LINC02585
LINC02586	LINC02586
LINC02587	LINC02587
LINC02588	LINC02588
LINC02590	LINC02590
LINC02591	LINC02591
LINC02593	LINC02593
LINC02594	LINC02594
LINC02595	LINC02595
LINC02596	LINC02596
LINC02598	LINC02598
LINC02599	LINC02599
LINC02600	LINC02600
LINC02601	LINC02601
LINC02603	LINC02603
LINC02604	LINC02604
LINC02605	LINC02605
LINC02606	LINC02606
LINC02607	LINC02607
LINC02608	LINC02608
LINC02609	LINC02609
LINC02610	LINC02610
LINC02611	LINC02611
LINC02612	LINC02612
LINC02613	LINC02613
LINC02614	LINC02614
LINC02615	LINC02615
LINC02616	LINC02616
LINC02621	LINC02621
LINC02624	LINC02624
LINC02625	LINC02625
LINC02626	LINC02626
LINC02627	LINC02627
LINC02628	LINC02628
LINC02631	LINC02631
LINC02632	LINC02632
LINC02633	LINC02633
LINC02634	LINC02634
LINC02635	LINC02635
LINC02636	LINC02636
LINC02637	LINC02637
LINC02640	LINC02640
LINC02641	LINC02641
LINC02642	LINC02642
LINC02643	LINC02643
LINC02645	LINC02645
LINC02646	LINC02646
LINC02647	LINC02647
LINC02648	LINC02648
LINC02649	LINC02649
LINC02650	LINC02650
LINC02652	LINC02652
LINC02653	LINC02653
LINC02654	LINC02654
LINC02656	LINC02656
LINC02657	LINC02657
LINC02660	LINC02660
LINC02661	LINC02661
LINC02662	LINC02662
LINC02663	LINC02663
LINC02664	LINC02664
LINC02665	LINC02665
LINC02666	LINC02666
LINC02668	LINC02668
LINC02669	LINC02669
LINC02670	LINC02670
LINC02671	LINC02671
LINC02672	LINC02672
LINC02673	LINC02673
LINC02674	LINC02674
LINC02675	LINC02675
LINC02679	LINC02679
LINC02680	LINC02680
LINC02681	LINC02681
LINC02682	LINC02682
LINC02686	LINC02686
LINC02687	LINC02687
LINC02688	LINC02688
LINC02689	LINC02689
LINC02691	LINC02691
LINC02693	LINC02693
LINC02694	LINC02694
LINC02695	LINC02695
LINC02696	LINC02696
LINC02698	LINC02698
LINC02699	LINC02699
LINC02700	LINC02700
LINC02701	LINC02701
LINC02702	LINC02702
LINC02703	LINC02703
LINC02705	LINC02705
LINC02707	LINC02707
LINC02709	LINC02709
LINC02710	LINC02710
LINC02712	LINC02712
LINC02713	LINC02713
LINC02714	LINC02714
LINC02715	LINC02715
LINC02716	LINC02716
LINC02717	LINC02717
LINC02718	LINC02718
LINC02719	LINC02719
LINC02720	LINC02720
LINC02723	LINC02723
LINC02724	LINC02724
LINC02725	LINC02725
LINC02726	LINC02726
LINC02728	LINC02728
LINC02730	LINC02730
LINC02731	LINC02731
LINC02732	LINC02732
LINC02733	LINC02733
LINC02734	LINC02734
LINC02735	LINC02735
LINC02736	LINC02736
LINC02737	LINC02737
LINC02739	LINC02739
LINC02740	LINC02740
LINC02741	LINC02741
LINC02742	LINC02742
LINC02743	LINC02743
LINC02744	LINC02744
LINC02745	LINC02745
LINC02746	LINC02746
LINC02747	LINC02747
LINC02748	LINC02748
LINC02749	LINC02749
LINC02750	LINC02750
LINC02751	LINC02751
LINC02752	LINC02752
LINC02753	LINC02753
LINC02754	LINC02754
LINC02755	LINC02755
LINC02756	LINC02756
LINC02757	LINC02757
LINC02758	LINC02758
LINC02759	LINC02759
LINC02760	LINC02760
LINC02761	LINC02761
LINC02762	LINC02762
LINC02763	LINC02763
LINC02764	LINC02764
LINC02765	LINC02765
LINC02766	LINC02766
LINC02767	LINC02767
LINC02768	LINC02768
LINC02769	LINC02769
LINC02770	LINC02770
LINC02771	LINC02771
LINC02773	LINC02773
LINC02774	LINC02774
LINC02775	LINC02775
LINC02776	LINC02776
LINC02777	LINC02777
LINC02778	LINC02778
LINC02780	LINC02780
LINC02783	LINC02783
LINC02785	LINC02785
LINC02786	LINC02786
LINC02788	LINC02788
LINC02789	LINC02789
LINC02790	LINC02790
LINC02791	LINC02791
LINC02794	LINC02794
LINC02795	LINC02795
LINC02796	LINC02796
LINC02797	LINC02797
LINC02798	LINC02798
LINC02800	LINC02800
LINC02801	LINC02801
LINC02802	LINC02802
LINC02803	LINC02803
LINC02804	LINC02804
LINC02805	LINC02805
LINC02808	LINC02808
LINC02809	LINC02809
LINC02810	LINC02810
LINC02811	LINC02811
LINC02812	LINC02812
LINC02813	LINC02813
LINC02814	LINC02814
LINC02815	LINC02815
LINC02816	LINC02816
LINC02817	LINC02817
LINC02818	LINC02818
LINC02819	LINC02819
LINC02820	LINC02820
LINC02821	LINC02821
LINC02822	LINC02822
LINC02823	LINC02823
LINC02824	LINC02824
LINC02825	LINC02825
LINC02826	LINC02826
LINC02827	LINC02827
LINC02828	LINC02828
LINC02830	LINC02830
LINC02831	LINC02831
LINC02832	LINC02832
LINC02834	LINC02834
LINC02835	LINC02835
LINC02836	LINC02836
LINC02838	LINC02838
LINC02839	LINC02839
LINC02840	LINC02840
LINC02841	LINC02841
LINC02842	LINC02842
LINC02843	LINC02843
LINC02846	LINC02846
LINC02847	LINC02847
LINC02848	LINC02848
LINC02849	LINC02849
LINC02851	LINC02851
LINC02853	LINC02853
LINC02854	LINC02854
LINC02855	LINC02855
LINC02857	LINC02857
LINC02858	LINC02858
LINC02860	LINC02860
LINC2194	LINC2194
LINCADL	LINCADL
LINCMD1	LINCMD1
LINGO1	LINGO1
LINGO1-AS1	LINGO1-AS1
LINGO1-AS2	LINGO1-AS2
LINGO2	LINGO2
LINGO3	LINGO3
LINGO4	LINGO4
LINP1	LINP1
LINS1	LINS1
LIPA	LIPA
LIPC	LIPC
LIPC-AS1	LIPC-AS1
LIPE	LIPE
LIPE-AS1	LIPE-AS1
LIPF	LIPF
LIPG	LIPG
LIPH	LIPH
LIPI	LIPI
LIPJ	LIPJ
LIPK	LIPK
LIPM	LIPM
LIPN	LIPN
LIPT1	LIPT1
LIPT2	LIPT2
LITAF	LITAF
LITAFD	LITAFD
LIVAR	LIVAR
LIX1	LIX1
LIX1-AS1	LIX1-AS1
LIX1L	LIX1L
LIX1L-AS1	LIX1L-AS1
LKAAEAR1	LKAAEAR1
LLCFC1	LLCFC1
LLGL1	LLGL1
LLGL2	LLGL2
LLPH	LLPH
LLPH-DT	LLPH-DT
LMAN1	LMAN1
LMAN1L	LMAN1L
LMAN2	LMAN2
LMAN2L	LMAN2L
LMBR1	LMBR1
LMBR1L	LMBR1L
LMBRD1	LMBRD1
LMBRD2	LMBRD2
LMCD1	LMCD1
LMCD1-AS1	LMCD1-AS1
LMF1	LMF1
LMF1-AS1	LMF1-AS1
LMF2	LMF2
LMLN	LMLN
LMLN-AS1	LMLN-AS1
LMLN2	LMLN2
LMNA	LMNA
LMNB1	LMNB1
LMNB1-DT	LMNB1-DT
LMNB2	LMNB2
LMNTD1	LMNTD1
LMNTD2	LMNTD2
LMO1	LMO1
LMO2	LMO2
LMO3	LMO3
LMO4	LMO4
LMO7	LMO7
LMO7-AS1	LMO7-AS1
LMO7DN	LMO7DN
LMOD1	LMOD1
LMOD2	LMOD2
LMOD3	LMOD3
LMTK2	LMTK2
LMTK3	LMTK3
LMX1A	LMX1A
LMX1B	LMX1B
LNCAROD	LNCAROD
LNCARSR	LNCARSR
LNCNEF	LNCNEF
LNCOC1	LNCOC1
LNCOG	LNCOG
LNCPRESS1	LNCPRESS1
LNCPRESS2	LNCPRESS2
LNCSRLR	LNCSRLR
LNCTAM34A	LNCTAM34A
LNP1	LNP1
LNPEP	LNPEP
LNPK	LNPK
LNX1	LNX1
LNX1-AS1	LNX1-AS1
LNX1-AS2	LNX1-AS2
LNX2	LNX2
LOH12CR2	LOH12CR2
LONP1	LONP1
LONP2	LONP2
LONRF1	LONRF1
LONRF2	LONRF2
LONRF3	LONRF3
LOR	LOR
LOX	LOX
LOXHD1	LOXHD1
LOXL1	LOXL1
LOXL1-AS1	LOXL1-AS1
LOXL2	LOXL2
LOXL3	LOXL3
LOXL4	LOXL4
LPA	LPA
LPAR1	LPAR1
LPAR2	LPAR2
LPAR3	LPAR3
LPAR4	LPAR4
LPAR5	LPAR5
LPAR6	LPAR6
LPCAT1	LPCAT1
LPCAT2	LPCAT2
LPCAT3	LPCAT3
LPCAT4	LPCAT4
LPGAT1	LPGAT1
LPGAT1-AS1	LPGAT1-AS1
LPIN1	LPIN1
LPIN2	LPIN2
LPIN3	LPIN3
LPL	LPL
LPO	LPO
LPP	LPP
LPP-AS1	LPP-AS1
LPP-AS2	LPP-AS2
LPXN	LPXN
LRAT	LRAT
LRATD1	LRATD1
LRATD2	LRATD2
LRBA	LRBA
LRCH1	LRCH1
LRCH2	LRCH2
LRCH3	LRCH3
LRCH4	LRCH4
LRCOL1	LRCOL1
LRFN1	LRFN1
LRFN2	LRFN2
LRFN3	LRFN3
LRFN4	LRFN4
LRFN5	LRFN5
LRG1	LRG1
LRGUK	LRGUK
LRIF1	LRIF1
LRIG1	LRIG1
LRIG2	LRIG2
LRIG2-DT	LRIG2-DT
LRIG3	LRIG3
LRIT1	LRIT1
LRIT2	LRIT2
LRIT3	LRIT3
LRMDA	LRMDA
LRMP	LRMP
LRP1	LRP1
LRP1-AS	LRP1-AS
LRP10	LRP10
LRP11	LRP11
LRP12	LRP12
LRP1B	LRP1B
LRP2	LRP2
LRP2BP	LRP2BP
LRP3	LRP3
LRP4	LRP4
LRP4-AS1	LRP4-AS1
LRP5	LRP5
LRP5L	LRP5L
LRP6	LRP6
LRP8	LRP8
LRPAP1	LRPAP1
LRPPRC	LRPPRC
LRR1	LRR1
LRRC1	LRRC1
LRRC10B	LRRC10B
LRRC14	LRRC14
LRRC14B	LRRC14B
LRRC15	LRRC15
LRRC17	LRRC17
LRRC18	LRRC18
LRRC19	LRRC19
LRRC2	LRRC2
LRRC2-AS1	LRRC2-AS1
LRRC20	LRRC20
LRRC23	LRRC23
LRRC24	LRRC24
LRRC25	LRRC25
LRRC26	LRRC26
LRRC27	LRRC27
LRRC28	LRRC28
LRRC29	LRRC29
LRRC3	LRRC3
LRRC3-DT	LRRC3-DT
LRRC31	LRRC31
LRRC32	LRRC32
LRRC34	LRRC34
LRRC36	LRRC36
LRRC37A	LRRC37A
LRRC37A2	LRRC37A2
LRRC37A3	LRRC37A3
LRRC37B	LRRC37B
LRRC38	LRRC38
LRRC39	LRRC39
LRRC3B	LRRC3B
LRRC3C	LRRC3C
LRRC4	LRRC4
LRRC40	LRRC40
LRRC41	LRRC41
LRRC42	LRRC42
LRRC43	LRRC43
LRRC45	LRRC45
LRRC46	LRRC46
LRRC47	LRRC47
LRRC49	LRRC49
LRRC4B	LRRC4B
LRRC4C	LRRC4C
LRRC52	LRRC52
LRRC52-AS1	LRRC52-AS1
LRRC53	LRRC53
LRRC55	LRRC55
LRRC56	LRRC56
LRRC57	LRRC57
LRRC58	LRRC58
LRRC59	LRRC59
LRRC6	LRRC6
LRRC61	LRRC61
LRRC63	LRRC63
LRRC66	LRRC66
LRRC69	LRRC69
LRRC7	LRRC7
LRRC70	LRRC70
LRRC71	LRRC71
LRRC72	LRRC72
LRRC73	LRRC73
LRRC74A	LRRC74A
LRRC74B	LRRC74B
LRRC75A	LRRC75A
LRRC75B	LRRC75B
LRRC8A	LRRC8A
LRRC8B	LRRC8B
LRRC8C	LRRC8C
LRRC8C-DT	LRRC8C-DT
LRRC8D	LRRC8D
LRRC8E	LRRC8E
LRRC9	LRRC9
LRRCC1	LRRCC1
LRRD1	LRRD1
LRRFIP1	LRRFIP1
LRRFIP2	LRRFIP2
LRRIQ1	LRRIQ1
LRRIQ3	LRRIQ3
LRRIQ4	LRRIQ4
LRRK1	LRRK1
LRRK2	LRRK2
LRRN1	LRRN1
LRRN2	LRRN2
LRRN3	LRRN3
LRRN4	LRRN4
LRRN4CL	LRRN4CL
LRRTM1	LRRTM1
LRRTM2	LRRTM2
LRRTM3	LRRTM3
LRRTM4	LRRTM4
LRSAM1	LRSAM1
LRTM1	LRTM1
LRTM2	LRTM2
LRTOMT	LRTOMT
LRWD1	LRWD1
LSAMP	LSAMP
LSAMP-AS1	LSAMP-AS1
LSG1	LSG1
LSINCT5	LSINCT5
LSM1	LSM1
LSM10	LSM10
LSM11	LSM11
LSM12	LSM12
LSM14A	LSM14A
LSM14B	LSM14B
LSM2	LSM2
LSM3	LSM3
LSM4	LSM4
LSM5	LSM5
LSM6	LSM6
LSM7	LSM7
LSM8	LSM8
LSMEM1	LSMEM1
LSMEM2	LSMEM2
LSP1	LSP1
LSR	LSR
LSS	LSS
LST1	LST1
LTA	LTA
LTA4H	LTA4H
LTB	LTB
LTB4R	LTB4R
LTB4R2	LTB4R2
LTBP1	LTBP1
LTBP2	LTBP2
LTBP3	LTBP3
LTBP4	LTBP4
LTBR	LTBR
LTC4S	LTC4S
LTF	LTF
LTK	LTK
LTN1	LTN1
LTO1	LTO1
LTV1	LTV1
LUADT1	LUADT1
LUARIS	LUARIS
LUC7L	LUC7L
LUC7L2	LUC7L2
LUC7L3	LUC7L3
LUCAT1	LUCAT1
LUM	LUM
LUNAR1	LUNAR1
LURAP1	LURAP1
LURAP1L	LURAP1L
LURAP1L-AS1	LURAP1L-AS1
LUZP1	LUZP1
LUZP2	LUZP2
LUZP4	LUZP4
LVRN	LVRN
LXN	LXN
LY6D	LY6D
LY6E	LY6E
LY6E-DT	LY6E-DT
LY6G5B	LY6G5B
LY6G5C	LY6G5C
LY6G6C	LY6G6C
LY6G6D	LY6G6D
LY6G6E	LY6G6E
LY6G6F	LY6G6F
LY6G6F-LY6G6D	LY6G6F-LY6G6D
LY6H	LY6H
LY6K	LY6K
LY6L	LY6L
LY75	LY75
LY75-CD302	LY75-CD302
LY86	LY86
LY86-AS1	LY86-AS1
LY9	LY9
LY96	LY96
LYAR	LYAR
LYG1	LYG1
LYG2	LYG2
LYL1	LYL1
LYN	LYN
LYNX1	LYNX1
LYNX1-SLURP2	LYNX1-SLURP2
LYPD1	LYPD1
LYPD3	LYPD3
LYPD4	LYPD4
LYPD5	LYPD5
LYPD6	LYPD6
LYPD6B	LYPD6B
LYPD8	LYPD8
LYPLA1	LYPLA1
LYPLA2	LYPLA2
LYPLAL1	LYPLAL1
LYPLAL1-AS1	LYPLAL1-AS1
LYPLAL1-DT	LYPLAL1-DT
LYRM1	LYRM1
LYRM2	LYRM2
LYRM4	LYRM4
LYRM7	LYRM7
LYRM9	LYRM9
LYSMD1	LYSMD1
LYSMD2	LYSMD2
LYSMD3	LYSMD3
LYSMD4	LYSMD4
LYST	LYST
LYST-AS1	LYST-AS1
LYVE1	LYVE1
LYZ	LYZ
LYZL1	LYZL1
LYZL2	LYZL2
LYZL4	LYZL4
LYZL6	LYZL6
LZIC	LZIC
LZTFL1	LZTFL1
LZTR1	LZTR1
LZTS1	LZTS1
LZTS1-AS1	LZTS1-AS1
LZTS2	LZTS2
LZTS3	LZTS3
M1AP	M1AP
M6PR	M6PR
MAATS1	MAATS1
MAB21L1	MAB21L1
MAB21L2	MAB21L2
MAB21L3	MAB21L3
MAB21L4	MAB21L4
MACC1	MACC1
MACC1-AS1	MACC1-AS1
MACF1	MACF1
MACO1	MACO1
MACORIS	MACORIS
MACROD1	MACROD1
MACROD2	MACROD2
MACROD2-AS1	MACROD2-AS1
MACROD2-IT1	MACROD2-IT1
MAD1L1	MAD1L1
MAD2L1	MAD2L1
MAD2L1BP	MAD2L1BP
MAD2L2	MAD2L2
MADCAM1	MADCAM1
MADD	MADD
MAEA	MAEA
MAEL	MAEL
MAF	MAF
MAF1	MAF1
MAFA	MAFA
MAFA-AS1	MAFA-AS1
MAFB	MAFB
MAFF	MAFF
MAFG	MAFG
MAFG-DT	MAFG-DT
MAFIP	MAFIP
MAFK	MAFK
MAFTRR	MAFTRR
MAG	MAG
MAGEA10	MAGEA10
MAGEA11	MAGEA11
MAGEA12	MAGEA12
MAGEA4	MAGEA4
MAGEA8	MAGEA8
MAGEA8-AS1	MAGEA8-AS1
MAGEB1	MAGEB1
MAGEB10	MAGEB10
MAGEB16	MAGEB16
MAGEB17	MAGEB17
MAGEB2	MAGEB2
MAGEB3	MAGEB3
MAGEC1	MAGEC1
MAGEC3	MAGEC3
MAGED1	MAGED1
MAGED2	MAGED2
MAGED4	MAGED4
MAGEE1	MAGEE1
MAGEE2	MAGEE2
MAGEF1	MAGEF1
MAGEH1	MAGEH1
MAGEL2	MAGEL2
MAGI1	MAGI1
MAGI1-AS1	MAGI1-AS1
MAGI1-IT1	MAGI1-IT1
MAGI2	MAGI2
MAGI2-AS1	MAGI2-AS1
MAGI2-AS2	MAGI2-AS2
MAGI2-AS3	MAGI2-AS3
MAGI3	MAGI3
MAGIX	MAGIX
MAGOH	MAGOH
MAGOHB	MAGOHB
MAGT1	MAGT1
MAIP1	MAIP1
MAJIN	MAJIN
MAK	MAK
MAK16	MAK16
MAL	MAL
MAL2	MAL2
MAL2-AS1	MAL2-AS1
MALAT1	MALAT1
MALINC1	MALINC1
MALL	MALL
MALRD1	MALRD1
MALSU1	MALSU1
MALT1	MALT1
MAMDC2	MAMDC2
MAMDC2-AS1	MAMDC2-AS1
MAMDC4	MAMDC4
MAML1	MAML1
MAML2	MAML2
MAML3	MAML3
MAMLD1	MAMLD1
MAMSTR	MAMSTR
MAN1A1	MAN1A1
MAN1A2	MAN1A2
MAN1B1	MAN1B1
MAN1B1-DT	MAN1B1-DT
MAN1C1	MAN1C1
MAN2A1	MAN2A1
MAN2A2	MAN2A2
MAN2B1	MAN2B1
MAN2B2	MAN2B2
MAN2C1	MAN2C1
MANBA	MANBA
MANBAL	MANBAL
MANCR	MANCR
MANEA	MANEA
MANEA-DT	MANEA-DT
MANEAL	MANEAL
MANF	MANF
MANSC1	MANSC1
MANSC4	MANSC4
MAOA	MAOA
MAOB	MAOB
MAP10	MAP10
MAP11	MAP11
MAP1A	MAP1A
MAP1B	MAP1B
MAP1LC3A	MAP1LC3A
MAP1LC3B	MAP1LC3B
MAP1LC3B2	MAP1LC3B2
MAP1LC3C	MAP1LC3C
MAP1S	MAP1S
MAP2	MAP2
MAP2K1	MAP2K1
MAP2K2	MAP2K2
MAP2K3	MAP2K3
MAP2K4	MAP2K4
MAP2K5	MAP2K5
MAP2K6	MAP2K6
MAP2K7	MAP2K7
MAP3K1	MAP3K1
MAP3K10	MAP3K10
MAP3K11	MAP3K11
MAP3K12	MAP3K12
MAP3K13	MAP3K13
MAP3K14	MAP3K14
MAP3K14-AS1	MAP3K14-AS1
MAP3K15	MAP3K15
MAP3K19	MAP3K19
MAP3K2	MAP3K2
MAP3K2-DT	MAP3K2-DT
MAP3K20	MAP3K20
MAP3K20-AS1	MAP3K20-AS1
MAP3K21	MAP3K21
MAP3K3	MAP3K3
MAP3K4	MAP3K4
MAP3K5	MAP3K5
MAP3K6	MAP3K6
MAP3K7	MAP3K7
MAP3K7CL	MAP3K7CL
MAP3K8	MAP3K8
MAP3K9	MAP3K9
MAP4	MAP4
MAP4K1	MAP4K1
MAP4K2	MAP4K2
MAP4K3	MAP4K3
MAP4K3-DT	MAP4K3-DT
MAP4K4	MAP4K4
MAP4K5	MAP4K5
MAP6	MAP6
MAP6D1	MAP6D1
MAP7	MAP7
MAP7D1	MAP7D1
MAP7D2	MAP7D2
MAP7D3	MAP7D3
MAP9	MAP9
MAPK1	MAPK1
MAPK10	MAPK10
MAPK11	MAPK11
MAPK12	MAPK12
MAPK13	MAPK13
MAPK14	MAPK14
MAPK15	MAPK15
MAPK1IP1L	MAPK1IP1L
MAPK3	MAPK3
MAPK4	MAPK4
MAPK6	MAPK6
MAPK6-DT	MAPK6-DT
MAPK7	MAPK7
MAPK8	MAPK8
MAPK8IP1	MAPK8IP1
MAPK8IP2	MAPK8IP2
MAPK8IP3	MAPK8IP3
MAPK9	MAPK9
MAPKAP1	MAPKAP1
MAPKAPK2	MAPKAPK2
MAPKAPK3	MAPKAPK3
MAPKAPK5	MAPKAPK5
MAPKAPK5-AS1	MAPKAPK5-AS1
MAPKBP1	MAPKBP1
MAPRE1	MAPRE1
MAPRE2	MAPRE2
MAPRE3	MAPRE3
MAPT	MAPT
MAPT-AS1	MAPT-AS1
MAPT-IT1	MAPT-IT1
MARC1	MARC1
MARC2	MARC2
MARCH1	MARCH1
MARCH10	MARCH10
MARCH10-DT	MARCH10-DT
MARCH11	MARCH11
MARCH2	MARCH2
MARCH3	MARCH3
MARCH4	MARCH4
MARCH5	MARCH5
MARCH6	MARCH6
MARCH7	MARCH7
MARCH8	MARCH8
MARCH9	MARCH9
MARCKS	MARCKS
MARCKSL1	MARCKSL1
MARCO	MARCO
MARCOL	MARCOL
MARF1	MARF1
MARK1	MARK1
MARK2	MARK2
MARK3	MARK3
MARK4	MARK4
MARS	MARS
MARS2	MARS2
MARVELD1	MARVELD1
MARVELD2	MARVELD2
MARVELD3	MARVELD3
MAS1	MAS1
MASP1	MASP1
MASP2	MASP2
MAST1	MAST1
MAST2	MAST2
MAST3	MAST3
MAST4	MAST4
MAST4-AS1	MAST4-AS1
MAST4-IT1	MAST4-IT1
MASTL	MASTL
MAT1A	MAT1A
MAT2A	MAT2A
MAT2B	MAT2B
MATK	MATK
MATN1	MATN1
MATN1-AS1	MATN1-AS1
MATN2	MATN2
MATN3	MATN3
MATN4	MATN4
MATR3	MATR3
MATR3-1	MATR3-1
MATR3.1	MATR3.1
MAU2	MAU2
MAVS	MAVS
MAX	MAX
MAZ	MAZ
MB	MB
MB21D2	MB21D2
MBD1	MBD1
MBD2	MBD2
MBD3	MBD3
MBD3L1	MBD3L1
MBD4	MBD4
MBD5	MBD5
MBD6	MBD6
MBIP	MBIP
MBLAC1	MBLAC1
MBLAC2	MBLAC2
MBNL1	MBNL1
MBNL1-AS1	MBNL1-AS1
MBNL2	MBNL2
MBNL3	MBNL3
MBOAT1	MBOAT1
MBOAT2	MBOAT2
MBOAT4	MBOAT4
MBOAT7	MBOAT7
MBP	MBP
MBTD1	MBTD1
MBTPS1	MBTPS1
MBTPS2	MBTPS2
MC1R	MC1R
MC2R	MC2R
MC4R	MC4R
MC5R	MC5R
MCAM	MCAM
MCAT	MCAT
MCC	MCC
MCCC1	MCCC1
MCCC1-AS1	MCCC1-AS1
MCCC2	MCCC2
MCCD1	MCCD1
MCEE	MCEE
MCEMP1	MCEMP1
MCF2	MCF2
MCF2L	MCF2L
MCF2L-AS1	MCF2L-AS1
MCF2L2	MCF2L2
MCFD2	MCFD2
MCHR1	MCHR1
MCHR2	MCHR2
MCHR2-AS1	MCHR2-AS1
MCIDAS	MCIDAS
MCL1	MCL1
MCM10	MCM10
MCM2	MCM2
MCM3	MCM3
MCM3AP	MCM3AP
MCM3AP-AS1	MCM3AP-AS1
MCM4	MCM4
MCM5	MCM5
MCM6	MCM6
MCM7	MCM7
MCM8	MCM8
MCM8-AS1	MCM8-AS1
MCM9	MCM9
MCMBP	MCMBP
MCMDC2	MCMDC2
MCOLN1	MCOLN1
MCOLN2	MCOLN2
MCOLN3	MCOLN3
MCPH1	MCPH1
MCPH1-AS1	MCPH1-AS1
MCRIP1	MCRIP1
MCRIP2	MCRIP2
MCRS1	MCRS1
MCTP1	MCTP1
MCTP1-AS1	MCTP1-AS1
MCTP2	MCTP2
MCTS1	MCTS1
MCU	MCU
MCUB	MCUB
MCUR1	MCUR1
MDC1	MDC1
MDC1-AS1	MDC1-AS1
MDFI	MDFI
MDFIC	MDFIC
MDFIC2	MDFIC2
MDGA1	MDGA1
MDGA2	MDGA2
MDH1	MDH1
MDH1B	MDH1B
MDH2	MDH2
MDK	MDK
MDM1	MDM1
MDM2	MDM2
MDM4	MDM4
MDN1	MDN1
MDP1	MDP1
MDS2	MDS2
ME1	ME1
ME2	ME2
ME3	ME3
MEA1	MEA1
MEAF6	MEAF6
MEAK7	MEAK7
MECOM	MECOM
MECP2	MECP2
MECR	MECR
MED1	MED1
MED10	MED10
MED11	MED11
MED12	MED12
MED12L	MED12L
MED13	MED13
MED13L	MED13L
MED14	MED14
MED14OS	MED14OS
MED15	MED15
MED16	MED16
MED17	MED17
MED18	MED18
MED19	MED19
MED20	MED20
MED21	MED21
MED22	MED22
MED23	MED23
MED24	MED24
MED25	MED25
MED26	MED26
MED27	MED27
MED28	MED28
MED29	MED29
MED30	MED30
MED31	MED31
MED4	MED4
MED4-AS1	MED4-AS1
MED6	MED6
MED7	MED7
MED8	MED8
MED9	MED9
MEDAG	MEDAG
MEF2A	MEF2A
MEF2B	MEF2B
MEF2C	MEF2C
MEF2C-AS1	MEF2C-AS1
MEF2C-AS2	MEF2C-AS2
MEF2D	MEF2D
MEFV	MEFV
MEG3	MEG3
MEG8	MEG8
MEG9	MEG9
MEGF10	MEGF10
MEGF11	MEGF11
MEGF6	MEGF6
MEGF8	MEGF8
MEGF9	MEGF9
MEI1	MEI1
MEI4	MEI4
MEIG1	MEIG1
MEIKIN	MEIKIN
MEIOB	MEIOB
MEIOC	MEIOC
MEIS1	MEIS1
MEIS1-AS2	MEIS1-AS2
MEIS1-AS3	MEIS1-AS3
MEIS2	MEIS2
MEIS3	MEIS3
MELK	MELK
MELTF	MELTF
MELTF-AS1	MELTF-AS1
MEMO1	MEMO1
MEN1	MEN1
MEOX1	MEOX1
MEOX2	MEOX2
MEP1A	MEP1A
MEP1B	MEP1B
MEPCE	MEPCE
MEPE	MEPE
MERTK	MERTK
MESD	MESD
MESP1	MESP1
MESP2	MESP2
MEST	MEST
MESTIT1	MESTIT1
MET	MET
METAP1	METAP1
METAP1D	METAP1D
METAP2	METAP2
METRN	METRN
METRNL	METRNL
METTL1	METTL1
METTL11B	METTL11B
METTL13	METTL13
METTL14	METTL14
METTL14-DT	METTL14-DT
METTL15	METTL15
METTL16	METTL16
METTL17	METTL17
METTL18	METTL18
METTL21A	METTL21A
METTL21C	METTL21C
METTL22	METTL22
METTL23	METTL23
METTL24	METTL24
METTL25	METTL25
METTL26	METTL26
METTL27	METTL27
METTL2A	METTL2A
METTL2B	METTL2B
METTL3	METTL3
METTL4	METTL4
METTL5	METTL5
METTL6	METTL6
METTL7A	METTL7A
METTL7B	METTL7B
METTL8	METTL8
METTL9	METTL9
MEX3A	MEX3A
MEX3B	MEX3B
MEX3C	MEX3C
MEX3D	MEX3D
MFAP1	MFAP1
MFAP2	MFAP2
MFAP3	MFAP3
MFAP3L	MFAP3L
MFAP4	MFAP4
MFAP5	MFAP5
MFF	MFF
MFGE8	MFGE8
MFHAS1	MFHAS1
MFN1	MFN1
MFN2	MFN2
MFNG	MFNG
MFRP	MFRP
MFSD1	MFSD1
MFSD10	MFSD10
MFSD11	MFSD11
MFSD12	MFSD12
MFSD13A	MFSD13A
MFSD14A	MFSD14A
MFSD14B	MFSD14B
MFSD14C	MFSD14C
MFSD2A	MFSD2A
MFSD2B	MFSD2B
MFSD3	MFSD3
MFSD4A	MFSD4A
MFSD4B	MFSD4B
MFSD5	MFSD5
MFSD6	MFSD6
MFSD6L	MFSD6L
MFSD8	MFSD8
MFSD9	MFSD9
MGA	MGA
MGAM	MGAM
MGAM2	MGAM2
MGARP	MGARP
MGAT1	MGAT1
MGAT2	MGAT2
MGAT3	MGAT3
MGAT3-AS1	MGAT3-AS1
MGAT4A	MGAT4A
MGAT4B	MGAT4B
MGAT4C	MGAT4C
MGAT4D	MGAT4D
MGAT5	MGAT5
MGAT5B	MGAT5B
MGLL	MGLL
MGME1	MGME1
MGMT	MGMT
MGP	MGP
MGRN1	MGRN1
MGST1	MGST1
MGST2	MGST2
MGST3	MGST3
MHENCR	MHENCR
MIA	MIA
MIA-RAB4B	MIA-RAB4B
MIA2	MIA2
MIA3	MIA3
MIAT	MIAT
MIATNB	MIATNB
MIB1	MIB1
MIB2	MIB2
MICA	MICA
MICAL1	MICAL1
MICAL2	MICAL2
MICAL3	MICAL3
MICALL1	MICALL1
MICALL2	MICALL2
MICB	MICB
MICOS10	MICOS10
MICOS13	MICOS13
MICU1	MICU1
MICU2	MICU2
MICU3	MICU3
MID1	MID1
MID1IP1	MID1IP1
MID1IP1-AS1	MID1IP1-AS1
MID2	MID2
MIDN	MIDN
MIEF1	MIEF1
MIEF2	MIEF2
MIEN1	MIEN1
MIER1	MIER1
MIER2	MIER2
MIER3	MIER3
MIF	MIF
MIF-AS1	MIF-AS1
MIF4GD	MIF4GD
MIGA1	MIGA1
MIGA2	MIGA2
MIIP	MIIP
MILR1	MILR1
MIMT1	MIMT1
MINAR1	MINAR1
MINAR2	MINAR2
MINCR	MINCR
MINDY1	MINDY1
MINDY2	MINDY2
MINDY3	MINDY3
MINDY4	MINDY4
MINDY4B	MINDY4B
MINK1	MINK1
MINPP1	MINPP1
MIOS	MIOS
MIOX	MIOX
MIP	MIP
MIPEP	MIPEP
MIPOL1	MIPOL1
MIR1-1HG	MIR1-1HG
MIR1-1HG-AS1	MIR1-1HG-AS1
MIR100HG	MIR100HG
MIR122HG	MIR122HG
MIR124-2HG	MIR124-2HG
MIR133A1HG	MIR133A1HG
MIR137HG	MIR137HG
MIR155HG	MIR155HG
MIR17HG	MIR17HG
MIR181A1HG	MIR181A1HG
MIR181A2HG	MIR181A2HG
MIR1915HG	MIR1915HG
MIR193BHG	MIR193BHG
MIR194-2HG	MIR194-2HG
MIR2052HG	MIR2052HG
MIR210HG	MIR210HG
MIR2117HG	MIR2117HG
MIR217HG	MIR217HG
MIR222HG	MIR222HG
MIR22HG	MIR22HG
MIR29B2CHG	MIR29B2CHG
MIR302CHG	MIR302CHG
MIR3142HG	MIR3142HG
MIR3150BHG	MIR3150BHG
MIR31HG	MIR31HG
MIR34AHG	MIR34AHG
MIR3659HG	MIR3659HG
MIR3663HG	MIR3663HG
MIR3681HG	MIR3681HG
MIR378D2HG	MIR378D2HG
MIR381HG	MIR381HG
MIR3936HG	MIR3936HG
MIR3945HG	MIR3945HG
MIR3976HG	MIR3976HG
MIR4290HG	MIR4290HG
MIR4300HG	MIR4300HG
MIR4307HG	MIR4307HG
MIR4422HG	MIR4422HG
MIR4432HG	MIR4432HG
MIR4435-2HG	MIR4435-2HG
MIR4453HG	MIR4453HG
MIR4458HG	MIR4458HG
MIR4500HG	MIR4500HG
MIR4527HG	MIR4527HG
MIR4713HG	MIR4713HG
MIR497HG	MIR497HG
MIR503HG	MIR503HG
MIR548A1HG	MIR548A1HG
MIR548XHG	MIR548XHG
MIR5689HG	MIR5689HG
MIR583HG	MIR583HG
MIR600HG	MIR600HG
MIR646HG	MIR646HG
MIR663AHG	MIR663AHG
MIR7-3HG	MIR7-3HG
MIR7515HG	MIR7515HG
MIR762HG	MIR762HG
MIR9-3HG	MIR9-3HG
MIR924HG	MIR924HG
MIR99AHG	MIR99AHG
MIRLET7BHG	MIRLET7BHG
MIRLET7DHG	MIRLET7DHG
MIS12	MIS12
MIS18A	MIS18A
MIS18A-AS1	MIS18A-AS1
MIS18BP1	MIS18BP1
MISP	MISP
MISP3	MISP3
MITD1	MITD1
MITF	MITF
MIXL1	MIXL1
MKI67	MKI67
MKKS	MKKS
MKL1	MKL1
MKL2	MKL2
MKLN1	MKLN1
MKLN1-AS	MKLN1-AS
MKNK1	MKNK1
MKNK1-AS1	MKNK1-AS1
MKNK2	MKNK2
MKRN1	MKRN1
MKRN2	MKRN2
MKRN2OS	MKRN2OS
MKRN3	MKRN3
MKS1	MKS1
MKX	MKX
MKX-AS1	MKX-AS1
MLANA	MLANA
MLC1	MLC1
MLEC	MLEC
MLF1	MLF1
MLF2	MLF2
MLH1	MLH1
MLH3	MLH3
MLIP	MLIP
MLIP-AS1	MLIP-AS1
MLKL	MLKL
MLLT1	MLLT1
MLLT10	MLLT10
MLLT11	MLLT11
MLLT3	MLLT3
MLLT6	MLLT6
MLN	MLN
MLNR	MLNR
MLPH	MLPH
MLST8	MLST8
MLX	MLX
MLXIP	MLXIP
MLXIPL	MLXIPL
MLYCD	MLYCD
MMAA	MMAA
MMAB	MMAB
MMACHC	MMACHC
MMADHC	MMADHC
MMD	MMD
MMD2	MMD2
MME	MME
MME-AS1	MME-AS1
MMEL1	MMEL1
MMGT1	MMGT1
MMP1	MMP1
MMP10	MMP10
MMP11	MMP11
MMP12	MMP12
MMP13	MMP13
MMP14	MMP14
MMP15	MMP15
MMP16	MMP16
MMP17	MMP17
MMP19	MMP19
MMP2	MMP2
MMP2-AS1	MMP2-AS1
MMP20	MMP20
MMP21	MMP21
MMP23B	MMP23B
MMP24	MMP24
MMP24OS	MMP24OS
MMP25	MMP25
MMP25-AS1	MMP25-AS1
MMP26	MMP26
MMP27	MMP27
MMP28	MMP28
MMP3	MMP3
MMP7	MMP7
MMP8	MMP8
MMP9	MMP9
MMRN1	MMRN1
MMRN2	MMRN2
MMS19	MMS19
MMS22L	MMS22L
MMUT	MMUT
MN1	MN1
MNAT1	MNAT1
MND1	MND1
MNDA	MNDA
MNS1	MNS1
MNT	MNT
MNX1	MNX1
MNX1-AS1	MNX1-AS1
MNX1-AS2	MNX1-AS2
MOAP1	MOAP1
MOB1A	MOB1A
MOB1B	MOB1B
MOB2	MOB2
MOB3A	MOB3A
MOB3B	MOB3B
MOB3C	MOB3C
MOB4	MOB4
MOBP	MOBP
MOCOS	MOCOS
MOCS1	MOCS1
MOCS2	MOCS2
MOCS3	MOCS3
MOG	MOG
MOGAT1	MOGAT1
MOGAT2	MOGAT2
MOGAT3	MOGAT3
MOGS	MOGS
MOK	MOK
MON1A	MON1A
MON1B	MON1B
MON2	MON2
MORC1	MORC1
MORC1-AS1	MORC1-AS1
MORC2	MORC2
MORC2-AS1	MORC2-AS1
MORC3	MORC3
MORC4	MORC4
MORF4L1	MORF4L1
MORF4L2	MORF4L2
MORF4L2-AS1	MORF4L2-AS1
MORN1	MORN1
MORN2	MORN2
MORN3	MORN3
MORN4	MORN4
MORN5	MORN5
MOSMO	MOSMO
MOSPD1	MOSPD1
MOSPD2	MOSPD2
MOSPD3	MOSPD3
MOV10	MOV10
MOV10L1	MOV10L1
MOXD1	MOXD1
MPC1	MPC1
MPC1L	MPC1L
MPC2	MPC2
MPDU1	MPDU1
MPDZ	MPDZ
MPEG1	MPEG1
MPG	MPG
MPHOSPH10	MPHOSPH10
MPHOSPH6	MPHOSPH6
MPHOSPH8	MPHOSPH8
MPHOSPH9	MPHOSPH9
MPI	MPI
MPIG6B	MPIG6B
MPL	MPL
MPLKIP	MPLKIP
MPND	MPND
MPO	MPO
MPP1	MPP1
MPP2	MPP2
MPP3	MPP3
MPP4	MPP4
MPP5	MPP5
MPP6	MPP6
MPP7	MPP7
MPP7-DT	MPP7-DT
MPPE1	MPPE1
MPPED1	MPPED1
MPPED2	MPPED2
MPPED2-AS1	MPPED2-AS1
MPRIP	MPRIP
MPRIP-AS1	MPRIP-AS1
MPST	MPST
MPV17	MPV17
MPV17L	MPV17L
MPV17L2	MPV17L2
MPZ	MPZ
MPZL1	MPZL1
MPZL2	MPZL2
MPZL3	MPZL3
MR1	MR1
MRAP	MRAP
MRAP2	MRAP2
MRAS	MRAS
MRC1	MRC1
MRC2	MRC2
MRE11	MRE11
MREG	MREG
MRFAP1	MRFAP1
MRFAP1L1	MRFAP1L1
MRGBP	MRGBP
MRGPRE	MRGPRE
MRGPRF	MRGPRF
MRGPRF-AS1	MRGPRF-AS1
MRGPRX2	MRGPRX2
MRGPRX3	MRGPRX3
MRI1	MRI1
MRLN	MRLN
MRM1	MRM1
MRM2	MRM2
MRM3	MRM3
MRNIP	MRNIP
MRO	MRO
MROH1	MROH1
MROH2A	MROH2A
MROH2B	MROH2B
MROH6	MROH6
MROH7	MROH7
MROH7-TTC4	MROH7-TTC4
MROH8	MROH8
MROH9	MROH9
MRPL1	MRPL1
MRPL10	MRPL10
MRPL11	MRPL11
MRPL12	MRPL12
MRPL13	MRPL13
MRPL14	MRPL14
MRPL15	MRPL15
MRPL16	MRPL16
MRPL17	MRPL17
MRPL18	MRPL18
MRPL19	MRPL19
MRPL2	MRPL2
MRPL20	MRPL20
MRPL20-AS1	MRPL20-AS1
MRPL21	MRPL21
MRPL22	MRPL22
MRPL23	MRPL23
MRPL23-AS1	MRPL23-AS1
MRPL24	MRPL24
MRPL27	MRPL27
MRPL28	MRPL28
MRPL3	MRPL3
MRPL30	MRPL30
MRPL32	MRPL32
MRPL33	MRPL33
MRPL34	MRPL34
MRPL35	MRPL35
MRPL36	MRPL36
MRPL37	MRPL37
MRPL38	MRPL38
MRPL39	MRPL39
MRPL4	MRPL4
MRPL40	MRPL40
MRPL41	MRPL41
MRPL42	MRPL42
MRPL43	MRPL43
MRPL44	MRPL44
MRPL45	MRPL45
MRPL46	MRPL46
MRPL47	MRPL47
MRPL48	MRPL48
MRPL49	MRPL49
MRPL50	MRPL50
MRPL51	MRPL51
MRPL52	MRPL52
MRPL53	MRPL53
MRPL54	MRPL54
MRPL55	MRPL55
MRPL57	MRPL57
MRPL58	MRPL58
MRPL9	MRPL9
MRPS10	MRPS10
MRPS11	MRPS11
MRPS12	MRPS12
MRPS14	MRPS14
MRPS15	MRPS15
MRPS16	MRPS16
MRPS17	MRPS17
MRPS18A	MRPS18A
MRPS18B	MRPS18B
MRPS18C	MRPS18C
MRPS2	MRPS2
MRPS21	MRPS21
MRPS22	MRPS22
MRPS23	MRPS23
MRPS24	MRPS24
MRPS25	MRPS25
MRPS26	MRPS26
MRPS27	MRPS27
MRPS28	MRPS28
MRPS30	MRPS30
MRPS30-DT	MRPS30-DT
MRPS31	MRPS31
MRPS33	MRPS33
MRPS34	MRPS34
MRPS35	MRPS35
MRPS36	MRPS36
MRPS5	MRPS5
MRPS6	MRPS6
MRPS7	MRPS7
MRPS9	MRPS9
MRRF	MRRF
MRS2	MRS2
MRTFA	MRTFA
MRTFA-AS1	MRTFA-AS1
MRTFB	MRTFB
MRTO4	MRTO4
MRVI1	MRVI1
MRVI1-AS1	MRVI1-AS1
MS4A1	MS4A1
MS4A10	MS4A10
MS4A12	MS4A12
MS4A13	MS4A13
MS4A14	MS4A14
MS4A15	MS4A15
MS4A18	MS4A18
MS4A2	MS4A2
MS4A3	MS4A3
MS4A4A	MS4A4A
MS4A4E	MS4A4E
MS4A5	MS4A5
MS4A6A	MS4A6A
MS4A6E	MS4A6E
MS4A7	MS4A7
MS4A8	MS4A8
MSANTD1	MSANTD1
MSANTD2	MSANTD2
MSANTD3	MSANTD3
MSANTD3-TMEFF1	MSANTD3-TMEFF1
MSANTD4	MSANTD4
MSC	MSC
MSC-AS1	MSC-AS1
MSH2	MSH2
MSH3	MSH3
MSH4	MSH4
MSH5	MSH5
MSH6	MSH6
MSI1	MSI1
MSI2	MSI2
MSL1	MSL1
MSL2	MSL2
MSL3	MSL3
MSLN	MSLN
MSLNL	MSLNL
MSMB	MSMB
MSMO1	MSMO1
MSMP	MSMP
MSN	MSN
MSR1	MSR1
MSRA	MSRA
MSRB1	MSRB1
MSRB2	MSRB2
MSRB3	MSRB3
MSS51	MSS51
MST1	MST1
MST1R	MST1R
MSTN	MSTN
MSTO1	MSTO1
MSX1	MSX1
MSX2	MSX2
MT-ATP6	MT-ATP6
MT-ATP8	MT-ATP8
MT-CO1	MT-CO1
MT-CO2	MT-CO2
MT-CO3	MT-CO3
MT-CYB	MT-CYB
MT-ND1	MT-ND1
MT-ND2	MT-ND2
MT-ND3	MT-ND3
MT-ND4	MT-ND4
MT-ND4L	MT-ND4L
MT-ND5	MT-ND5
MT-ND6	MT-ND6
MT1A	MT1A
MT1E	MT1E
MT1F	MT1F
MT1G	MT1G
MT1H	MT1H
MT1HL1	MT1HL1
MT1M	MT1M
MT1X	MT1X
MT2A	MT2A
MT3	MT3
MT4	MT4
MTA1	MTA1
MTA2	MTA2
MTA3	MTA3
MTAP	MTAP
MTBP	MTBP
MTCH1	MTCH1
MTCH2	MTCH2
MTCL1	MTCL1
MTCP1	MTCP1
MTDH	MTDH
MTERF1	MTERF1
MTERF2	MTERF2
MTERF3	MTERF3
MTERF4	MTERF4
MTF1	MTF1
MTF2	MTF2
MTFMT	MTFMT
MTFP1	MTFP1
MTFR1	MTFR1
MTFR1L	MTFR1L
MTFR2	MTFR2
MTG1	MTG1
MTG2	MTG2
MTHFD1	MTHFD1
MTHFD1L	MTHFD1L
MTHFD2	MTHFD2
MTHFD2L	MTHFD2L
MTHFR	MTHFR
MTHFS	MTHFS
MTHFSD	MTHFSD
MTIF2	MTIF2
MTIF3	MTIF3
MTLN	MTLN
MTM1	MTM1
MTMR1	MTMR1
MTMR10	MTMR10
MTMR11	MTMR11
MTMR12	MTMR12
MTMR14	MTMR14
MTMR2	MTMR2
MTMR3	MTMR3
MTMR4	MTMR4
MTMR6	MTMR6
MTMR7	MTMR7
MTMR8	MTMR8
MTMR9	MTMR9
MTNR1A	MTNR1A
MTNR1B	MTNR1B
MTO1	MTO1
MTOR	MTOR
MTOR-AS1	MTOR-AS1
MTPAP	MTPAP
MTPN	MTPN
MTR	MTR
MTRES1	MTRES1
MTREX	MTREX
MTRF1	MTRF1
MTRF1L	MTRF1L
MTRNR2L1	MTRNR2L1
MTRNR2L10	MTRNR2L10
MTRNR2L11	MTRNR2L11
MTRNR2L12	MTRNR2L12
MTRNR2L3	MTRNR2L3
MTRNR2L4	MTRNR2L4
MTRNR2L5	MTRNR2L5
MTRNR2L6	MTRNR2L6
MTRNR2L7	MTRNR2L7
MTRNR2L8	MTRNR2L8
MTRR	MTRR
MTSS1	MTSS1
MTSS1L	MTSS1L
MTSS2	MTSS2
MTTP	MTTP
MTURN	MTURN
MTUS1	MTUS1
MTUS2	MTUS2
MTUS2-AS1	MTUS2-AS1
MTUS2-AS2	MTUS2-AS2
MTX1	MTX1
MTX2	MTX2
MTX3	MTX3
MUC1	MUC1
MUC12	MUC12
MUC13	MUC13
MUC15	MUC15
MUC16	MUC16
MUC17	MUC17
MUC19	MUC19
MUC2	MUC2
MUC20	MUC20
MUC20-OT1	MUC20-OT1
MUC21	MUC21
MUC22	MUC22
MUC3A	MUC3A
MUC4	MUC4
MUC5AC	MUC5AC
MUC5B	MUC5B
MUC6	MUC6
MUC7	MUC7
MUCL1	MUCL1
MUCL3	MUCL3
MUL1	MUL1
MUM1	MUM1
MUM1L1	MUM1L1
MUS81	MUS81
MUSK	MUSK
MUSTN1	MUSTN1
MUT	MUT
MUTYH	MUTYH
MVB12A	MVB12A
MVB12B	MVB12B
MVD	MVD
MVK	MVK
MVP	MVP
MX1	MX1
MX2	MX2
MXD1	MXD1
MXD3	MXD3
MXD4	MXD4
MXI1	MXI1
MXRA5	MXRA5
MXRA7	MXRA7
MXRA8	MXRA8
MYADM	MYADM
MYADML2	MYADML2
MYB	MYB
MYBBP1A	MYBBP1A
MYBL1	MYBL1
MYBL2	MYBL2
MYBPC1	MYBPC1
MYBPC2	MYBPC2
MYBPC3	MYBPC3
MYBPH	MYBPH
MYBPHL	MYBPHL
MYC	MYC
MYCBP	MYCBP
MYCBP2	MYCBP2
MYCBP2-AS1	MYCBP2-AS1
MYCBP2-AS2	MYCBP2-AS2
MYCBPAP	MYCBPAP
MYCL	MYCL
MYCN	MYCN
MYCNOS	MYCNOS
MYCNUT	MYCNUT
MYCT1	MYCT1
MYD88	MYD88
MYDGF	MYDGF
MYEF2	MYEF2
MYEOV	MYEOV
MYH1	MYH1
MYH10	MYH10
MYH11	MYH11
MYH13	MYH13
MYH14	MYH14
MYH15	MYH15
MYH2	MYH2
MYH3	MYH3
MYH4	MYH4
MYH6	MYH6
MYH7	MYH7
MYH7B	MYH7B
MYH8	MYH8
MYH9	MYH9
MYHAS	MYHAS
MYL1	MYL1
MYL10	MYL10
MYL12A	MYL12A
MYL12B	MYL12B
MYL2	MYL2
MYL3	MYL3
MYL4	MYL4
MYL5	MYL5
MYL6	MYL6
MYL6B	MYL6B
MYL7	MYL7
MYL9	MYL9
MYLIP	MYLIP
MYLK	MYLK
MYLK-AS1	MYLK-AS1
MYLK-AS2	MYLK-AS2
MYLK2	MYLK2
MYLK3	MYLK3
MYLK4	MYLK4
MYLPF	MYLPF
MYMK	MYMK
MYNN	MYNN
MYO10	MYO10
MYO15A	MYO15A
MYO15B	MYO15B
MYO16	MYO16
MYO16-AS1	MYO16-AS1
MYO18A	MYO18A
MYO18B	MYO18B
MYO19	MYO19
MYO1A	MYO1A
MYO1B	MYO1B
MYO1C	MYO1C
MYO1D	MYO1D
MYO1E	MYO1E
MYO1F	MYO1F
MYO1G	MYO1G
MYO1H	MYO1H
MYO3A	MYO3A
MYO3B	MYO3B
MYO3B-AS1	MYO3B-AS1
MYO5A	MYO5A
MYO5B	MYO5B
MYO5C	MYO5C
MYO6	MYO6
MYO7A	MYO7A
MYO7B	MYO7B
MYO9A	MYO9A
MYO9B	MYO9B
MYOC	MYOC
MYOCD	MYOCD
MYOCOS	MYOCOS
MYOD1	MYOD1
MYOF	MYOF
MYOG	MYOG
MYOM1	MYOM1
MYOM2	MYOM2
MYOM3	MYOM3
MYORG	MYORG
MYOSLID	MYOSLID
MYOT	MYOT
MYOZ1	MYOZ1
MYOZ2	MYOZ2
MYOZ3	MYOZ3
MYPN	MYPN
MYPOP	MYPOP
MYRF	MYRF
MYRF-AS1	MYRF-AS1
MYRFL	MYRFL
MYRIP	MYRIP
MYSM1	MYSM1
MYT1	MYT1
MYT1L	MYT1L
MYT1L-AS1	MYT1L-AS1
MYZAP	MYZAP
MZB1	MZB1
MZF1	MZF1
MZF1-AS1	MZF1-AS1
MZT1	MZT1
MZT2A	MZT2A
MZT2B	MZT2B
N4BP1	N4BP1
N4BP2	N4BP2
N4BP2L1	N4BP2L1
N4BP2L2	N4BP2L2
N4BP2L2-IT2	N4BP2L2-IT2
N4BP3	N4BP3
N6AMT1	N6AMT1
NAA10	NAA10
NAA11	NAA11
NAA15	NAA15
NAA16	NAA16
NAA20	NAA20
NAA25	NAA25
NAA30	NAA30
NAA35	NAA35
NAA38	NAA38
NAA40	NAA40
NAA50	NAA50
NAA60	NAA60
NAA80	NAA80
NAAA	NAAA
NAALAD2	NAALAD2
NAALADL1	NAALADL1
NAALADL2	NAALADL2
NAALADL2-AS1	NAALADL2-AS1
NAALADL2-AS2	NAALADL2-AS2
NAALADL2-AS3	NAALADL2-AS3
NAB1	NAB1
NAB2	NAB2
NABP1	NABP1
NABP2	NABP2
NACA	NACA
NACA2	NACA2
NACAD	NACAD
NACC1	NACC1
NACC2	NACC2
NADK	NADK
NADK2	NADK2
NADK2-AS1	NADK2-AS1
NADSYN1	NADSYN1
NAE1	NAE1
NAF1	NAF1
NAGA	NAGA
NAGK	NAGK
NAGLU	NAGLU
NAGPA	NAGPA
NAGPA-AS1	NAGPA-AS1
NAGS	NAGS
NAIF1	NAIF1
NAIP	NAIP
NALCN	NALCN
NALCN-AS1	NALCN-AS1
NALT1	NALT1
NAMA	NAMA
NAMPT	NAMPT
NANOG	NANOG
NANOGNB	NANOGNB
NANOGP11	NANOGP11
NANOGP8	NANOGP8
NANOS1	NANOS1
NANOS2	NANOS2
NANOS3	NANOS3
NANP	NANP
NANS	NANS
NAP1L1	NAP1L1
NAP1L2	NAP1L2
NAP1L3	NAP1L3
NAP1L4	NAP1L4
NAP1L5	NAP1L5
NAPA	NAPA
NAPA-AS1	NAPA-AS1
NAPB	NAPB
NAPEPLD	NAPEPLD
NAPG	NAPG
NAPRT	NAPRT
NAPSA	NAPSA
NARF	NARF
NARF-AS1	NARF-AS1
NARF-IT1	NARF-IT1
NARFL	NARFL
NARS	NARS
NARS2	NARS2
NASP	NASP
NAT1	NAT1
NAT10	NAT10
NAT14	NAT14
NAT16	NAT16
NAT2	NAT2
NAT8	NAT8
NAT8L	NAT8L
NAT9	NAT9
NATD1	NATD1
NAV1	NAV1
NAV2	NAV2
NAV2-AS1	NAV2-AS1
NAV2-AS2	NAV2-AS2
NAV2-AS3	NAV2-AS3
NAV2-AS4	NAV2-AS4
NAV2-AS5	NAV2-AS5
NAV2-IT1	NAV2-IT1
NAV3	NAV3
NAXD	NAXD
NAXE	NAXE
NBAS	NBAS
NBAT1	NBAT1
NBDY	NBDY
NBEA	NBEA
NBEAL1	NBEAL1
NBEAL2	NBEAL2
NBL1	NBL1
NBN	NBN
NBPF1	NBPF1
NBPF10	NBPF10
NBPF11	NBPF11
NBPF12	NBPF12
NBPF14	NBPF14
NBPF15	NBPF15
NBPF19	NBPF19
NBPF20	NBPF20
NBPF26	NBPF26
NBPF3	NBPF3
NBPF4	NBPF4
NBPF9	NBPF9
NBR1	NBR1
NBR2	NBR2
NCALD	NCALD
NCAM1	NCAM1
NCAM1-AS1	NCAM1-AS1
NCAM2	NCAM2
NCAN	NCAN
NCAPD2	NCAPD2
NCAPD3	NCAPD3
NCAPG	NCAPG
NCAPG2	NCAPG2
NCAPH	NCAPH
NCAPH2	NCAPH2
NCBP1	NCBP1
NCBP2	NCBP2
NCBP2-AS1	NCBP2-AS1
NCBP2-AS2	NCBP2-AS2
NCBP2AS2	NCBP2AS2
NCBP2L	NCBP2L
NCBP3	NCBP3
NCCRP1	NCCRP1
NCDN	NCDN
NCEH1	NCEH1
NCF1	NCF1
NCF2	NCF2
NCF4	NCF4
NCF4-AS1	NCF4-AS1
NCK1	NCK1
NCK1-DT	NCK1-DT
NCK2	NCK2
NCKAP1	NCKAP1
NCKAP1L	NCKAP1L
NCKAP5	NCKAP5
NCKAP5-AS1	NCKAP5-AS1
NCKAP5-AS2	NCKAP5-AS2
NCKAP5-IT1	NCKAP5-IT1
NCKAP5L	NCKAP5L
NCKIPSD	NCKIPSD
NCL	NCL
NCLN	NCLN
NCMAP	NCMAP
NCMAP-DT	NCMAP-DT
NCOA1	NCOA1
NCOA2	NCOA2
NCOA3	NCOA3
NCOA4	NCOA4
NCOA5	NCOA5
NCOA6	NCOA6
NCOA7	NCOA7
NCOA7-AS1	NCOA7-AS1
NCOR1	NCOR1
NCOR2	NCOR2
NCR1	NCR1
NCR2	NCR2
NCR3	NCR3
NCR3LG1	NCR3LG1
NCS1	NCS1
NCSTN	NCSTN
NDC1	NDC1
NDC80	NDC80
NDE1	NDE1
NDEL1	NDEL1
NDFIP1	NDFIP1
NDFIP2	NDFIP2
NDFIP2-AS1	NDFIP2-AS1
NDN	NDN
NDNF	NDNF
NDOR1	NDOR1
NDP	NDP
NDP-AS1	NDP-AS1
NDRG1	NDRG1
NDRG2	NDRG2
NDRG3	NDRG3
NDRG4	NDRG4
NDST1	NDST1
NDST1-AS1	NDST1-AS1
NDST2	NDST2
NDST3	NDST3
NDST4	NDST4
NDUFA1	NDUFA1
NDUFA10	NDUFA10
NDUFA11	NDUFA11
NDUFA12	NDUFA12
NDUFA13	NDUFA13
NDUFA2	NDUFA2
NDUFA3	NDUFA3
NDUFA4	NDUFA4
NDUFA4L2	NDUFA4L2
NDUFA5	NDUFA5
NDUFA6	NDUFA6
NDUFA6-DT	NDUFA6-DT
NDUFA7	NDUFA7
NDUFA8	NDUFA8
NDUFA9	NDUFA9
NDUFAB1	NDUFAB1
NDUFAF1	NDUFAF1
NDUFAF2	NDUFAF2
NDUFAF3	NDUFAF3
NDUFAF4	NDUFAF4
NDUFAF5	NDUFAF5
NDUFAF6	NDUFAF6
NDUFAF7	NDUFAF7
NDUFAF8	NDUFAF8
NDUFB1	NDUFB1
NDUFB10	NDUFB10
NDUFB11	NDUFB11
NDUFB2	NDUFB2
NDUFB2-AS1	NDUFB2-AS1
NDUFB3	NDUFB3
NDUFB4	NDUFB4
NDUFB5	NDUFB5
NDUFB6	NDUFB6
NDUFB7	NDUFB7
NDUFB8	NDUFB8
NDUFB9	NDUFB9
NDUFC1	NDUFC1
NDUFC2	NDUFC2
NDUFC2-KCTD14	NDUFC2-KCTD14
NDUFS1	NDUFS1
NDUFS2	NDUFS2
NDUFS3	NDUFS3
NDUFS4	NDUFS4
NDUFS5	NDUFS5
NDUFS6	NDUFS6
NDUFS7	NDUFS7
NDUFS8	NDUFS8
NDUFV1	NDUFV1
NDUFV2	NDUFV2
NDUFV2-AS1	NDUFV2-AS1
NDUFV3	NDUFV3
NEAT1	NEAT1
NEB	NEB
NEBL	NEBL
NEBL-AS1	NEBL-AS1
NECAB1	NECAB1
NECAB2	NECAB2
NECAB3	NECAB3
NECAP1	NECAP1
NECAP2	NECAP2
NECTIN1	NECTIN1
NECTIN1-AS1	NECTIN1-AS1
NECTIN2	NECTIN2
NECTIN3	NECTIN3
NECTIN3-AS1	NECTIN3-AS1
NECTIN4	NECTIN4
NEDD1	NEDD1
NEDD4	NEDD4
NEDD4L	NEDD4L
NEDD8	NEDD8
NEDD8-MDP1	NEDD8-MDP1
NEDD9	NEDD9
NEFH	NEFH
NEFL	NEFL
NEFM	NEFM
NEGR1	NEGR1
NEGR1-IT1	NEGR1-IT1
NEIL1	NEIL1
NEIL2	NEIL2
NEIL3	NEIL3
NEK1	NEK1
NEK10	NEK10
NEK11	NEK11
NEK2	NEK2
NEK3	NEK3
NEK4	NEK4
NEK5	NEK5
NEK6	NEK6
NEK7	NEK7
NEK8	NEK8
NEK9	NEK9
NELFA	NELFA
NELFB	NELFB
NELFCD	NELFCD
NELFE	NELFE
NELL1	NELL1
NELL2	NELL2
NEMF	NEMF
NEMP1	NEMP1
NEMP2	NEMP2
NENF	NENF
NEO1	NEO1
NEPRO	NEPRO
NES	NES
NET1	NET1
NETO1	NETO1
NETO2	NETO2
NEU1	NEU1
NEU3	NEU3
NEU4	NEU4
NEURL1	NEURL1
NEURL1-AS1	NEURL1-AS1
NEURL1B	NEURL1B
NEURL2	NEURL2
NEURL3	NEURL3
NEURL4	NEURL4
NEUROD1	NEUROD1
NEUROD2	NEUROD2
NEUROD4	NEUROD4
NEUROD6	NEUROD6
NEUROG2	NEUROG2
NEUROG3	NEUROG3
NEXMIF	NEXMIF
NEXN	NEXN
NEXN-AS1	NEXN-AS1
NF1	NF1
NF2	NF2
NFAM1	NFAM1
NFASC	NFASC
NFAT5	NFAT5
NFATC1	NFATC1
NFATC2	NFATC2
NFATC2IP	NFATC2IP
NFATC3	NFATC3
NFATC4	NFATC4
NFE2	NFE2
NFE2L1	NFE2L1
NFE2L2	NFE2L2
NFE2L3	NFE2L3
NFE4	NFE4
NFIA	NFIA
NFIA-AS1	NFIA-AS1
NFIA-AS2	NFIA-AS2
NFIB	NFIB
NFIC	NFIC
NFIL3	NFIL3
NFIX	NFIX
NFKB1	NFKB1
NFKB2	NFKB2
NFKBIA	NFKBIA
NFKBIB	NFKBIB
NFKBID	NFKBID
NFKBIE	NFKBIE
NFKBIL1	NFKBIL1
NFKBIZ	NFKBIZ
NFRKB	NFRKB
NFS1	NFS1
NFU1	NFU1
NFX1	NFX1
NFXL1	NFXL1
NFYA	NFYA
NFYB	NFYB
NFYC	NFYC
NFYC-AS1	NFYC-AS1
NGB	NGB
NGDN	NGDN
NGEF	NGEF
NGF	NGF
NGF-AS1	NGF-AS1
NGFR	NGFR
NGLY1	NGLY1
NGRN	NGRN
NHEJ1	NHEJ1
NHLH1	NHLH1
NHLH2	NHLH2
NHLRC1	NHLRC1
NHLRC2	NHLRC2
NHLRC3	NHLRC3
NHLRC4	NHLRC4
NHP2	NHP2
NHS	NHS
NHS-AS1	NHS-AS1
NHSL1	NHSL1
NHSL2	NHSL2
NIBAN1	NIBAN1
NIBAN2	NIBAN2
NIBAN3	NIBAN3
NICN1	NICN1
NID1	NID1
NID2	NID2
NIF3L1	NIF3L1
NIFK	NIFK
NIFK-AS1	NIFK-AS1
NIM1K	NIM1K
NIN	NIN
NINJ1	NINJ1
NINJ2	NINJ2
NINL	NINL
NIP7	NIP7
NIPA1	NIPA1
NIPA2	NIPA2
NIPAL1	NIPAL1
NIPAL2	NIPAL2
NIPAL3	NIPAL3
NIPAL4	NIPAL4
NIPBL	NIPBL
NIPBL-DT	NIPBL-DT
NIPSNAP1	NIPSNAP1
NIPSNAP2	NIPSNAP2
NIPSNAP3A	NIPSNAP3A
NIPSNAP3B	NIPSNAP3B
NISCH	NISCH
NIT1	NIT1
NIT2	NIT2
NKAIN1	NKAIN1
NKAIN2	NKAIN2
NKAIN3	NKAIN3
NKAIN3-IT1	NKAIN3-IT1
NKAIN4	NKAIN4
NKAP	NKAP
NKAPD1	NKAPD1
NKAPL	NKAPL
NKD1	NKD1
NKD2	NKD2
NKG7	NKG7
NKILA	NKILA
NKIRAS1	NKIRAS1
NKIRAS2	NKIRAS2
NKPD1	NKPD1
NKRF	NKRF
NKTR	NKTR
NKX1-2	NKX1-2
NKX2-1	NKX2-1
NKX2-1-AS1	NKX2-1-AS1
NKX2-2	NKX2-2
NKX2-2-AS1	NKX2-2-AS1
NKX2-4	NKX2-4
NKX2-6	NKX2-6
NKX2-8	NKX2-8
NKX3-1	NKX3-1
NKX3-2	NKX3-2
NKX6-1	NKX6-1
NKX6-2	NKX6-2
NKX6-3	NKX6-3
NLE1	NLE1
NLGN1	NLGN1
NLGN1-AS1	NLGN1-AS1
NLGN2	NLGN2
NLGN3	NLGN3
NLGN4X	NLGN4X
NLGN4Y	NLGN4Y
NLGN4Y-AS1	NLGN4Y-AS1
NLK	NLK
NLN	NLN
NLRC3	NLRC3
NLRC4	NLRC4
NLRC5	NLRC5
NLRP1	NLRP1
NLRP10	NLRP10
NLRP11	NLRP11
NLRP12	NLRP12
NLRP13	NLRP13
NLRP14	NLRP14
NLRP2	NLRP2
NLRP2B	NLRP2B
NLRP3	NLRP3
NLRP4	NLRP4
NLRP5	NLRP5
NLRP6	NLRP6
NLRP7	NLRP7
NLRP8	NLRP8
NLRP9	NLRP9
NLRX1	NLRX1
NMB	NMB
NMBR	NMBR
NMBR-AS1	NMBR-AS1
NMD3	NMD3
NME1	NME1
NME1-NME2	NME1-NME2
NME2	NME2
NME3	NME3
NME4	NME4
NME5	NME5
NME6	NME6
NME7	NME7
NME8	NME8
NME9	NME9
NMI	NMI
NMNAT1	NMNAT1
NMNAT2	NMNAT2
NMNAT3	NMNAT3
NMRAL1	NMRAL1
NMRK1	NMRK1
NMRK2	NMRK2
NMS	NMS
NMT1	NMT1
NMT2	NMT2
NMU	NMU
NMUR1	NMUR1
NMUR2	NMUR2
NNAT	NNAT
NNMT	NNMT
NNT	NNT
NNT-AS1	NNT-AS1
NOA1	NOA1
NOB1	NOB1
NOBOX	NOBOX
NOC2L	NOC2L
NOC3L	NOC3L
NOC4L	NOC4L
NOCT	NOCT
NOD1	NOD1
NOD2	NOD2
NODAL	NODAL
NOG	NOG
NOL10	NOL10
NOL11	NOL11
NOL12	NOL12
NOL3	NOL3
NOL4	NOL4
NOL4L	NOL4L
NOL4L-DT	NOL4L-DT
NOL6	NOL6
NOL7	NOL7
NOL8	NOL8
NOL9	NOL9
NOLC1	NOLC1
NOM1	NOM1
NOMO1	NOMO1
NOMO2	NOMO2
NOMO3	NOMO3
NONO	NONO
NOP10	NOP10
NOP14	NOP14
NOP14-AS1	NOP14-AS1
NOP16	NOP16
NOP2	NOP2
NOP53	NOP53
NOP53-AS1	NOP53-AS1
NOP56	NOP56
NOP58	NOP58
NOP9	NOP9
NORAD	NORAD
NOS1	NOS1
NOS1AP	NOS1AP
NOS2	NOS2
NOS3	NOS3
NOSIP	NOSIP
NOSTRIN	NOSTRIN
NOTCH1	NOTCH1
NOTCH2	NOTCH2
NOTCH2NL	NOTCH2NL
NOTCH2NLA	NOTCH2NLA
NOTCH2NLB	NOTCH2NLB
NOTCH2NLC	NOTCH2NLC
NOTCH3	NOTCH3
NOTCH4	NOTCH4
NOTO	NOTO
NOTUM	NOTUM
NOV	NOV
NOVA1	NOVA1
NOVA2	NOVA2
NOX1	NOX1
NOX3	NOX3
NOX4	NOX4
NOX5	NOX5
NOXA1	NOXA1
NOXO1	NOXO1
NOXRED1	NOXRED1
NPAP1	NPAP1
NPAS1	NPAS1
NPAS2	NPAS2
NPAS3	NPAS3
NPAS4	NPAS4
NPAT	NPAT
NPB	NPB
NPC1	NPC1
NPC1L1	NPC1L1
NPC2	NPC2
NPDC1	NPDC1
NPEPL1	NPEPL1
NPEPPS	NPEPPS
NPFF	NPFF
NPFFR1	NPFFR1
NPFFR2	NPFFR2
NPHP1	NPHP1
NPHP3	NPHP3
NPHP3-ACAD11	NPHP3-ACAD11
NPHP3-AS1	NPHP3-AS1
NPHP4	NPHP4
NPHS1	NPHS1
NPHS2	NPHS2
NPIPA1	NPIPA1
NPIPA2	NPIPA2
NPIPA3	NPIPA3
NPIPA5	NPIPA5
NPIPA7	NPIPA7
NPIPA8	NPIPA8
NPIPA9	NPIPA9
NPIPB11	NPIPB11
NPIPB12	NPIPB12
NPIPB13	NPIPB13
NPIPB15	NPIPB15
NPIPB2	NPIPB2
NPIPB3	NPIPB3
NPIPB4	NPIPB4
NPIPB5	NPIPB5
NPIPB6	NPIPB6
NPIPB7	NPIPB7
NPIPB8	NPIPB8
NPIPB9	NPIPB9
NPL	NPL
NPLOC4	NPLOC4
NPM1	NPM1
NPM2	NPM2
NPM3	NPM3
NPNT	NPNT
NPPA	NPPA
NPPA-AS1	NPPA-AS1
NPPB	NPPB
NPPC	NPPC
NPR1	NPR1
NPR2	NPR2
NPR3	NPR3
NPRL2	NPRL2
NPRL3	NPRL3
NPS	NPS
NPSR1	NPSR1
NPSR1-AS1	NPSR1-AS1
NPTN	NPTN
NPTN-IT1	NPTN-IT1
NPTX1	NPTX1
NPTX2	NPTX2
NPTXR	NPTXR
NPW	NPW
NPY	NPY
NPY1R	NPY1R
NPY2R	NPY2R
NPY5R	NPY5R
NQO1	NQO1
NQO2	NQO2
NR0B1	NR0B1
NR0B2	NR0B2
NR1D1	NR1D1
NR1D2	NR1D2
NR1H2	NR1H2
NR1H3	NR1H3
NR1H4	NR1H4
NR1I2	NR1I2
NR1I3	NR1I3
NR2C1	NR2C1
NR2C2	NR2C2
NR2C2AP	NR2C2AP
NR2E1	NR2E1
NR2E3	NR2E3
NR2F1	NR2F1
NR2F1-AS1	NR2F1-AS1
NR2F2	NR2F2
NR2F2-AS1	NR2F2-AS1
NR2F6	NR2F6
NR3C1	NR3C1
NR3C2	NR3C2
NR4A1	NR4A1
NR4A2	NR4A2
NR4A3	NR4A3
NR5A1	NR5A1
NR5A2	NR5A2
NR6A1	NR6A1
NRAD1	NRAD1
NRAP	NRAP
NRARP	NRARP
NRAS	NRAS
NRAV	NRAV
NRBF2	NRBF2
NRBP1	NRBP1
NRBP2	NRBP2
NRCAM	NRCAM
NRDC	NRDC
NRDE2	NRDE2
NREP	NREP
NREP-AS1	NREP-AS1
NRF1	NRF1
NRG1	NRG1
NRG1-IT1	NRG1-IT1
NRG1-IT3	NRG1-IT3
NRG2	NRG2
NRG3	NRG3
NRG3-AS1	NRG3-AS1
NRG4	NRG4
NRGN	NRGN
NRIP1	NRIP1
NRIP2	NRIP2
NRIP3	NRIP3
NRIR	NRIR
NRK	NRK
NRL	NRL
NRM	NRM
NRN1	NRN1
NRN1L	NRN1L
NRP1	NRP1
NRP2	NRP2
NRROS	NRROS
NRSN1	NRSN1
NRSN2	NRSN2
NRSN2-AS1	NRSN2-AS1
NRTN	NRTN
NRXN1	NRXN1
NRXN2	NRXN2
NRXN3	NRXN3
NSA2	NSA2
NSD1	NSD1
NSD2	NSD2
NSD3	NSD3
NSDHL	NSDHL
NSF	NSF
NSFL1C	NSFL1C
NSG1	NSG1
NSG2	NSG2
NSL1	NSL1
NSMAF	NSMAF
NSMCE1	NSMCE1
NSMCE1-DT	NSMCE1-DT
NSMCE2	NSMCE2
NSMCE3	NSMCE3
NSMCE4A	NSMCE4A
NSMF	NSMF
NSRP1	NSRP1
NSUN2	NSUN2
NSUN3	NSUN3
NSUN4	NSUN4
NSUN5	NSUN5
NSUN6	NSUN6
NSUN7	NSUN7
NT5C	NT5C
NT5C1A	NT5C1A
NT5C1B	NT5C1B
NT5C1B-RDH14	NT5C1B-RDH14
NT5C2	NT5C2
NT5C3A	NT5C3A
NT5C3B	NT5C3B
NT5DC1	NT5DC1
NT5DC2	NT5DC2
NT5DC3	NT5DC3
NT5DC4	NT5DC4
NT5E	NT5E
NT5M	NT5M
NTAN1	NTAN1
NTF3	NTF3
NTF4	NTF4
NTHL1	NTHL1
NTM	NTM
NTM-AS1	NTM-AS1
NTM-IT	NTM-IT
NTMT1	NTMT1
NTN1	NTN1
NTN3	NTN3
NTN4	NTN4
NTN5	NTN5
NTNG1	NTNG1
NTNG2	NTNG2
NTPCR	NTPCR
NTRK1	NTRK1
NTRK2	NTRK2
NTRK3	NTRK3
NTRK3-AS1	NTRK3-AS1
NTS	NTS
NTSR1	NTSR1
NTSR2	NTSR2
NUAK1	NUAK1
NUAK2	NUAK2
NUB1	NUB1
NUBP1	NUBP1
NUBP2	NUBP2
NUBPL	NUBPL
NUCB1	NUCB1
NUCB1-AS1	NUCB1-AS1
NUCB2	NUCB2
NUCKS1	NUCKS1
NUDC	NUDC
NUDCD1	NUDCD1
NUDCD2	NUDCD2
NUDCD3	NUDCD3
NUDT1	NUDT1
NUDT10	NUDT10
NUDT11	NUDT11
NUDT12	NUDT12
NUDT13	NUDT13
NUDT14	NUDT14
NUDT15	NUDT15
NUDT16	NUDT16
NUDT16L1	NUDT16L1
NUDT17	NUDT17
NUDT18	NUDT18
NUDT19	NUDT19
NUDT2	NUDT2
NUDT21	NUDT21
NUDT22	NUDT22
NUDT3	NUDT3
NUDT4	NUDT4
NUDT4B	NUDT4B
NUDT5	NUDT5
NUDT6	NUDT6
NUDT7	NUDT7
NUDT8	NUDT8
NUDT9	NUDT9
NUF2	NUF2
NUFIP1	NUFIP1
NUFIP2	NUFIP2
NUGGC	NUGGC
NUMA1	NUMA1
NUMB	NUMB
NUMBL	NUMBL
NUP107	NUP107
NUP133	NUP133
NUP153	NUP153
NUP155	NUP155
NUP160	NUP160
NUP188	NUP188
NUP205	NUP205
NUP210	NUP210
NUP210L	NUP210L
NUP214	NUP214
NUP35	NUP35
NUP37	NUP37
NUP42	NUP42
NUP43	NUP43
NUP50	NUP50
NUP50-DT	NUP50-DT
NUP54	NUP54
NUP58	NUP58
NUP62	NUP62
NUP62CL	NUP62CL
NUP85	NUP85
NUP88	NUP88
NUP93	NUP93
NUP98	NUP98
NUPL2	NUPL2
NUPR1	NUPR1
NUPR2	NUPR2
NUS1	NUS1
NUSAP1	NUSAP1
NUTF2	NUTF2
NUTM1	NUTM1
NUTM2A	NUTM2A
NUTM2A-AS1	NUTM2A-AS1
NUTM2B	NUTM2B
NUTM2B-AS1	NUTM2B-AS1
NUTM2D	NUTM2D
NUTM2E	NUTM2E
NUTM2F	NUTM2F
NUTM2G	NUTM2G
NVL	NVL
NWD1	NWD1
NWD2	NWD2
NXF1	NXF1
NXF2	NXF2
NXF2B	NXF2B
NXF3	NXF3
NXF5	NXF5
NXN	NXN
NXNL1	NXNL1
NXNL2	NXNL2
NXPE1	NXPE1
NXPE2	NXPE2
NXPE3	NXPE3
NXPE4	NXPE4
NXPH1	NXPH1
NXPH2	NXPH2
NXPH3	NXPH3
NXPH4	NXPH4
NXT1	NXT1
NXT2	NXT2
NYAP1	NYAP1
NYAP2	NYAP2
NYNRIN	NYNRIN
NYX	NYX
OAF	OAF
OARD1	OARD1
OAS1	OAS1
OAS2	OAS2
OAS3	OAS3
OASL	OASL
OAT	OAT
OAZ1	OAZ1
OAZ2	OAZ2
OAZ3	OAZ3
OBI1	OBI1
OBI1-AS1	OBI1-AS1
OBP2A	OBP2A
OBSCN	OBSCN
OBSCN-AS1	OBSCN-AS1
OBSL1	OBSL1
OC90	OC90
OCA2	OCA2
OCEL1	OCEL1
OCIAD1	OCIAD1
OCIAD1-AS1	OCIAD1-AS1
OCIAD2	OCIAD2
OCLM	OCLM
OCLN	OCLN
OCM	OCM
OCM2	OCM2
OCRL	OCRL
OCSTAMP	OCSTAMP
ODAPH	ODAPH
ODC1	ODC1
ODC1-DT	ODC1-DT
ODF1	ODF1
ODF2	ODF2
ODF2-AS1	ODF2-AS1
ODF2L	ODF2L
ODF3	ODF3
ODF3B	ODF3B
ODF3L1	ODF3L1
ODF3L2	ODF3L2
ODF4	ODF4
ODR4	ODR4
OFD1	OFD1
OGA	OGA
OGDH	OGDH
OGDHL	OGDHL
OGFOD1	OGFOD1
OGFOD2	OGFOD2
OGFOD3	OGFOD3
OGFR	OGFR
OGFR-AS1	OGFR-AS1
OGFRL1	OGFRL1
OGFRP1	OGFRP1
OGG1	OGG1
OGN	OGN
OGT	OGT
OIP5	OIP5
OIP5-AS1	OIP5-AS1
OIT3	OIT3
OLA1	OLA1
OLAH	OLAH
OLFM1	OLFM1
OLFM2	OLFM2
OLFM3	OLFM3
OLFM4	OLFM4
OLFML1	OLFML1
OLFML2A	OLFML2A
OLFML2B	OLFML2B
OLFML3	OLFML3
OLIG1	OLIG1
OLIG2	OLIG2
OLMALINC	OLMALINC
OLR1	OLR1
OMA1	OMA1
OMD	OMD
OMG	OMG
ONECUT1	ONECUT1
ONECUT2	ONECUT2
ONECUT3	ONECUT3
OOEP	OOEP
OOEP-AS1	OOEP-AS1
OOSP1	OOSP1
OOSP2	OOSP2
OOSP3	OOSP3
OOSP4A	OOSP4A
OOSP4B	OOSP4B
OPA1	OPA1
OPA1-AS1	OPA1-AS1
OPA3	OPA3
OPALIN	OPALIN
OPCML	OPCML
OPCML-IT1	OPCML-IT1
OPCML-IT2	OPCML-IT2
OPHN1	OPHN1
OPLAH	OPLAH
OPN1LW	OPN1LW
OPN1SW	OPN1SW
OPN3	OPN3
OPN4	OPN4
OPN5	OPN5
OPRD1	OPRD1
OPRK1	OPRK1
OPRL1	OPRL1
OPRM1	OPRM1
OPRPN	OPRPN
OPTC	OPTC
OPTN	OPTN
OR10A2	OR10A2
OR10A3	OR10A3
OR10A4	OR10A4
OR10AD1	OR10AD1
OR10C1	OR10C1
OR10G3	OR10G3
OR10G4	OR10G4
OR10G7	OR10G7
OR10G8	OR10G8
OR10H1	OR10H1
OR10H3	OR10H3
OR10H5	OR10H5
OR10J1	OR10J1
OR10K1	OR10K1
OR10R2	OR10R2
OR10Z1	OR10Z1
OR11A1	OR11A1
OR11G2	OR11G2
OR11H4	OR11H4
OR12D2	OR12D2
OR13A1	OR13A1
OR13C2	OR13C2
OR13C3	OR13C3
OR13C4	OR13C4
OR13C5	OR13C5
OR13C9	OR13C9
OR13D1	OR13D1
OR13G1	OR13G1
OR13J1	OR13J1
OR14A16	OR14A16
OR14C36	OR14C36
OR14I1	OR14I1
OR14J1	OR14J1
OR1A1	OR1A1
OR1B1	OR1B1
OR1C1	OR1C1
OR1D2	OR1D2
OR1E1	OR1E1
OR1E2	OR1E2
OR1F1	OR1F1
OR1I1	OR1I1
OR1J1	OR1J1
OR1L3	OR1L3
OR1L6	OR1L6
OR1L8	OR1L8
OR1M1	OR1M1
OR1N2	OR1N2
OR2A1	OR2A1
OR2A1-AS1	OR2A1-AS1
OR2A12	OR2A12
OR2A14	OR2A14
OR2A25	OR2A25
OR2A42	OR2A42
OR2A5	OR2A5
OR2A7	OR2A7
OR2AE1	OR2AE1
OR2AG1	OR2AG1
OR2AG2	OR2AG2
OR2AJ1	OR2AJ1
OR2AK2	OR2AK2
OR2AP1	OR2AP1
OR2AT4	OR2AT4
OR2B11	OR2B11
OR2B6	OR2B6
OR2C1	OR2C1
OR2C3	OR2C3
OR2D2	OR2D2
OR2D3	OR2D3
OR2F1	OR2F1
OR2G6	OR2G6
OR2H1	OR2H1
OR2H2	OR2H2
OR2I1P	OR2I1P
OR2J2	OR2J2
OR2J3	OR2J3
OR2K2	OR2K2
OR2L13	OR2L13
OR2L2	OR2L2
OR2L3	OR2L3
OR2L5	OR2L5
OR2L8	OR2L8
OR2M2	OR2M2
OR2M3	OR2M3
OR2M4	OR2M4
OR2M5	OR2M5
OR2T1	OR2T1
OR2T10	OR2T10
OR2T11	OR2T11
OR2T12	OR2T12
OR2T2	OR2T2
OR2T27	OR2T27
OR2T29	OR2T29
OR2T33	OR2T33
OR2T35	OR2T35
OR2T6	OR2T6
OR2T8	OR2T8
OR2V1	OR2V1
OR2V2	OR2V2
OR2Z1	OR2Z1
OR3A1	OR3A1
OR3A2	OR3A2
OR3A3	OR3A3
OR4D1	OR4D1
OR4D10	OR4D10
OR4D2	OR4D2
OR4D9	OR4D9
OR4E2	OR4E2
OR4F15	OR4F15
OR4F17	OR4F17
OR4F6	OR4F6
OR4K1	OR4K1
OR4K14	OR4K14
OR4K17	OR4K17
OR4K2	OR4K2
OR4M2	OR4M2
OR4N2	OR4N2
OR4N5	OR4N5
OR4S2	OR4S2
OR51B2	OR51B2
OR51B4	OR51B4
OR51B5	OR51B5
OR51B6	OR51B6
OR51D1	OR51D1
OR51E1	OR51E1
OR51E2	OR51E2
OR51G2	OR51G2
OR51I1	OR51I1
OR51I2	OR51I2
OR51M1	OR51M1
OR52A1	OR52A1
OR52A5	OR52A5
OR52E5	OR52E5
OR52E6	OR52E6
OR52E8	OR52E8
OR52H1	OR52H1
OR52I1	OR52I1
OR52I2	OR52I2
OR52K1	OR52K1
OR52K2	OR52K2
OR52N1	OR52N1
OR52N4	OR52N4
OR52N5	OR52N5
OR56A1	OR56A1
OR56A3	OR56A3
OR56A4	OR56A4
OR56B1	OR56B1
OR56B4	OR56B4
OR5A1	OR5A1
OR5AN1	OR5AN1
OR5AS1	OR5AS1
OR5AU1	OR5AU1
OR5B12	OR5B12
OR5B2	OR5B2
OR5B21	OR5B21
OR5BS1P	OR5BS1P
OR5C1	OR5C1
OR5H1	OR5H1
OR5H14	OR5H14
OR5K1	OR5K1
OR5V1	OR5V1
OR6A2	OR6A2
OR6B1	OR6B1
OR6B3	OR6B3
OR6C1	OR6C1
OR6C2	OR6C2
OR6C4	OR6C4
OR6C6	OR6C6
OR6C75	OR6C75
OR6C76	OR6C76
OR6F1	OR6F1
OR6J1	OR6J1
OR6K3	OR6K3
OR6N1	OR6N1
OR6P1	OR6P1
OR6V1	OR6V1
OR6Y1	OR6Y1
OR7A10	OR7A10
OR7A17	OR7A17
OR7A5	OR7A5
OR7C1	OR7C1
OR7D2	OR7D2
OR7D4	OR7D4
OR7E24	OR7E24
OR7G2	OR7G2
OR8A1	OR8A1
OR8B8	OR8B8
OR8D1	OR8D1
OR8D4	OR8D4
OR8G1	OR8G1
OR8G5	OR8G5
OR8J1	OR8J1
OR8S1	OR8S1
OR9A2	OR9A2
OR9A4	OR9A4
OR9G4	OR9G4
OR9I1	OR9I1
OR9K2	OR9K2
OR9Q1	OR9Q1
ORAI1	ORAI1
ORAI2	ORAI2
ORAI3	ORAI3
ORAOV1	ORAOV1
ORC1	ORC1
ORC2	ORC2
ORC3	ORC3
ORC4	ORC4
ORC5	ORC5
ORC6	ORC6
ORMDL1	ORMDL1
ORMDL2	ORMDL2
ORMDL3	ORMDL3
OS9	OS9
OSBP	OSBP
OSBP2	OSBP2
OSBPL10	OSBPL10
OSBPL10-AS1	OSBPL10-AS1
OSBPL11	OSBPL11
OSBPL1A	OSBPL1A
OSBPL2	OSBPL2
OSBPL3	OSBPL3
OSBPL5	OSBPL5
OSBPL6	OSBPL6
OSBPL7	OSBPL7
OSBPL8	OSBPL8
OSBPL9	OSBPL9
OSCAR	OSCAR
OSCP1	OSCP1
OSER1	OSER1
OSER1-DT	OSER1-DT
OSGEP	OSGEP
OSGEPL1	OSGEPL1
OSGEPL1-AS1	OSGEPL1-AS1
OSGIN1	OSGIN1
OSGIN2	OSGIN2
OSM	OSM
OSMR	OSMR
OSMR-AS1	OSMR-AS1
OSR1	OSR1
OSR2	OSR2
OST4	OST4
OSTC	OSTC
OSTF1	OSTF1
OSTM1	OSTM1
OSTM1-AS1	OSTM1-AS1
OSTN	OSTN
OSTN-AS1	OSTN-AS1
OTC	OTC
OTOA	OTOA
OTOF	OTOF
OTOG	OTOG
OTOGL	OTOGL
OTOL1	OTOL1
OTOP1	OTOP1
OTOP2	OTOP2
OTOP3	OTOP3
OTOR	OTOR
OTOS	OTOS
OTP	OTP
OTUB1	OTUB1
OTUB2	OTUB2
OTUD1	OTUD1
OTUD3	OTUD3
OTUD4	OTUD4
OTUD5	OTUD5
OTUD6A	OTUD6A
OTUD6B	OTUD6B
OTUD6B-AS1	OTUD6B-AS1
OTUD7A	OTUD7A
OTUD7B	OTUD7B
OTULIN	OTULIN
OTULINL	OTULINL
OTX1	OTX1
OTX2	OTX2
OTX2-AS1	OTX2-AS1
OVAAL	OVAAL
OVCH1	OVCH1
OVCH1-AS1	OVCH1-AS1
OVCH2	OVCH2
OVGP1	OVGP1
OVOL1	OVOL1
OVOL1-AS1	OVOL1-AS1
OVOL2	OVOL2
OVOL3	OVOL3
OXA1L	OXA1L
OXCT1	OXCT1
OXCT1-AS1	OXCT1-AS1
OXCT2	OXCT2
OXER1	OXER1
OXGR1	OXGR1
OXLD1	OXLD1
OXNAD1	OXNAD1
OXR1	OXR1
OXSM	OXSM
OXSR1	OXSR1
OXT	OXT
OXTR	OXTR
P2RX1	P2RX1
P2RX2	P2RX2
P2RX3	P2RX3
P2RX4	P2RX4
P2RX5	P2RX5
P2RX5-TAX1BP3	P2RX5-TAX1BP3
P2RX6	P2RX6
P2RX7	P2RX7
P2RY1	P2RY1
P2RY10	P2RY10
P2RY11	P2RY11
P2RY12	P2RY12
P2RY13	P2RY13
P2RY14	P2RY14
P2RY2	P2RY2
P2RY4	P2RY4
P2RY6	P2RY6
P2RY8	P2RY8
P3H1	P3H1
P3H2	P3H2
P3H2-AS1	P3H2-AS1
P3H3	P3H3
P3H4	P3H4
P3R3URF	P3R3URF
P4HA1	P4HA1
P4HA2	P4HA2
P4HA2-AS1	P4HA2-AS1
P4HA3	P4HA3
P4HA3-AS1	P4HA3-AS1
P4HB	P4HB
P4HTM	P4HTM
PA2G4	PA2G4
PAAF1	PAAF1
PABPC1	PABPC1
PABPC1L	PABPC1L
PABPC1L2A	PABPC1L2A
PABPC1L2B	PABPC1L2B
PABPC3	PABPC3
PABPC4	PABPC4
PABPC4-AS1	PABPC4-AS1
PABPC4L	PABPC4L
PABPC5	PABPC5
PABPC5-AS1	PABPC5-AS1
PABPN1	PABPN1
PABPN1L	PABPN1L
PACC1	PACC1
PACERR	PACERR
PACRG	PACRG
PACRG-AS1	PACRG-AS1
PACRG-AS2	PACRG-AS2
PACRG-AS3	PACRG-AS3
PACRGL	PACRGL
PACS1	PACS1
PACS2	PACS2
PACSIN1	PACSIN1
PACSIN2	PACSIN2
PACSIN3	PACSIN3
PADI1	PADI1
PADI2	PADI2
PADI3	PADI3
PADI4	PADI4
PADI6	PADI6
PAEP	PAEP
PAF1	PAF1
PAFAH1B1	PAFAH1B1
PAFAH1B2	PAFAH1B2
PAFAH1B3	PAFAH1B3
PAFAH2	PAFAH2
PAG1	PAG1
PAGE1	PAGE1
PAGE2	PAGE2
PAGE2B	PAGE2B
PAGE4	PAGE4
PAGE5	PAGE5
PAGR1	PAGR1
PAH	PAH
PAICS	PAICS
PAIP1	PAIP1
PAIP2	PAIP2
PAIP2B	PAIP2B
PAK1	PAK1
PAK1IP1	PAK1IP1
PAK2	PAK2
PAK3	PAK3
PAK4	PAK4
PAK5	PAK5
PAK6	PAK6
PALB2	PALB2
PALD1	PALD1
PALLD	PALLD
PALM	PALM
PALM2	PALM2
PALM2-AKAP2	PALM2-AKAP2
PALM3	PALM3
PALMD	PALMD
PAM	PAM
PAM16	PAM16
PAMR1	PAMR1
PAN2	PAN2
PAN3	PAN3
PAN3-AS1	PAN3-AS1
PANCR	PANCR
PANK1	PANK1
PANK2	PANK2
PANK3	PANK3
PANK4	PANK4
PANO1	PANO1
PANTR1	PANTR1
PANX1	PANX1
PANX2	PANX2
PANX3	PANX3
PAOX	PAOX
PAPLN	PAPLN
PAPOLA	PAPOLA
PAPOLB	PAPOLB
PAPOLG	PAPOLG
PAPPA	PAPPA
PAPPA-AS1	PAPPA-AS1
PAPPA-AS2	PAPPA-AS2
PAPPA2	PAPPA2
PAPSS1	PAPSS1
PAPSS2	PAPSS2
PAQR3	PAQR3
PAQR4	PAQR4
PAQR5	PAQR5
PAQR6	PAQR6
PAQR7	PAQR7
PAQR8	PAQR8
PAQR9	PAQR9
PAQR9-AS1	PAQR9-AS1
PARAL1	PARAL1
PARD3	PARD3
PARD3-AS1	PARD3-AS1
PARD3B	PARD3B
PARD6A	PARD6A
PARD6B	PARD6B
PARD6G	PARD6G
PARD6G-AS1	PARD6G-AS1
PARG	PARG
PARK7	PARK7
PARL	PARL
PARM1	PARM1
PARN	PARN
PARP1	PARP1
PARP10	PARP10
PARP11	PARP11
PARP12	PARP12
PARP14	PARP14
PARP15	PARP15
PARP16	PARP16
PARP2	PARP2
PARP3	PARP3
PARP4	PARP4
PARP6	PARP6
PARP8	PARP8
PARP9	PARP9
PARPBP	PARPBP
PARS2	PARS2
PART1	PART1
PARTICL	PARTICL
PARVA	PARVA
PARVB	PARVB
PARVG	PARVG
PASD1	PASD1
PASK	PASK
PATE1	PATE1
PATE2	PATE2
PATE3	PATE3
PATE4	PATE4
PATJ	PATJ
PATL1	PATL1
PATL2	PATL2
PATZ1	PATZ1
PAUPAR	PAUPAR
PAWR	PAWR
PAX1	PAX1
PAX2	PAX2
PAX3	PAX3
PAX4	PAX4
PAX5	PAX5
PAX6	PAX6
PAX7	PAX7
PAX8	PAX8
PAX8-AS1	PAX8-AS1
PAX9	PAX9
PAXBP1	PAXBP1
PAXBP1-AS1	PAXBP1-AS1
PAXIP1	PAXIP1
PAXIP1-AS1	PAXIP1-AS1
PAXIP1-AS2	PAXIP1-AS2
PAXX	PAXX
PBDC1	PBDC1
PBK	PBK
PBLD	PBLD
PBOV1	PBOV1
PBRM1	PBRM1
PBX1	PBX1
PBX2	PBX2
PBX3	PBX3
PBX4	PBX4
PBXIP1	PBXIP1
PC	PC
PCA3	PCA3
PCARE	PCARE
PCAT1	PCAT1
PCAT14	PCAT14
PCAT18	PCAT18
PCAT19	PCAT19
PCAT4	PCAT4
PCAT5	PCAT5
PCAT6	PCAT6
PCAT7	PCAT7
PCBD1	PCBD1
PCBD2	PCBD2
PCBP1	PCBP1
PCBP1-AS1	PCBP1-AS1
PCBP2	PCBP2
PCBP2-OT1	PCBP2-OT1
PCBP3	PCBP3
PCBP4	PCBP4
PCCA	PCCA
PCCA-AS1	PCCA-AS1
PCCA-DT	PCCA-DT
PCCB	PCCB
PCDH1	PCDH1
PCDH10	PCDH10
PCDH11X	PCDH11X
PCDH11Y	PCDH11Y
PCDH12	PCDH12
PCDH15	PCDH15
PCDH17	PCDH17
PCDH18	PCDH18
PCDH19	PCDH19
PCDH20	PCDH20
PCDH7	PCDH7
PCDH8	PCDH8
PCDH9	PCDH9
PCDH9-AS1	PCDH9-AS1
PCDH9-AS2	PCDH9-AS2
PCDH9-AS3	PCDH9-AS3
PCDH9-AS4	PCDH9-AS4
PCDHA1	PCDHA1
PCDHA10	PCDHA10
PCDHA11	PCDHA11
PCDHA12	PCDHA12
PCDHA13	PCDHA13
PCDHA2	PCDHA2
PCDHA3	PCDHA3
PCDHA4	PCDHA4
PCDHA5	PCDHA5
PCDHA6	PCDHA6
PCDHA7	PCDHA7
PCDHA8	PCDHA8
PCDHA9	PCDHA9
PCDHAC1	PCDHAC1
PCDHAC2	PCDHAC2
PCDHB1	PCDHB1
PCDHB10	PCDHB10
PCDHB11	PCDHB11
PCDHB12	PCDHB12
PCDHB13	PCDHB13
PCDHB14	PCDHB14
PCDHB15	PCDHB15
PCDHB16	PCDHB16
PCDHB2	PCDHB2
PCDHB3	PCDHB3
PCDHB4	PCDHB4
PCDHB5	PCDHB5
PCDHB6	PCDHB6
PCDHB7	PCDHB7
PCDHB8	PCDHB8
PCDHB9	PCDHB9
PCDHGA1	PCDHGA1
PCDHGA10	PCDHGA10
PCDHGA11	PCDHGA11
PCDHGA12	PCDHGA12
PCDHGA2	PCDHGA2
PCDHGA3	PCDHGA3
PCDHGA4	PCDHGA4
PCDHGA5	PCDHGA5
PCDHGA6	PCDHGA6
PCDHGA7	PCDHGA7
PCDHGA8	PCDHGA8
PCDHGA9	PCDHGA9
PCDHGB1	PCDHGB1
PCDHGB2	PCDHGB2
PCDHGB3	PCDHGB3
PCDHGB4	PCDHGB4
PCDHGB5	PCDHGB5
PCDHGB6	PCDHGB6
PCDHGB7	PCDHGB7
PCDHGC3	PCDHGC3
PCDHGC4	PCDHGC4
PCDHGC5	PCDHGC5
PCED1A	PCED1A
PCED1B	PCED1B
PCED1B-AS1	PCED1B-AS1
PCF11	PCF11
PCF11-AS1	PCF11-AS1
PCGEM1	PCGEM1
PCGF1	PCGF1
PCGF2	PCGF2
PCGF3	PCGF3
PCGF5	PCGF5
PCGF6	PCGF6
PCID2	PCID2
PCIF1	PCIF1
PCK1	PCK1
PCK2	PCK2
PCLAF	PCLAF
PCLO	PCLO
PCM1	PCM1
PCMT1	PCMT1
PCMTD1	PCMTD1
PCMTD2	PCMTD2
PCNA	PCNA
PCNP	PCNP
PCNT	PCNT
PCNX1	PCNX1
PCNX2	PCNX2
PCNX3	PCNX3
PCNX4	PCNX4
PCOLCE	PCOLCE
PCOLCE-AS1	PCOLCE-AS1
PCOLCE2	PCOLCE2
PCOTH	PCOTH
PCP2	PCP2
PCP4	PCP4
PCP4L1	PCP4L1
PCSK1	PCSK1
PCSK1N	PCSK1N
PCSK2	PCSK2
PCSK4	PCSK4
PCSK5	PCSK5
PCSK6	PCSK6
PCSK6-AS1	PCSK6-AS1
PCSK7	PCSK7
PCSK9	PCSK9
PCTP	PCTP
PCYOX1	PCYOX1
PCYOX1L	PCYOX1L
PCYT1A	PCYT1A
PCYT1B	PCYT1B
PCYT1B-AS1	PCYT1B-AS1
PCYT2	PCYT2
PDAP1	PDAP1
PDC	PDC
PDCD1	PDCD1
PDCD10	PDCD10
PDCD11	PDCD11
PDCD1LG2	PDCD1LG2
PDCD2	PDCD2
PDCD2L	PDCD2L
PDCD4	PDCD4
PDCD4-AS1	PDCD4-AS1
PDCD5	PDCD5
PDCD6	PDCD6
PDCD6IP	PDCD6IP
PDCD7	PDCD7
PDCL	PDCL
PDCL2	PDCL2
PDCL3	PDCL3
PDE10A	PDE10A
PDE11A	PDE11A
PDE11A.1	PDE11A.1
PDE12	PDE12
PDE1A	PDE1A
PDE1B	PDE1B
PDE1C	PDE1C
PDE2A	PDE2A
PDE3A	PDE3A
PDE3B	PDE3B
PDE4A	PDE4A
PDE4B	PDE4B
PDE4C	PDE4C
PDE4D	PDE4D
PDE4DIP	PDE4DIP
PDE5A	PDE5A
PDE6A	PDE6A
PDE6B	PDE6B
PDE6C	PDE6C
PDE6D	PDE6D
PDE6G	PDE6G
PDE6H	PDE6H
PDE7A	PDE7A
PDE7B	PDE7B
PDE8A	PDE8A
PDE8B	PDE8B
PDE9A	PDE9A
PDF	PDF
PDGFA	PDGFA
PDGFB	PDGFB
PDGFC	PDGFC
PDGFD	PDGFD
PDGFRA	PDGFRA
PDGFRB	PDGFRB
PDGFRL	PDGFRL
PDHA1	PDHA1
PDHB	PDHB
PDHX	PDHX
PDIA2	PDIA2
PDIA3	PDIA3
PDIA4	PDIA4
PDIA5	PDIA5
PDIA6	PDIA6
PDIK1L	PDIK1L
PDILT	PDILT
PDK1	PDK1
PDK2	PDK2
PDK3	PDK3
PDK4	PDK4
PDLIM1	PDLIM1
PDLIM2	PDLIM2
PDLIM3	PDLIM3
PDLIM4	PDLIM4
PDLIM5	PDLIM5
PDLIM7	PDLIM7
PDP1	PDP1
PDP2	PDP2
PDPK1	PDPK1
PDPN	PDPN
PDPR	PDPR
PDRG1	PDRG1
PDS5A	PDS5A
PDS5B	PDS5B
PDSS1	PDSS1
PDSS2	PDSS2
PDXDC1	PDXDC1
PDXK	PDXK
PDXP	PDXP
PDYN	PDYN
PDYN-AS1	PDYN-AS1
PDZD11	PDZD11
PDZD2	PDZD2
PDZD3	PDZD3
PDZD4	PDZD4
PDZD7	PDZD7
PDZD8	PDZD8
PDZD9	PDZD9
PDZK1	PDZK1
PDZK1IP1	PDZK1IP1
PDZRN3	PDZRN3
PDZRN3-AS1	PDZRN3-AS1
PDZRN4	PDZRN4
PEA15	PEA15
PEAK1	PEAK1
PEAK3	PEAK3
PEAR1	PEAR1
PEBP1	PEBP1
PEBP4	PEBP4
PECAM1	PECAM1
PECR	PECR
PEF1	PEF1
PEG10	PEG10
PEG13	PEG13
PEG3	PEG3
PELI1	PELI1
PELI2	PELI2
PELI3	PELI3
PELO	PELO
PELP1	PELP1
PEMT	PEMT
PENK	PENK
PEPD	PEPD
PER1	PER1
PER2	PER2
PER3	PER3
PERM1	PERM1
PERP	PERP
PES1	PES1
PET100	PET100
PET117	PET117
PEX1	PEX1
PEX10	PEX10
PEX11A	PEX11A
PEX11B	PEX11B
PEX11G	PEX11G
PEX12	PEX12
PEX13	PEX13
PEX14	PEX14
PEX16	PEX16
PEX19	PEX19
PEX2	PEX2
PEX26	PEX26
PEX3	PEX3
PEX5	PEX5
PEX5L	PEX5L
PEX5L-AS1	PEX5L-AS1
PEX5L-AS2	PEX5L-AS2
PEX6	PEX6
PEX7	PEX7
PF4	PF4
PF4V1	PF4V1
PFAS	PFAS
PFDN1	PFDN1
PFDN2	PFDN2
PFDN4	PFDN4
PFDN5	PFDN5
PFDN6	PFDN6
PFKFB1	PFKFB1
PFKFB2	PFKFB2
PFKFB3	PFKFB3
PFKFB4	PFKFB4
PFKL	PFKL
PFKM	PFKM
PFKP	PFKP
PFN1	PFN1
PFN2	PFN2
PFN3	PFN3
PFN4	PFN4
PGA3	PGA3
PGA5	PGA5
PGAM1	PGAM1
PGAM2	PGAM2
PGAM4	PGAM4
PGAM5	PGAM5
PGAP1	PGAP1
PGAP2	PGAP2
PGAP3	PGAP3
PGBD1	PGBD1
PGBD2	PGBD2
PGBD4	PGBD4
PGBD5	PGBD5
PGC	PGC
PGD	PGD
PGF	PGF
PGGHG	PGGHG
PGGT1B	PGGT1B
PGK1	PGK1
PGLS	PGLS
PGLYRP1	PGLYRP1
PGLYRP2	PGLYRP2
PGLYRP3	PGLYRP3
PGLYRP4	PGLYRP4
PGM1	PGM1
PGM2	PGM2
PGM2L1	PGM2L1
PGM3	PGM3
PGM5	PGM5
PGM5-AS1	PGM5-AS1
PGM5P3-AS1	PGM5P3-AS1
PGM5P4-AS1	PGM5P4-AS1
PGP	PGP
PGPEP1	PGPEP1
PGPEP1L	PGPEP1L
PGR	PGR
PGR-AS1	PGR-AS1
PGRMC1	PGRMC1
PGRMC2	PGRMC2
PGS1	PGS1
PHACTR1	PHACTR1
PHACTR2	PHACTR2
PHACTR2-AS1	PHACTR2-AS1
PHACTR3	PHACTR3
PHACTR4	PHACTR4
PHAX	PHAX
PHB	PHB
PHB2	PHB2
PHC1	PHC1
PHC2	PHC2
PHC3	PHC3
PHETA1	PHETA1
PHETA2	PHETA2
PHEX	PHEX
PHEX-AS1	PHEX-AS1
PHF1	PHF1
PHF10	PHF10
PHF11	PHF11
PHF12	PHF12
PHF13	PHF13
PHF14	PHF14
PHF19	PHF19
PHF2	PHF2
PHF20	PHF20
PHF20L1	PHF20L1
PHF21A	PHF21A
PHF21B	PHF21B
PHF23	PHF23
PHF24	PHF24
PHF3	PHF3
PHF5A	PHF5A
PHF6	PHF6
PHF7	PHF7
PHF8	PHF8
PHGDH	PHGDH
PHGR1	PHGR1
PHIP	PHIP
PHKA1	PHKA1
PHKA1-AS1	PHKA1-AS1
PHKA2	PHKA2
PHKA2-AS1	PHKA2-AS1
PHKB	PHKB
PHKG1	PHKG1
PHKG2	PHKG2
PHLDA1	PHLDA1
PHLDA2	PHLDA2
PHLDA3	PHLDA3
PHLDB1	PHLDB1
PHLDB2	PHLDB2
PHLDB3	PHLDB3
PHLPP1	PHLPP1
PHLPP2	PHLPP2
PHOSPHO1	PHOSPHO1
PHOSPHO2	PHOSPHO2
PHOX2A	PHOX2A
PHOX2B	PHOX2B
PHPT1	PHPT1
PHRF1	PHRF1
PHTF1	PHTF1
PHTF2	PHTF2
PHYH	PHYH
PHYHD1	PHYHD1
PHYHIP	PHYHIP
PHYHIPL	PHYHIPL
PHYKPL	PHYKPL
PI15	PI15
PI16	PI16
PI4K2A	PI4K2A
PI4K2B	PI4K2B
PI4KA	PI4KA
PI4KB	PI4KB
PIANP	PIANP
PIAS1	PIAS1
PIAS2	PIAS2
PIAS3	PIAS3
PIAS4	PIAS4
PIBF1	PIBF1
PICALM	PICALM
PICART1	PICART1
PICK1	PICK1
PICSAR	PICSAR
PID1	PID1
PIDD1	PIDD1
PIEZO1	PIEZO1
PIEZO2	PIEZO2
PIF1	PIF1
PIFO	PIFO
PIGA	PIGA
PIGB	PIGB
PIGBOS1	PIGBOS1
PIGC	PIGC
PIGF	PIGF
PIGG	PIGG
PIGH	PIGH
PIGK	PIGK
PIGL	PIGL
PIGM	PIGM
PIGN	PIGN
PIGO	PIGO
PIGP	PIGP
PIGQ	PIGQ
PIGR	PIGR
PIGS	PIGS
PIGT	PIGT
PIGU	PIGU
PIGV	PIGV
PIGW	PIGW
PIGX	PIGX
PIGY-DT	PIGY-DT
PIGZ	PIGZ
PIH1D1	PIH1D1
PIH1D2	PIH1D2
PIH1D3	PIH1D3
PIK3AP1	PIK3AP1
PIK3C2A	PIK3C2A
PIK3C2B	PIK3C2B
PIK3C2G	PIK3C2G
PIK3C3	PIK3C3
PIK3CA	PIK3CA
PIK3CB	PIK3CB
PIK3CD	PIK3CD
PIK3CD-AS1	PIK3CD-AS1
PIK3CD-AS2	PIK3CD-AS2
PIK3CG	PIK3CG
PIK3IP1	PIK3IP1
PIK3IP1-AS1	PIK3IP1-AS1
PIK3R1	PIK3R1
PIK3R2	PIK3R2
PIK3R3	PIK3R3
PIK3R4	PIK3R4
PIK3R5	PIK3R5
PIK3R6	PIK3R6
PIKFYVE	PIKFYVE
PILRA	PILRA
PILRB	PILRB
PIM1	PIM1
PIM2	PIM2
PIM3	PIM3
PIMREG	PIMREG
PIN1	PIN1
PIN4	PIN4
PINCR	PINCR
PINK1	PINK1
PINK1-AS	PINK1-AS
PINLYP	PINLYP
PINX1	PINX1
PINX1.1	PINX1.1
PIP	PIP
PIP4K2A	PIP4K2A
PIP4K2B	PIP4K2B
PIP4K2C	PIP4K2C
PIP4P1	PIP4P1
PIP4P2	PIP4P2
PIP5K1A	PIP5K1A
PIP5K1B	PIP5K1B
PIP5K1C	PIP5K1C
PIP5KL1	PIP5KL1
PIPOX	PIPOX
PIR	PIR
PIRT	PIRT
PISD	PISD
PITHD1	PITHD1
PITPNA	PITPNA
PITPNA-AS1	PITPNA-AS1
PITPNB	PITPNB
PITPNC1	PITPNC1
PITPNM1	PITPNM1
PITPNM2	PITPNM2
PITPNM2-AS1	PITPNM2-AS1
PITPNM3	PITPNM3
PITRM1	PITRM1
PITRM1-AS1	PITRM1-AS1
PITX1	PITX1
PITX2	PITX2
PITX3	PITX3
PIWIL1	PIWIL1
PIWIL2	PIWIL2
PIWIL3	PIWIL3
PIWIL4	PIWIL4
PJA1	PJA1
PJA2	PJA2
PJVK	PJVK
PKD1	PKD1
PKD1L1	PKD1L1
PKD1L3	PKD1L3
PKD2	PKD2
PKD2L1	PKD2L1
PKD2L2	PKD2L2
PKDCC	PKDCC
PKDREJ	PKDREJ
PKHD1	PKHD1
PKHD1L1	PKHD1L1
PKIA	PKIA
PKIA-AS1	PKIA-AS1
PKIB	PKIB
PKIG	PKIG
PKLR	PKLR
PKM	PKM
PKMYT1	PKMYT1
PKN1	PKN1
PKN2	PKN2
PKN2-AS1	PKN2-AS1
PKN3	PKN3
PKNOX1	PKNOX1
PKNOX2	PKNOX2
PKNOX2-AS1	PKNOX2-AS1
PKP1	PKP1
PKP2	PKP2
PKP3	PKP3
PKP4	PKP4
PKP4-AS1	PKP4-AS1
PLA1A	PLA1A
PLA2G10	PLA2G10
PLA2G12A	PLA2G12A
PLA2G12B	PLA2G12B
PLA2G15	PLA2G15
PLA2G16	PLA2G16
PLA2G1B	PLA2G1B
PLA2G2A	PLA2G2A
PLA2G2C	PLA2G2C
PLA2G2D	PLA2G2D
PLA2G2F	PLA2G2F
PLA2G3	PLA2G3
PLA2G4A	PLA2G4A
PLA2G4B	PLA2G4B
PLA2G4C	PLA2G4C
PLA2G4C-AS1	PLA2G4C-AS1
PLA2G4D	PLA2G4D
PLA2G4E	PLA2G4E
PLA2G4E-AS1	PLA2G4E-AS1
PLA2G4F	PLA2G4F
PLA2G5	PLA2G5
PLA2G6	PLA2G6
PLA2G7	PLA2G7
PLA2R1	PLA2R1
PLAA	PLAA
PLAAT1	PLAAT1
PLAAT2	PLAAT2
PLAAT3	PLAAT3
PLAAT4	PLAAT4
PLAAT5	PLAAT5
PLAC1	PLAC1
PLAC4	PLAC4
PLAC8	PLAC8
PLAC8L1	PLAC8L1
PLAC9	PLAC9
PLAG1	PLAG1
PLAGL1	PLAGL1
PLAGL2	PLAGL2
PLAT	PLAT
PLAU	PLAU
PLAUR	PLAUR
PLB1	PLB1
PLBD1	PLBD1
PLBD1-AS1	PLBD1-AS1
PLBD2	PLBD2
PLCB1	PLCB1
PLCB1-IT1	PLCB1-IT1
PLCB2	PLCB2
PLCB3	PLCB3
PLCB4	PLCB4
PLCD1	PLCD1
PLCD3	PLCD3
PLCD4	PLCD4
PLCE1	PLCE1
PLCE1-AS1	PLCE1-AS1
PLCE1-AS2	PLCE1-AS2
PLCG1	PLCG1
PLCG1-AS1	PLCG1-AS1
PLCG2	PLCG2
PLCH1	PLCH1
PLCH1-AS1	PLCH1-AS1
PLCH1-AS2	PLCH1-AS2
PLCH2	PLCH2
PLCL1	PLCL1
PLCL2	PLCL2
PLCL2-AS1	PLCL2-AS1
PLCXD1	PLCXD1
PLCXD2	PLCXD2
PLCXD3	PLCXD3
PLCZ1	PLCZ1
PLD1	PLD1
PLD2	PLD2
PLD3	PLD3
PLD4	PLD4
PLD5	PLD5
PLD6	PLD6
PLEC	PLEC
PLEK	PLEK
PLEK2	PLEK2
PLEKHA1	PLEKHA1
PLEKHA2	PLEKHA2
PLEKHA3	PLEKHA3
PLEKHA4	PLEKHA4
PLEKHA5	PLEKHA5
PLEKHA6	PLEKHA6
PLEKHA7	PLEKHA7
PLEKHA8	PLEKHA8
PLEKHB1	PLEKHB1
PLEKHB2	PLEKHB2
PLEKHD1	PLEKHD1
PLEKHF1	PLEKHF1
PLEKHF2	PLEKHF2
PLEKHG1	PLEKHG1
PLEKHG2	PLEKHG2
PLEKHG3	PLEKHG3
PLEKHG4	PLEKHG4
PLEKHG4B	PLEKHG4B
PLEKHG5	PLEKHG5
PLEKHG6	PLEKHG6
PLEKHG7	PLEKHG7
PLEKHH1	PLEKHH1
PLEKHH2	PLEKHH2
PLEKHH3	PLEKHH3
PLEKHJ1	PLEKHJ1
PLEKHM1	PLEKHM1
PLEKHM2	PLEKHM2
PLEKHM3	PLEKHM3
PLEKHN1	PLEKHN1
PLEKHO1	PLEKHO1
PLEKHO2	PLEKHO2
PLEKHS1	PLEKHS1
PLET1	PLET1
PLG	PLG
PLGLB1	PLGLB1
PLGLB2	PLGLB2
PLGRKT	PLGRKT
PLIN1	PLIN1
PLIN2	PLIN2
PLIN3	PLIN3
PLIN4	PLIN4
PLIN5	PLIN5
PLK1	PLK1
PLK2	PLK2
PLK3	PLK3
PLK4	PLK4
PLK5	PLK5
PLLP	PLLP
PLN	PLN
PLOD1	PLOD1
PLOD2	PLOD2
PLOD3	PLOD3
PLP1	PLP1
PLP2	PLP2
PLPBP	PLPBP
PLPP1	PLPP1
PLPP2	PLPP2
PLPP3	PLPP3
PLPP4	PLPP4
PLPP5	PLPP5
PLPP6	PLPP6
PLPP7	PLPP7
PLPPR1	PLPPR1
PLPPR2	PLPPR2
PLPPR3	PLPPR3
PLPPR4	PLPPR4
PLPPR5	PLPPR5
PLRG1	PLRG1
PLS1	PLS1
PLS1-AS1	PLS1-AS1
PLS3	PLS3
PLS3-AS1	PLS3-AS1
PLSCR1	PLSCR1
PLSCR2	PLSCR2
PLSCR3	PLSCR3
PLSCR4	PLSCR4
PLSCR5	PLSCR5
PLTP	PLTP
PLUT	PLUT
PLVAP	PLVAP
PLXDC1	PLXDC1
PLXDC2	PLXDC2
PLXNA1	PLXNA1
PLXNA2	PLXNA2
PLXNA3	PLXNA3
PLXNA4	PLXNA4
PLXNB1	PLXNB1
PLXNB2	PLXNB2
PLXNB3	PLXNB3
PLXNC1	PLXNC1
PLXND1	PLXND1
PM20D1	PM20D1
PM20D2	PM20D2
PMAIP1	PMAIP1
PMEL	PMEL
PMEPA1	PMEPA1
PMF1	PMF1
PMF1-BGLAP	PMF1-BGLAP
PMFBP1	PMFBP1
PML	PML
PMM1	PMM1
PMM2	PMM2
PMP2	PMP2
PMP22	PMP22
PMPCA	PMPCA
PMPCB	PMPCB
PMS1	PMS1
PMS2	PMS2
PMVK	PMVK
PNCK	PNCK
PNISR	PNISR
PNKD	PNKD
PNKP	PNKP
PNLDC1	PNLDC1
PNLIP	PNLIP
PNLIPRP1	PNLIPRP1
PNLIPRP3	PNLIPRP3
PNMA1	PNMA1
PNMA2	PNMA2
PNMA3	PNMA3
PNMA5	PNMA5
PNMA6A	PNMA6A
PNMA6E	PNMA6E
PNMA6F	PNMA6F
PNMA8A	PNMA8A
PNMA8B	PNMA8B
PNMA8C	PNMA8C
PNMT	PNMT
PNN	PNN
PNO1	PNO1
PNOC	PNOC
PNP	PNP
PNPLA1	PNPLA1
PNPLA2	PNPLA2
PNPLA3	PNPLA3
PNPLA4	PNPLA4
PNPLA5	PNPLA5
PNPLA6	PNPLA6
PNPLA7	PNPLA7
PNPLA8	PNPLA8
PNPO	PNPO
PNPT1	PNPT1
PNRC1	PNRC1
PNRC2	PNRC2
POC1A	POC1A
POC1B	POC1B
POC1B-AS1	POC1B-AS1
POC1B-GALNT4	POC1B-GALNT4
POC5	POC5
PODN	PODN
PODNL1	PODNL1
PODXL	PODXL
PODXL2	PODXL2
POF1B	POF1B
POFUT1	POFUT1
POFUT2	POFUT2
POGK	POGK
POGLUT1	POGLUT1
POGLUT2	POGLUT2
POGLUT3	POGLUT3
POGZ	POGZ
POLA1	POLA1
POLA2	POLA2
POLB	POLB
POLD1	POLD1
POLD2	POLD2
POLD3	POLD3
POLD4	POLD4
POLDIP2	POLDIP2
POLDIP3	POLDIP3
POLE	POLE
POLE2	POLE2
POLE3	POLE3
POLE4	POLE4
POLG	POLG
POLG2	POLG2
POLH	POLH
POLH-AS1	POLH-AS1
POLI	POLI
POLK	POLK
POLL	POLL
POLM	POLM
POLN	POLN
POLQ	POLQ
POLR1A	POLR1A
POLR1B	POLR1B
POLR1C	POLR1C
POLR1D	POLR1D
POLR1E	POLR1E
POLR2A	POLR2A
POLR2B	POLR2B
POLR2C	POLR2C
POLR2D	POLR2D
POLR2E	POLR2E
POLR2F	POLR2F
POLR2G	POLR2G
POLR2H	POLR2H
POLR2I	POLR2I
POLR2J	POLR2J
POLR2J2	POLR2J2
POLR2J3	POLR2J3
POLR2K	POLR2K
POLR2L	POLR2L
POLR2M	POLR2M
POLR3A	POLR3A
POLR3B	POLR3B
POLR3C	POLR3C
POLR3D	POLR3D
POLR3E	POLR3E
POLR3F	POLR3F
POLR3G	POLR3G
POLR3GL	POLR3GL
POLR3H	POLR3H
POLR3K	POLR3K
POLRMT	POLRMT
POM121	POM121
POM121C	POM121C
POM121L2	POM121L2
POMC	POMC
POMGNT1	POMGNT1
POMGNT2	POMGNT2
POMK	POMK
POMP	POMP
POMT1	POMT1
POMT2	POMT2
POMZP3	POMZP3
PON1	PON1
PON2	PON2
PON3	PON3
POP1	POP1
POP4	POP4
POP5	POP5
POP7	POP7
POPDC2	POPDC2
POPDC3	POPDC3
POR	POR
PORCN	PORCN
POSTN	POSTN
POT1	POT1
POT1-AS1	POT1-AS1
POTEC	POTEC
POTED	POTED
POTEE	POTEE
POTEF	POTEF
POTEG	POTEG
POTEH	POTEH
POTEI	POTEI
POTEJ	POTEJ
POTEM	POTEM
POU1F1	POU1F1
POU2AF1	POU2AF1
POU2F1	POU2F1
POU2F2	POU2F2
POU2F3	POU2F3
POU3F1	POU3F1
POU3F2	POU3F2
POU3F3	POU3F3
POU3F4	POU3F4
POU4F1	POU4F1
POU4F3	POU4F3
POU5F1	POU5F1
POU5F1B	POU5F1B
POU5F2	POU5F2
POU6F1	POU6F1
POU6F2	POU6F2
POU6F2-AS1	POU6F2-AS1
POU6F2-AS2	POU6F2-AS2
PP2D1	PP2D1
PPA1	PPA1
PPA2	PPA2
PPAN	PPAN
PPARA	PPARA
PPARD	PPARD
PPARG	PPARG
PPARGC1A	PPARGC1A
PPARGC1B	PPARGC1B
PPAT	PPAT
PPBP	PPBP
PPCDC	PPCDC
PPCS	PPCS
PPDPF	PPDPF
PPDPFL	PPDPFL
PPEF1	PPEF1
PPEF1-AS1	PPEF1-AS1
PPEF2	PPEF2
PPFIA1	PPFIA1
PPFIA2	PPFIA2
PPFIA2-AS1	PPFIA2-AS1
PPFIA3	PPFIA3
PPFIA4	PPFIA4
PPFIBP1	PPFIBP1
PPFIBP2	PPFIBP2
PPHLN1	PPHLN1
PPIA	PPIA
PPIAL4A	PPIAL4A
PPIAL4C	PPIAL4C
PPIAL4E	PPIAL4E
PPIAL4G	PPIAL4G
PPIAL4H	PPIAL4H
PPIB	PPIB
PPIC	PPIC
PPID	PPID
PPIE	PPIE
PPIF	PPIF
PPIG	PPIG
PPIH	PPIH
PPIL1	PPIL1
PPIL2	PPIL2
PPIL3	PPIL3
PPIL4	PPIL4
PPIL6	PPIL6
PPIP5K1	PPIP5K1
PPIP5K2	PPIP5K2
PPL	PPL
PPM1A	PPM1A
PPM1B	PPM1B
PPM1D	PPM1D
PPM1E	PPM1E
PPM1F	PPM1F
PPM1G	PPM1G
PPM1H	PPM1H
PPM1J	PPM1J
PPM1K	PPM1K
PPM1K-DT	PPM1K-DT
PPM1L	PPM1L
PPM1M	PPM1M
PPM1N	PPM1N
PPME1	PPME1
PPOX	PPOX
PPP1CA	PPP1CA
PPP1CB	PPP1CB
PPP1CC	PPP1CC
PPP1R10	PPP1R10
PPP1R11	PPP1R11
PPP1R12A	PPP1R12A
PPP1R12A-AS1	PPP1R12A-AS1
PPP1R12B	PPP1R12B
PPP1R12C	PPP1R12C
PPP1R13B	PPP1R13B
PPP1R13L	PPP1R13L
PPP1R14A	PPP1R14A
PPP1R14B	PPP1R14B
PPP1R14B-AS1	PPP1R14B-AS1
PPP1R14C	PPP1R14C
PPP1R14D	PPP1R14D
PPP1R15A	PPP1R15A
PPP1R15B	PPP1R15B
PPP1R16A	PPP1R16A
PPP1R16B	PPP1R16B
PPP1R17	PPP1R17
PPP1R18	PPP1R18
PPP1R1A	PPP1R1A
PPP1R1B	PPP1R1B
PPP1R1C	PPP1R1C
PPP1R2	PPP1R2
PPP1R21	PPP1R21
PPP1R26	PPP1R26
PPP1R26-AS1	PPP1R26-AS1
PPP1R27	PPP1R27
PPP1R2B	PPP1R2B
PPP1R32	PPP1R32
PPP1R35	PPP1R35
PPP1R36	PPP1R36
PPP1R37	PPP1R37
PPP1R3A	PPP1R3A
PPP1R3B	PPP1R3B
PPP1R3C	PPP1R3C
PPP1R3D	PPP1R3D
PPP1R3E	PPP1R3E
PPP1R3F	PPP1R3F
PPP1R3G	PPP1R3G
PPP1R42	PPP1R42
PPP1R7	PPP1R7
PPP1R8	PPP1R8
PPP1R9A	PPP1R9A
PPP1R9B	PPP1R9B
PPP2CA	PPP2CA
PPP2CB	PPP2CB
PPP2R1A	PPP2R1A
PPP2R1B	PPP2R1B
PPP2R2A	PPP2R2A
PPP2R2B	PPP2R2B
PPP2R2B-IT1	PPP2R2B-IT1
PPP2R2C	PPP2R2C
PPP2R2D	PPP2R2D
PPP2R3A	PPP2R3A
PPP2R3B	PPP2R3B
PPP2R3C	PPP2R3C
PPP2R5A	PPP2R5A
PPP2R5B	PPP2R5B
PPP2R5C	PPP2R5C
PPP2R5D	PPP2R5D
PPP2R5E	PPP2R5E
PPP3CA	PPP3CA
PPP3CB	PPP3CB
PPP3CB-AS1	PPP3CB-AS1
PPP3CC	PPP3CC
PPP3R1	PPP3R1
PPP3R2	PPP3R2
PPP4C	PPP4C
PPP4R1	PPP4R1
PPP4R1-AS1	PPP4R1-AS1
PPP4R2	PPP4R2
PPP4R3A	PPP4R3A
PPP4R3B	PPP4R3B
PPP4R3C	PPP4R3C
PPP4R4	PPP4R4
PPP5C	PPP5C
PPP5D1	PPP5D1
PPP6C	PPP6C
PPP6R1	PPP6R1
PPP6R2	PPP6R2
PPP6R3	PPP6R3
PPRC1	PPRC1
PPT1	PPT1
PPT2	PPT2
PPT2-EGFL8	PPT2-EGFL8
PPTC7	PPTC7
PPWD1	PPWD1
PQBP1	PQBP1
PQLC1	PQLC1
PQLC2	PQLC2
PQLC2L	PQLC2L
PQLC3	PQLC3
PRADC1	PRADC1
PRAF2	PRAF2
PRAG1	PRAG1
PRAM1	PRAM1
PRAME	PRAME
PRAMEF11	PRAMEF11
PRAMEF12	PRAMEF12
PRAMEF14	PRAMEF14
PRAMEF15	PRAMEF15
PRAMEF20	PRAMEF20
PRAMEF4	PRAMEF4
PRAP1	PRAP1
PRB1	PRB1
PRB2	PRB2
PRB3	PRB3
PRB4	PRB4
PRC1	PRC1
PRC1-AS1	PRC1-AS1
PRCC	PRCC
PRCD	PRCD
PRCP	PRCP
PRDM1	PRDM1
PRDM10	PRDM10
PRDM11	PRDM11
PRDM12	PRDM12
PRDM13	PRDM13
PRDM14	PRDM14
PRDM15	PRDM15
PRDM16	PRDM16
PRDM16-DT	PRDM16-DT
PRDM2	PRDM2
PRDM4	PRDM4
PRDM5	PRDM5
PRDM6	PRDM6
PRDM7	PRDM7
PRDM8	PRDM8
PRDM9	PRDM9
PRDX1	PRDX1
PRDX2	PRDX2
PRDX3	PRDX3
PRDX4	PRDX4
PRDX5	PRDX5
PRDX6	PRDX6
PREB	PREB
PRELID1	PRELID1
PRELID2	PRELID2
PRELID3A	PRELID3A
PRELID3B	PRELID3B
PRELP	PRELP
PREP	PREP
PREPL	PREPL
PREX1	PREX1
PREX2	PREX2
PRF1	PRF1
PRG4	PRG4
PRH1	PRH1
PRH2	PRH2
PRICKLE1	PRICKLE1
PRICKLE2	PRICKLE2
PRICKLE2-AS2	PRICKLE2-AS2
PRICKLE2-AS3	PRICKLE2-AS3
PRICKLE3	PRICKLE3
PRICKLE4	PRICKLE4
PRIM1	PRIM1
PRIM2	PRIM2
PRIMA1	PRIMA1
PRIMPOL	PRIMPOL
PRKAA1	PRKAA1
PRKAA2	PRKAA2
PRKAB1	PRKAB1
PRKAB2	PRKAB2
PRKACA	PRKACA
PRKACB	PRKACB
PRKACG	PRKACG
PRKAG1	PRKAG1
PRKAG2	PRKAG2
PRKAG2-AS1	PRKAG2-AS1
PRKAG3	PRKAG3
PRKAR1A	PRKAR1A
PRKAR1B	PRKAR1B
PRKAR2A	PRKAR2A
PRKAR2A-AS1	PRKAR2A-AS1
PRKAR2B	PRKAR2B
PRKCA	PRKCA
PRKCA-AS1	PRKCA-AS1
PRKCB	PRKCB
PRKCD	PRKCD
PRKCE	PRKCE
PRKCG	PRKCG
PRKCH	PRKCH
PRKCI	PRKCI
PRKCQ	PRKCQ
PRKCQ-AS1	PRKCQ-AS1
PRKCSH	PRKCSH
PRKCZ	PRKCZ
PRKCZ-AS1	PRKCZ-AS1
PRKD1	PRKD1
PRKD2	PRKD2
PRKD3	PRKD3
PRKDC	PRKDC
PRKG1	PRKG1
PRKG1-AS1	PRKG1-AS1
PRKG2	PRKG2
PRKN	PRKN
PRKRA	PRKRA
PRKRIP1	PRKRIP1
PRKX	PRKX
PRKX-AS1	PRKX-AS1
PRKY	PRKY
PRL	PRL
PRLHR	PRLHR
PRLR	PRLR
PRMT1	PRMT1
PRMT2	PRMT2
PRMT3	PRMT3
PRMT5	PRMT5
PRMT5-AS1	PRMT5-AS1
PRMT6	PRMT6
PRMT7	PRMT7
PRMT8	PRMT8
PRMT9	PRMT9
PRNCR1	PRNCR1
PRND	PRND
PRNP	PRNP
PRNT	PRNT
PROB1	PROB1
PROC	PROC
PROCA1	PROCA1
PROCR	PROCR
PRODH	PRODH
PRODH2	PRODH2
PROK1	PROK1
PROK2	PROK2
PROKR1	PROKR1
PROKR2	PROKR2
PROM1	PROM1
PROM2	PROM2
PROP1	PROP1
PRORP	PRORP
PROS1	PROS1
PROSER1	PROSER1
PROSER2	PROSER2
PROSER2-AS1	PROSER2-AS1
PROSER3	PROSER3
PROX1	PROX1
PROX1-AS1	PROX1-AS1
PROX2	PROX2
PROZ	PROZ
PRPF18	PRPF18
PRPF19	PRPF19
PRPF3	PRPF3
PRPF31	PRPF31
PRPF38A	PRPF38A
PRPF38B	PRPF38B
PRPF39	PRPF39
PRPF4	PRPF4
PRPF40A	PRPF40A
PRPF40B	PRPF40B
PRPF4B	PRPF4B
PRPF6	PRPF6
PRPF8	PRPF8
PRPH	PRPH
PRPH2	PRPH2
PRPS1	PRPS1
PRPS2	PRPS2
PRPSAP1	PRPSAP1
PRPSAP2	PRPSAP2
PRR11	PRR11
PRR12	PRR12
PRR13	PRR13
PRR14	PRR14
PRR14L	PRR14L
PRR15	PRR15
PRR15L	PRR15L
PRR16	PRR16
PRR18	PRR18
PRR19	PRR19
PRR20C	PRR20C
PRR22	PRR22
PRR23A	PRR23A
PRR25	PRR25
PRR26	PRR26
PRR27	PRR27
PRR29	PRR29
PRR29-AS1	PRR29-AS1
PRR3	PRR3
PRR31	PRR31
PRR32	PRR32
PRR33	PRR33
PRR34	PRR34
PRR34-AS1	PRR34-AS1
PRR36	PRR36
PRR4	PRR4
PRR5	PRR5
PRR5-ARHGAP8	PRR5-ARHGAP8
PRR5L	PRR5L
PRR7	PRR7
PRR7-AS1	PRR7-AS1
PRRC1	PRRC1
PRRC2A	PRRC2A
PRRC2B	PRRC2B
PRRC2C	PRRC2C
PRRG1	PRRG1
PRRG2	PRRG2
PRRG3	PRRG3
PRRG4	PRRG4
PRRT1	PRRT1
PRRT1B	PRRT1B
PRRT2	PRRT2
PRRT3	PRRT3
PRRT3-AS1	PRRT3-AS1
PRRT4	PRRT4
PRRX1	PRRX1
PRRX2	PRRX2
PRRX2-AS1	PRRX2-AS1
PRSS12	PRSS12
PRSS16	PRSS16
PRSS2	PRSS2
PRSS21	PRSS21
PRSS22	PRSS22
PRSS23	PRSS23
PRSS27	PRSS27
PRSS3	PRSS3
PRSS33	PRSS33
PRSS35	PRSS35
PRSS36	PRSS36
PRSS37	PRSS37
PRSS38	PRSS38
PRSS40A	PRSS40A
PRSS40B	PRSS40B
PRSS41	PRSS41
PRSS42	PRSS42
PRSS45P	PRSS45P
PRSS48	PRSS48
PRSS50.1	PRSS50.1
PRSS51	PRSS51
PRSS53	PRSS53
PRSS54	PRSS54
PRSS55	PRSS55
PRSS56	PRSS56
PRSS57	PRSS57
PRSS8	PRSS8
PRTFDC1	PRTFDC1
PRTG	PRTG
PRTN3	PRTN3
PRUNE1	PRUNE1
PRUNE2	PRUNE2
PRX	PRX
PRXL2A	PRXL2A
PRXL2B	PRXL2B
PRXL2C	PRXL2C
PRY2	PRY2
PSAP	PSAP
PSAPL1	PSAPL1
PSAT1	PSAT1
PSCA	PSCA
PSD	PSD
PSD2	PSD2
PSD2-AS1	PSD2-AS1
PSD3	PSD3
PSD4	PSD4
PSEN1	PSEN1
PSEN2	PSEN2
PSENEN	PSENEN
PSG1	PSG1
PSG11	PSG11
PSG2	PSG2
PSG3	PSG3
PSG4	PSG4
PSG5	PSG5
PSG6	PSG6
PSG7	PSG7
PSG8	PSG8
PSG8-AS1	PSG8-AS1
PSG9	PSG9
PSIP1	PSIP1
PSKH1	PSKH1
PSKH2	PSKH2
PSMA1	PSMA1
PSMA2	PSMA2
PSMA3	PSMA3
PSMA3-AS1	PSMA3-AS1
PSMA4	PSMA4
PSMA5	PSMA5
PSMA6	PSMA6
PSMA7	PSMA7
PSMA8	PSMA8
PSMB1	PSMB1
PSMB10	PSMB10
PSMB11	PSMB11
PSMB2	PSMB2
PSMB3	PSMB3
PSMB4	PSMB4
PSMB5	PSMB5
PSMB6	PSMB6
PSMB7	PSMB7
PSMB8	PSMB8
PSMB8-AS1	PSMB8-AS1
PSMB9	PSMB9
PSMC1	PSMC1
PSMC2	PSMC2
PSMC3	PSMC3
PSMC3IP	PSMC3IP
PSMC4	PSMC4
PSMC5	PSMC5
PSMC6	PSMC6
PSMD1	PSMD1
PSMD10	PSMD10
PSMD11	PSMD11
PSMD12	PSMD12
PSMD13	PSMD13
PSMD14	PSMD14
PSMD2	PSMD2
PSMD3	PSMD3
PSMD4	PSMD4
PSMD5	PSMD5
PSMD6	PSMD6
PSMD6-AS1	PSMD6-AS1
PSMD6-AS2	PSMD6-AS2
PSMD7	PSMD7
PSMD8	PSMD8
PSMD9	PSMD9
PSME1	PSME1
PSME2	PSME2
PSME3	PSME3
PSME4	PSME4
PSMF1	PSMF1
PSMG1	PSMG1
PSMG2	PSMG2
PSMG3	PSMG3
PSMG3-AS1	PSMG3-AS1
PSMG4	PSMG4
PSORS1C1	PSORS1C1
PSORS1C2	PSORS1C2
PSORS1C3	PSORS1C3
PSPC1	PSPC1
PSPC1-AS2	PSPC1-AS2
PSPH	PSPH
PSPN	PSPN
PSRC1	PSRC1
PSTK	PSTK
PSTPIP1	PSTPIP1
PSTPIP2	PSTPIP2
PTAFR	PTAFR
PTAR1	PTAR1
PTBP1	PTBP1
PTBP2	PTBP2
PTBP3	PTBP3
PTCD1	PTCD1
PTCD2	PTCD2
PTCD3	PTCD3
PTCH1	PTCH1
PTCH2	PTCH2
PTCHD1	PTCHD1
PTCHD1-AS	PTCHD1-AS
PTCHD4	PTCHD4
PTCRA	PTCRA
PTCSC2	PTCSC2
PTCSC3	PTCSC3
PTDSS1	PTDSS1
PTDSS2	PTDSS2
PTEN	PTEN
PTENP1-AS	PTENP1-AS
PTER	PTER
PTF1A	PTF1A
PTGDR	PTGDR
PTGDR2	PTGDR2
PTGDS	PTGDS
PTGER1	PTGER1
PTGER2	PTGER2
PTGER3	PTGER3
PTGER4	PTGER4
PTGES	PTGES
PTGES2	PTGES2
PTGES3	PTGES3
PTGES3L	PTGES3L
PTGES3L-AARSD1	PTGES3L-AARSD1
PTGFR	PTGFR
PTGFRN	PTGFRN
PTGIR	PTGIR
PTGIS	PTGIS
PTGR1	PTGR1
PTGR2	PTGR2
PTGS1	PTGS1
PTGS2	PTGS2
PTH	PTH
PTH1R	PTH1R
PTH2	PTH2
PTH2R	PTH2R
PTHLH	PTHLH
PTK2	PTK2
PTK2B	PTK2B
PTK6	PTK6
PTK7	PTK7
PTMA	PTMA
PTMS	PTMS
PTN	PTN
PTOV1	PTOV1
PTOV1-AS1	PTOV1-AS1
PTOV1-AS2	PTOV1-AS2
PTP4A1	PTP4A1
PTP4A2	PTP4A2
PTP4A3	PTP4A3
PTPA	PTPA
PTPDC1	PTPDC1
PTPMT1	PTPMT1
PTPN1	PTPN1
PTPN11	PTPN11
PTPN12	PTPN12
PTPN13	PTPN13
PTPN14	PTPN14
PTPN18	PTPN18
PTPN2	PTPN2
PTPN20	PTPN20
PTPN21	PTPN21
PTPN22	PTPN22
PTPN23	PTPN23
PTPN3	PTPN3
PTPN4	PTPN4
PTPN5	PTPN5
PTPN6	PTPN6
PTPN7	PTPN7
PTPN9	PTPN9
PTPRA	PTPRA
PTPRB	PTPRB
PTPRC	PTPRC
PTPRCAP	PTPRCAP
PTPRD	PTPRD
PTPRD-AS1	PTPRD-AS1
PTPRD-AS2	PTPRD-AS2
PTPRE	PTPRE
PTPRF	PTPRF
PTPRG	PTPRG
PTPRG-AS1	PTPRG-AS1
PTPRH	PTPRH
PTPRJ	PTPRJ
PTPRJ-AS1	PTPRJ-AS1
PTPRK	PTPRK
PTPRM	PTPRM
PTPRN	PTPRN
PTPRN2	PTPRN2
PTPRO	PTPRO
PTPRQ	PTPRQ
PTPRR	PTPRR
PTPRS	PTPRS
PTPRT	PTPRT
PTPRU	PTPRU
PTPRZ1	PTPRZ1
PTRH1	PTRH1
PTRH2	PTRH2
PTRHD1	PTRHD1
PTS	PTS
PTTG1	PTTG1
PTTG1IP	PTTG1IP
PTTG2	PTTG2
PTX3	PTX3
PTX4	PTX4
PUDP	PUDP
PUF60	PUF60
PUM1	PUM1
PUM2	PUM2
PUM3	PUM3
PURA	PURA
PURB	PURB
PURG	PURG
PURPL	PURPL
PUS1	PUS1
PUS10	PUS10
PUS3	PUS3
PUS7	PUS7
PUS7L	PUS7L
PUSL1	PUSL1
PVALB	PVALB
PVALEF	PVALEF
PVR	PVR
PVRIG	PVRIG
PVT1	PVT1
PWAR6	PWAR6
PWP1	PWP1
PWP2	PWP2
PWRN1	PWRN1
PWRN2	PWRN2
PWRN3	PWRN3
PWRN4	PWRN4
PWWP2A	PWWP2A
PWWP2B	PWWP2B
PWWP3A	PWWP3A
PWWP3B	PWWP3B
PXDC1	PXDC1
PXDN	PXDN
PXDNL	PXDNL
PXK	PXK
PXMP2	PXMP2
PXMP4	PXMP4
PXN	PXN
PXN-AS1	PXN-AS1
PXT1	PXT1
PXYLP1	PXYLP1
PYCARD	PYCARD
PYCARD-AS1	PYCARD-AS1
PYCR1	PYCR1
PYCR2	PYCR2
PYCR3	PYCR3
PYDC1	PYDC1
PYDC2	PYDC2
PYGB	PYGB
PYGL	PYGL
PYGM	PYGM
PYGO1	PYGO1
PYGO2	PYGO2
PYHIN1	PYHIN1
PYM1	PYM1
PYROXD1	PYROXD1
PYROXD2	PYROXD2
PYURF	PYURF
PYY	PYY
PZP	PZP
QARS	QARS
QDPR	QDPR
QKI	QKI
QPCT	QPCT
QPCTL	QPCTL
QPRT	QPRT
QRFP	QRFP
QRFPR	QRFPR
QRICH1	QRICH1
QRICH2	QRICH2
QRSL1	QRSL1
QSER1	QSER1
QSOX1	QSOX1
QSOX2	QSOX2
QTRT1	QTRT1
QTRT2	QTRT2
R3HCC1	R3HCC1
R3HCC1L	R3HCC1L
R3HDM1	R3HDM1
R3HDM2	R3HDM2
R3HDM4	R3HDM4
R3HDML	R3HDML
RAB10	RAB10
RAB11A	RAB11A
RAB11B	RAB11B
RAB11B-AS1	RAB11B-AS1
RAB11FIP1	RAB11FIP1
RAB11FIP2	RAB11FIP2
RAB11FIP3	RAB11FIP3
RAB11FIP4	RAB11FIP4
RAB11FIP5	RAB11FIP5
RAB12	RAB12
RAB13	RAB13
RAB14	RAB14
RAB15	RAB15
RAB17	RAB17
RAB18	RAB18
RAB19	RAB19
RAB1A	RAB1A
RAB1B	RAB1B
RAB20	RAB20
RAB21	RAB21
RAB22A	RAB22A
RAB23	RAB23
RAB24	RAB24
RAB25	RAB25
RAB26	RAB26
RAB27A	RAB27A
RAB27B	RAB27B
RAB28	RAB28
RAB29	RAB29
RAB2A	RAB2A
RAB2B	RAB2B
RAB30	RAB30
RAB30-AS1	RAB30-AS1
RAB30-DT	RAB30-DT
RAB31	RAB31
RAB32	RAB32
RAB33A	RAB33A
RAB33B	RAB33B
RAB34	RAB34
RAB35	RAB35
RAB36	RAB36
RAB37	RAB37
RAB38	RAB38
RAB39A	RAB39A
RAB39B	RAB39B
RAB3A	RAB3A
RAB3B	RAB3B
RAB3C	RAB3C
RAB3D	RAB3D
RAB3GAP1	RAB3GAP1
RAB3GAP2	RAB3GAP2
RAB3IL1	RAB3IL1
RAB3IP	RAB3IP
RAB40A	RAB40A
RAB40AL	RAB40AL
RAB40B	RAB40B
RAB40C	RAB40C
RAB41	RAB41
RAB42	RAB42
RAB43	RAB43
RAB44	RAB44
RAB4A	RAB4A
RAB4B	RAB4B
RAB4B-EGLN2	RAB4B-EGLN2
RAB5A	RAB5A
RAB5B	RAB5B
RAB5C	RAB5C
RAB5IF	RAB5IF
RAB6A	RAB6A
RAB6B	RAB6B
RAB6C	RAB6C
RAB6D	RAB6D
RAB7A	RAB7A
RAB7B	RAB7B
RAB8A	RAB8A
RAB8B	RAB8B
RAB9A	RAB9A
RAB9B	RAB9B
RABAC1	RABAC1
RABEP1	RABEP1
RABEP2	RABEP2
RABEPK	RABEPK
RABGAP1	RABGAP1
RABGAP1L	RABGAP1L
RABGAP1L-DT	RABGAP1L-DT
RABGAP1L-IT1	RABGAP1L-IT1
RABGEF1	RABGEF1
RABGGTA	RABGGTA
RABGGTB	RABGGTB
RABIF	RABIF
RABL2A	RABL2A
RABL2B	RABL2B
RABL3	RABL3
RABL6	RABL6
RAC1	RAC1
RAC2	RAC2
RAC3	RAC3
RACGAP1	RACGAP1
RACK1	RACK1
RAD1	RAD1
RAD17	RAD17
RAD18	RAD18
RAD21	RAD21
RAD21-AS1	RAD21-AS1
RAD21L1	RAD21L1
RAD23A	RAD23A
RAD23B	RAD23B
RAD50	RAD50
RAD51	RAD51
RAD51-AS1	RAD51-AS1
RAD51AP1	RAD51AP1
RAD51AP2	RAD51AP2
RAD51B	RAD51B
RAD51C	RAD51C
RAD51D	RAD51D
RAD52	RAD52
RAD54B	RAD54B
RAD54L	RAD54L
RAD54L2	RAD54L2
RAD9A	RAD9A
RAD9B	RAD9B
RADIL	RADIL
RADX	RADX
RAE1	RAE1
RAET1E	RAET1E
RAET1E-AS1	RAET1E-AS1
RAET1G	RAET1G
RAET1L	RAET1L
RAF1	RAF1
RAG1	RAG1
RAG2	RAG2
RAI1	RAI1
RAI1-AS1	RAI1-AS1
RAI14	RAI14
RAI2	RAI2
RALA	RALA
RALB	RALB
RALBP1	RALBP1
RALGAPA1	RALGAPA1
RALGAPA2	RALGAPA2
RALGAPB	RALGAPB
RALGDS	RALGDS
RALGPS1	RALGPS1
RALGPS2	RALGPS2
RALY	RALY
RALY-AS1	RALY-AS1
RALYL	RALYL
RAMAC	RAMAC
RAMACL	RAMACL
RAMP1	RAMP1
RAMP2	RAMP2
RAMP2-AS1	RAMP2-AS1
RAMP3	RAMP3
RAN	RAN
RANBP1	RANBP1
RANBP10	RANBP10
RANBP17	RANBP17
RANBP2	RANBP2
RANBP3	RANBP3
RANBP3L	RANBP3L
RANBP6	RANBP6
RANBP9	RANBP9
RANGAP1	RANGAP1
RANGRF	RANGRF
RAP1A	RAP1A
RAP1B	RAP1B
RAP1GAP	RAP1GAP
RAP1GAP2	RAP1GAP2
RAP1GDS1	RAP1GDS1
RAP2A	RAP2A
RAP2B	RAP2B
RAP2C	RAP2C
RAP2C-AS1	RAP2C-AS1
RAPGEF1	RAPGEF1
RAPGEF2	RAPGEF2
RAPGEF3	RAPGEF3
RAPGEF4	RAPGEF4
RAPGEF4-AS1	RAPGEF4-AS1
RAPGEF5	RAPGEF5
RAPGEF6	RAPGEF6
RAPGEFL1	RAPGEFL1
RAPH1	RAPH1
RAPSN	RAPSN
RARA	RARA
RARA-AS1	RARA-AS1
RARB	RARB
RARG	RARG
RARRES1	RARRES1
RARRES2	RARRES2
RARRES3	RARRES3
RARS	RARS
RARS2	RARS2
RASA1	RASA1
RASA2	RASA2
RASA2-IT1	RASA2-IT1
RASA3	RASA3
RASA3-IT1	RASA3-IT1
RASA4	RASA4
RASA4B	RASA4B
RASAL1	RASAL1
RASAL2	RASAL2
RASAL2-AS1	RASAL2-AS1
RASAL3	RASAL3
RASD1	RASD1
RASD2	RASD2
RASEF	RASEF
RASGEF1A	RASGEF1A
RASGEF1B	RASGEF1B
RASGEF1C	RASGEF1C
RASGRF1	RASGRF1
RASGRF2	RASGRF2
RASGRF2-AS1	RASGRF2-AS1
RASGRP1	RASGRP1
RASGRP2	RASGRP2
RASGRP3	RASGRP3
RASGRP4	RASGRP4
RASIP1	RASIP1
RASL10A	RASL10A
RASL10B	RASL10B
RASL11A	RASL11A
RASL11B	RASL11B
RASL12	RASL12
RASSF1	RASSF1
RASSF1-AS1	RASSF1-AS1
RASSF10	RASSF10
RASSF10-DT	RASSF10-DT
RASSF2	RASSF2
RASSF3	RASSF3
RASSF4	RASSF4
RASSF5	RASSF5
RASSF6	RASSF6
RASSF7	RASSF7
RASSF8	RASSF8
RASSF8-AS1	RASSF8-AS1
RASSF9	RASSF9
RAVER1	RAVER1
RAVER2	RAVER2
RAX	RAX
RAX2	RAX2
RB1	RB1
RB1-DT	RB1-DT
RB1CC1	RB1CC1
RBAK	RBAK
RBAK-RBAKDN	RBAK-RBAKDN
RBAKDN	RBAKDN
RBBP4	RBBP4
RBBP5	RBBP5
RBBP6	RBBP6
RBBP7	RBBP7
RBBP8	RBBP8
RBBP8NL	RBBP8NL
RBBP9	RBBP9
RBCK1	RBCK1
RBFA	RBFA
RBFADN	RBFADN
RBFOX1	RBFOX1
RBFOX2	RBFOX2
RBFOX3	RBFOX3
RBIS	RBIS
RBKS	RBKS
RBL1	RBL1
RBL2	RBL2
RBM10	RBM10
RBM11	RBM11
RBM12	RBM12
RBM12B	RBM12B
RBM14	RBM14
RBM14-RBM4	RBM14-RBM4
RBM15	RBM15
RBM15-AS1	RBM15-AS1
RBM15B	RBM15B
RBM17	RBM17
RBM18	RBM18
RBM19	RBM19
RBM20	RBM20
RBM22	RBM22
RBM23	RBM23
RBM24	RBM24
RBM25	RBM25
RBM26	RBM26
RBM26-AS1	RBM26-AS1
RBM27	RBM27
RBM28	RBM28
RBM3	RBM3
RBM33	RBM33
RBM34	RBM34
RBM38	RBM38
RBM39	RBM39
RBM4	RBM4
RBM41	RBM41
RBM42	RBM42
RBM43	RBM43
RBM44	RBM44
RBM45	RBM45
RBM46	RBM46
RBM47	RBM47
RBM48	RBM48
RBM4B	RBM4B
RBM5	RBM5
RBM5-AS1	RBM5-AS1
RBM6	RBM6
RBM7	RBM7
RBM8A	RBM8A
RBMS1	RBMS1
RBMS2	RBMS2
RBMS3	RBMS3
RBMS3-AS1	RBMS3-AS1
RBMS3-AS2	RBMS3-AS2
RBMS3-AS3	RBMS3-AS3
RBMX	RBMX
RBMX2	RBMX2
RBMXL1	RBMXL1
RBMXL2	RBMXL2
RBMXL3	RBMXL3
RBP1	RBP1
RBP2	RBP2
RBP3	RBP3
RBP4	RBP4
RBP5	RBP5
RBP7	RBP7
RBPJ	RBPJ
RBPJL	RBPJL
RBPMS	RBPMS
RBPMS-AS1	RBPMS-AS1
RBPMS2	RBPMS2
RBSN	RBSN
RBX1	RBX1
RC3H1	RC3H1
RC3H1-IT1	RC3H1-IT1
RC3H2	RC3H2
RCAN1	RCAN1
RCAN2	RCAN2
RCAN3	RCAN3
RCAN3AS	RCAN3AS
RCBTB1	RCBTB1
RCBTB2	RCBTB2
RCC1	RCC1
RCC1L	RCC1L
RCC2	RCC2
RCCD1	RCCD1
RCE1	RCE1
RCHY1	RCHY1
RCL1	RCL1
RCN1	RCN1
RCN2	RCN2
RCN3	RCN3
RCOR1	RCOR1
RCOR2	RCOR2
RCOR3	RCOR3
RCSD1	RCSD1
RCVRN	RCVRN
RD3	RD3
RDH10	RDH10
RDH10-AS1	RDH10-AS1
RDH11	RDH11
RDH12	RDH12
RDH13	RDH13
RDH14	RDH14
RDH16	RDH16
RDH5	RDH5
RDH8	RDH8
RDM1	RDM1
RDX	RDX
REC114	REC114
REC8	REC8
RECK	RECK
RECQL	RECQL
RECQL4	RECQL4
RECQL5	RECQL5
REELD1	REELD1
REEP1	REEP1
REEP2	REEP2
REEP3	REEP3
REEP4	REEP4
REEP5	REEP5
REEP6	REEP6
REG4	REG4
REL	REL
RELA	RELA
RELA-DT	RELA-DT
RELB	RELB
RELCH	RELCH
RELL1	RELL1
RELL2	RELL2
RELN	RELN
RELT	RELT
REM1	REM1
REM2	REM2
REN	REN
RENBP	RENBP
REP15	REP15
REPIN1	REPIN1
REPS1	REPS1
REPS2	REPS2
RER1	RER1
RERE	RERE
RERE-AS1	RERE-AS1
RERG	RERG
RERG-AS1	RERG-AS1
RERGL	RERGL
RESF1	RESF1
RESP18	RESP18
REST	REST
RET	RET
RETN	RETN
RETNLB	RETNLB
RETREG1	RETREG1
RETREG2	RETREG2
RETREG3	RETREG3
RETSAT	RETSAT
REV1	REV1
REV3L	REV3L
REV3L-IT1	REV3L-IT1
REX1BD	REX1BD
REXO1	REXO1
REXO2	REXO2
REXO4	REXO4
REXO5	REXO5
RFC1	RFC1
RFC2	RFC2
RFC3	RFC3
RFC4	RFC4
RFC5	RFC5
RFESD	RFESD
RFFL	RFFL
RFK	RFK
RFLNA	RFLNA
RFLNB	RFLNB
RFNG	RFNG
RFPL1	RFPL1
RFPL1S	RFPL1S
RFPL2	RFPL2
RFPL3	RFPL3
RFPL3S	RFPL3S
RFPL4B	RFPL4B
RFT1	RFT1
RFTN1	RFTN1
RFTN2	RFTN2
RFWD3	RFWD3
RFX1	RFX1
RFX2	RFX2
RFX3	RFX3
RFX3-AS1	RFX3-AS1
RFX4	RFX4
RFX5	RFX5
RFX6	RFX6
RFX7	RFX7
RFX8	RFX8
RFXANK	RFXANK
RFXAP	RFXAP
RGCC	RGCC
RGL1	RGL1
RGL2	RGL2
RGL3	RGL3
RGL4	RGL4
RGMA	RGMA
RGMB	RGMB
RGMB-AS1	RGMB-AS1
RGN	RGN
RGP1	RGP1
RGPD1	RGPD1
RGPD2	RGPD2
RGPD3	RGPD3
RGPD4	RGPD4
RGPD4-AS1	RGPD4-AS1
RGPD5	RGPD5
RGPD6	RGPD6
RGPD8	RGPD8
RGR	RGR
RGS1	RGS1
RGS10	RGS10
RGS11	RGS11
RGS12	RGS12
RGS13	RGS13
RGS14	RGS14
RGS16	RGS16
RGS17	RGS17
RGS18	RGS18
RGS19	RGS19
RGS2	RGS2
RGS20	RGS20
RGS21	RGS21
RGS22	RGS22
RGS3	RGS3
RGS4	RGS4
RGS5	RGS5
RGS5.1	RGS5.1
RGS6	RGS6
RGS7	RGS7
RGS7BP	RGS7BP
RGS8	RGS8
RGS9	RGS9
RGS9BP	RGS9BP
RGSL1	RGSL1
RHAG	RHAG
RHBDD1	RHBDD1
RHBDD2	RHBDD2
RHBDD3	RHBDD3
RHBDF1	RHBDF1
RHBDF2	RHBDF2
RHBDL1	RHBDL1
RHBDL2	RHBDL2
RHBDL3	RHBDL3
RHBG	RHBG
RHCE	RHCE
RHCG	RHCG
RHD	RHD
RHEB	RHEB
RHEBL1	RHEBL1
RHEX	RHEX
RHNO1	RHNO1
RHO	RHO
RHOA	RHOA
RHOA-IT1	RHOA-IT1
RHOB	RHOB
RHOBTB1	RHOBTB1
RHOBTB2	RHOBTB2
RHOBTB3	RHOBTB3
RHOC	RHOC
RHOD	RHOD
RHOF	RHOF
RHOG	RHOG
RHOH	RHOH
RHOJ	RHOJ
RHOQ	RHOQ
RHOT1	RHOT1
RHOT2	RHOT2
RHOU	RHOU
RHOV	RHOV
RHOXF1	RHOXF1
RHOXF1-AS1	RHOXF1-AS1
RHOXF2	RHOXF2
RHOXF2B	RHOXF2B
RHPN1	RHPN1
RHPN1-AS1	RHPN1-AS1
RHPN2	RHPN2
RIBC1	RIBC1
RIBC2	RIBC2
RIC1	RIC1
RIC3	RIC3
RIC3-DT	RIC3-DT
RIC8A	RIC8A
RIC8B	RIC8B
RICTOR	RICTOR
RIDA	RIDA
RIF1	RIF1
RIIAD1	RIIAD1
RILP	RILP
RILPL1	RILPL1
RILPL2	RILPL2
RIMBP2	RIMBP2
RIMBP3C	RIMBP3C
RIMKLA	RIMKLA
RIMKLB	RIMKLB
RIMS1	RIMS1
RIMS2	RIMS2
RIMS3	RIMS3
RIMS4	RIMS4
RIN1	RIN1
RIN2	RIN2
RIN3	RIN3
RING1	RING1
RINL	RINL
RINT1	RINT1
RIOK1	RIOK1
RIOK2	RIOK2
RIOK3	RIOK3
RIOX1	RIOX1
RIOX2	RIOX2
RIPK1	RIPK1
RIPK2	RIPK2
RIPK3	RIPK3
RIPK4	RIPK4
RIPOR1	RIPOR1
RIPOR2	RIPOR2
RIPOR3	RIPOR3
RIPPLY1	RIPPLY1
RIPPLY2	RIPPLY2
RIPPLY3	RIPPLY3
RIT1	RIT1
RIT2	RIT2
RITA1	RITA1
RLBP1	RLBP1
RLF	RLF
RLIM	RLIM
RLN1	RLN1
RLN2	RLN2
RLN3	RLN3
RMC1	RMC1
RMDN1	RMDN1
RMDN2	RMDN2
RMDN2-AS1	RMDN2-AS1
RMDN3	RMDN3
RMI1	RMI1
RMI2	RMI2
RMND1	RMND1
RMND5A	RMND5A
RMND5B	RMND5B
RMRP	RMRP
RMST	RMST
RN7SL832P	RN7SL832P
RNASE1	RNASE1
RNASE10	RNASE10
RNASE11	RNASE11
RNASE13	RNASE13
RNASE2	RNASE2
RNASE3	RNASE3
RNASE4	RNASE4
RNASE6	RNASE6
RNASE7	RNASE7
RNASEH1	RNASEH1
RNASEH1-AS1	RNASEH1-AS1
RNASEH2A	RNASEH2A
RNASEH2B	RNASEH2B
RNASEH2B-AS1	RNASEH2B-AS1
RNASEH2C	RNASEH2C
RNASEK	RNASEK
RNASEL	RNASEL
RNASET2	RNASET2
RND1	RND1
RND2	RND2
RND3	RND3
RNF10	RNF10
RNF103	RNF103
RNF103-CHMP3	RNF103-CHMP3
RNF11	RNF11
RNF111	RNF111
RNF112	RNF112
RNF113A	RNF113A
RNF113B	RNF113B
RNF114	RNF114
RNF115	RNF115
RNF121	RNF121
RNF122	RNF122
RNF123	RNF123
RNF125	RNF125
RNF126	RNF126
RNF128	RNF128
RNF13	RNF13
RNF130	RNF130
RNF133	RNF133
RNF135	RNF135
RNF138	RNF138
RNF139	RNF139
RNF139-AS1	RNF139-AS1
RNF14	RNF14
RNF141	RNF141
RNF144A	RNF144A
RNF144A-AS1	RNF144A-AS1
RNF144B	RNF144B
RNF145	RNF145
RNF146	RNF146
RNF148	RNF148
RNF149	RNF149
RNF150	RNF150
RNF151	RNF151
RNF152	RNF152
RNF157	RNF157
RNF157-AS1	RNF157-AS1
RNF165	RNF165
RNF166	RNF166
RNF167	RNF167
RNF168	RNF168
RNF169	RNF169
RNF17	RNF17
RNF170	RNF170
RNF175	RNF175
RNF180	RNF180
RNF181	RNF181
RNF182	RNF182
RNF183	RNF183
RNF185	RNF185
RNF185-AS1	RNF185-AS1
RNF187	RNF187
RNF19A	RNF19A
RNF19B	RNF19B
RNF2	RNF2
RNF20	RNF20
RNF207	RNF207
RNF208	RNF208
RNF212	RNF212
RNF212B	RNF212B
RNF213	RNF213
RNF213-AS1	RNF213-AS1
RNF214	RNF214
RNF215	RNF215
RNF216	RNF216
RNF217	RNF217
RNF217-AS1	RNF217-AS1
RNF219	RNF219
RNF219-AS1	RNF219-AS1
RNF220	RNF220
RNF222	RNF222
RNF223	RNF223
RNF224	RNF224
RNF227	RNF227
RNF24	RNF24
RNF25	RNF25
RNF26	RNF26
RNF31	RNF31
RNF32	RNF32
RNF34	RNF34
RNF38	RNF38
RNF39	RNF39
RNF4	RNF4
RNF40	RNF40
RNF41	RNF41
RNF43	RNF43
RNF44	RNF44
RNF5	RNF5
RNF6	RNF6
RNF7	RNF7
RNF8	RNF8
RNFT1	RNFT1
RNFT1-DT	RNFT1-DT
RNFT2	RNFT2
RNGTT	RNGTT
RNH1	RNH1
RNLS	RNLS
RNMT	RNMT
RNPC3	RNPC3
RNPEP	RNPEP
RNPEPL1	RNPEPL1
RNPS1	RNPS1
RNU6ATAC35P	RNU6ATAC35P
RO60	RO60
ROBO1	ROBO1
ROBO2	ROBO2
ROBO3	ROBO3
ROBO4	ROBO4
ROCK1	ROCK1
ROCK2	ROCK2
ROCR	ROCR
ROGDI	ROGDI
ROM1	ROM1
ROMO1	ROMO1
ROPN1	ROPN1
ROPN1B	ROPN1B
ROPN1L	ROPN1L
ROPN1L-AS1	ROPN1L-AS1
ROR1	ROR1
ROR1-AS1	ROR1-AS1
ROR2	ROR2
RORA	RORA
RORA-AS1	RORA-AS1
RORA-AS2	RORA-AS2
RORB	RORB
RORB-AS1	RORB-AS1
RORC	RORC
ROS1	ROS1
RP1	RP1
RP1L1	RP1L1
RP2	RP2
RP9	RP9
RPA1	RPA1
RPA2	RPA2
RPA3	RPA3
RPA4	RPA4
RPAIN	RPAIN
RPAP1	RPAP1
RPAP2	RPAP2
RPAP3	RPAP3
RPARP-AS1	RPARP-AS1
RPE	RPE
RPE65	RPE65
RPEL1	RPEL1
RPF1	RPF1
RPF2	RPF2
RPGR	RPGR
RPGRIP1	RPGRIP1
RPGRIP1L	RPGRIP1L
RPH3A	RPH3A
RPH3AL	RPH3AL
RPIA	RPIA
RPL10	RPL10
RPL10A	RPL10A
RPL10L	RPL10L
RPL11	RPL11
RPL12	RPL12
RPL13	RPL13
RPL13A	RPL13A
RPL14	RPL14
RPL15	RPL15
RPL17	RPL17
RPL17-C18orf32	RPL17-C18orf32
RPL18	RPL18
RPL18A	RPL18A
RPL19	RPL19
RPL21	RPL21
RPL22	RPL22
RPL22L1	RPL22L1
RPL23	RPL23
RPL23A	RPL23A
RPL24	RPL24
RPL26	RPL26
RPL26L1	RPL26L1
RPL27	RPL27
RPL27A	RPL27A
RPL28	RPL28
RPL29	RPL29
RPL3	RPL3
RPL30	RPL30
RPL31	RPL31
RPL32	RPL32
RPL34	RPL34
RPL34-AS1	RPL34-AS1
RPL35	RPL35
RPL35A	RPL35A
RPL36	RPL36
RPL36A	RPL36A
RPL36A-HNRNPH2	RPL36A-HNRNPH2
RPL36AL	RPL36AL
RPL37	RPL37
RPL37A	RPL37A
RPL38	RPL38
RPL39	RPL39
RPL39L	RPL39L
RPL3L	RPL3L
RPL4	RPL4
RPL41	RPL41
RPL5	RPL5
RPL6	RPL6
RPL7	RPL7
RPL7A	RPL7A
RPL7L1	RPL7L1
RPL8	RPL8
RPL9	RPL9
RPLP0	RPLP0
RPLP1	RPLP1
RPLP2	RPLP2
RPN1	RPN1
RPN2	RPN2
RPP14	RPP14
RPP21	RPP21
RPP25	RPP25
RPP25L	RPP25L
RPP30	RPP30
RPP38	RPP38
RPP38-DT	RPP38-DT
RPP40	RPP40
RPRD1A	RPRD1A
RPRD1B	RPRD1B
RPRD2	RPRD2
RPRM	RPRM
RPRML	RPRML
RPS10	RPS10
RPS10-NUDT3	RPS10-NUDT3
RPS11	RPS11
RPS12	RPS12
RPS13	RPS13
RPS14	RPS14
RPS15	RPS15
RPS15A	RPS15A
RPS16	RPS16
RPS17	RPS17
RPS18	RPS18
RPS19	RPS19
RPS19BP1	RPS19BP1
RPS2	RPS2
RPS20	RPS20
RPS21	RPS21
RPS23	RPS23
RPS24	RPS24
RPS25	RPS25
RPS26	RPS26
RPS27	RPS27
RPS27A	RPS27A
RPS27L	RPS27L
RPS28	RPS28
RPS29	RPS29
RPS3	RPS3
RPS3A	RPS3A
RPS4X	RPS4X
RPS4Y1	RPS4Y1
RPS5	RPS5
RPS6	RPS6
RPS6KA1	RPS6KA1
RPS6KA2	RPS6KA2
RPS6KA2-AS1	RPS6KA2-AS1
RPS6KA2-IT1	RPS6KA2-IT1
RPS6KA3	RPS6KA3
RPS6KA4	RPS6KA4
RPS6KA5	RPS6KA5
RPS6KA6	RPS6KA6
RPS6KB1	RPS6KB1
RPS6KB2	RPS6KB2
RPS6KB2-AS1	RPS6KB2-AS1
RPS6KC1	RPS6KC1
RPS6KL1	RPS6KL1
RPS7	RPS7
RPS8	RPS8
RPS9	RPS9
RPSA	RPSA
RPTN	RPTN
RPTOR	RPTOR
RPUSD1	RPUSD1
RPUSD2	RPUSD2
RPUSD3	RPUSD3
RPUSD4	RPUSD4
RRAD	RRAD
RRAGA	RRAGA
RRAGB	RRAGB
RRAGC	RRAGC
RRAGD	RRAGD
RRAS	RRAS
RRAS2	RRAS2
RRBP1	RRBP1
RREB1	RREB1
RRH	RRH
RRM1	RRM1
RRM1-AS1	RRM1-AS1
RRM2	RRM2
RRM2B	RRM2B
RRN3	RRN3
RRNAD1	RRNAD1
RRP1	RRP1
RRP12	RRP12
RRP15	RRP15
RRP1B	RRP1B
RRP36	RRP36
RRP7A	RRP7A
RRP8	RRP8
RRP9	RRP9
RRS1	RRS1
RRS1-AS1	RRS1-AS1
RS1	RS1
RSAD1	RSAD1
RSAD2	RSAD2
RSBN1	RSBN1
RSBN1L	RSBN1L
RSF1	RSF1
RSF1-IT1	RSF1-IT1
RSF1-IT2	RSF1-IT2
RSKR	RSKR
RSL1D1	RSL1D1
RSL24D1	RSL24D1
RSPH1	RSPH1
RSPH10B	RSPH10B
RSPH10B2	RSPH10B2
RSPH14	RSPH14
RSPH3	RSPH3
RSPH4A	RSPH4A
RSPH6A	RSPH6A
RSPH9	RSPH9
RSPO1	RSPO1
RSPO2	RSPO2
RSPO3	RSPO3
RSPO4	RSPO4
RSPRY1	RSPRY1
RSRC1	RSRC1
RSRC2	RSRC2
RSRP1	RSRP1
RSU1	RSU1
RTBDN	RTBDN
RTCA	RTCA
RTCA-AS1	RTCA-AS1
RTCB	RTCB
RTEL1	RTEL1
RTEL1-TNFRSF6B	RTEL1-TNFRSF6B
RTF1	RTF1
RTF2	RTF2
RTKN	RTKN
RTKN2	RTKN2
RTL1	RTL1
RTL10	RTL10
RTL3	RTL3
RTL4	RTL4
RTL5	RTL5
RTL6	RTL6
RTL8A	RTL8A
RTL8B	RTL8B
RTL8C	RTL8C
RTL9	RTL9
RTN1	RTN1
RTN2	RTN2
RTN3	RTN3
RTN4	RTN4
RTN4IP1	RTN4IP1
RTN4R	RTN4R
RTN4RL1	RTN4RL1
RTN4RL2	RTN4RL2
RTP1	RTP1
RTP4	RTP4
RTP5	RTP5
RTRAF	RTRAF
RTTN	RTTN
RUBCN	RUBCN
RUBCNL	RUBCNL
RUFY1	RUFY1
RUFY2	RUFY2
RUFY3	RUFY3
RUFY4	RUFY4
RUNDC1	RUNDC1
RUNDC3A	RUNDC3A
RUNDC3A-AS1	RUNDC3A-AS1
RUNDC3B	RUNDC3B
RUNX1	RUNX1
RUNX1T1	RUNX1T1
RUNX2	RUNX2
RUNX2-AS1	RUNX2-AS1
RUNX3	RUNX3
RUSC1	RUSC1
RUSC1-AS1	RUSC1-AS1
RUSC2	RUSC2
RUVBL1	RUVBL1
RUVBL1-AS1	RUVBL1-AS1
RUVBL2	RUVBL2
RWDD1	RWDD1
RWDD2A	RWDD2A
RWDD2B	RWDD2B
RWDD3	RWDD3
RWDD4	RWDD4
RXFP1	RXFP1
RXFP2	RXFP2
RXFP4	RXFP4
RXRA	RXRA
RXRB	RXRB
RXRG	RXRG
RXYLT1	RXYLT1
RXYLT1-AS1	RXYLT1-AS1
RYBP	RYBP
RYK	RYK
RYR1	RYR1
RYR2	RYR2
RYR3	RYR3
S100A1	S100A1
S100A10	S100A10
S100A11	S100A11
S100A12	S100A12
S100A13	S100A13
S100A14	S100A14
S100A16	S100A16
S100A2	S100A2
S100A3	S100A3
S100A4	S100A4
S100A5	S100A5
S100A6	S100A6
S100A7	S100A7
S100A7A	S100A7A
S100A8	S100A8
S100A9	S100A9
S100B	S100B
S100G	S100G
S100P	S100P
S100PBP	S100PBP
S100Z	S100Z
S1PR1	S1PR1
S1PR2	S1PR2
S1PR3	S1PR3
S1PR4	S1PR4
S1PR5	S1PR5
SAA1	SAA1
SAA2	SAA2
SAA2-SAA4	SAA2-SAA4
SAA4	SAA4
SAAL1	SAAL1
SAC3D1	SAC3D1
SACM1L	SACM1L
SACS	SACS
SACS-AS1	SACS-AS1
SAE1	SAE1
SAFB	SAFB
SAFB2	SAFB2
SAG	SAG
SAGE1	SAGE1
SALL1	SALL1
SALL2	SALL2
SALL3	SALL3
SALL4	SALL4
SALRNA2	SALRNA2
SAMD1	SAMD1
SAMD10	SAMD10
SAMD11	SAMD11
SAMD12	SAMD12
SAMD12-AS1	SAMD12-AS1
SAMD13	SAMD13
SAMD14	SAMD14
SAMD15	SAMD15
SAMD3	SAMD3
SAMD4A	SAMD4A
SAMD4B	SAMD4B
SAMD5	SAMD5
SAMD7	SAMD7
SAMD8	SAMD8
SAMD9	SAMD9
SAMD9L	SAMD9L
SAMHD1	SAMHD1
SAMM50	SAMM50
SAMMSON	SAMMSON
SAMSN1	SAMSN1
SAMSN1-AS1	SAMSN1-AS1
SAP130	SAP130
SAP18	SAP18
SAP25	SAP25
SAP30	SAP30
SAP30BP	SAP30BP
SAP30L	SAP30L
SAP30L-AS1	SAP30L-AS1
SAPCD1	SAPCD1
SAPCD1-AS1	SAPCD1-AS1
SAPCD2	SAPCD2
SAR1A	SAR1A
SAR1B	SAR1B
SARAF	SARAF
SARDH	SARDH
SARM1	SARM1
SARNP	SARNP
SARS	SARS
SARS2	SARS2
SART1	SART1
SART3	SART3
SASH1	SASH1
SASH3	SASH3
SASS6	SASS6
SAT1	SAT1
SAT2	SAT2
SATB1	SATB1
SATB1-AS1	SATB1-AS1
SATB2	SATB2
SATB2-AS1	SATB2-AS1
SATL1	SATL1
SAV1	SAV1
SAXO1	SAXO1
SAXO2	SAXO2
SAYSD1	SAYSD1
SBDS	SBDS
SBF1	SBF1
SBF2	SBF2
SBF2-AS1	SBF2-AS1
SBK1	SBK1
SBK2	SBK2
SBK3	SBK3
SBNO1	SBNO1
SBNO1-AS1	SBNO1-AS1
SBNO2	SBNO2
SBSN	SBSN
SBSPON	SBSPON
SC5D	SC5D
SCAANT1	SCAANT1
SCAF1	SCAF1
SCAF11	SCAF11
SCAF4	SCAF4
SCAF8	SCAF8
SCAI	SCAI
SCAMP1	SCAMP1
SCAMP1-AS1	SCAMP1-AS1
SCAMP2	SCAMP2
SCAMP3	SCAMP3
SCAMP4	SCAMP4
SCAMP5	SCAMP5
SCAND1	SCAND1
SCAP	SCAP
SCAPER	SCAPER
SCARA3	SCARA3
SCARA5	SCARA5
SCARB1	SCARB1
SCARB2	SCARB2
SCARF1	SCARF1
SCARF2	SCARF2
SCARNA9	SCARNA9
SCART1	SCART1
SCAT1	SCAT1
SCAT2	SCAT2
SCAT8	SCAT8
SCCPDH	SCCPDH
SCD	SCD
SCD5	SCD5
SCEL	SCEL
SCEL-AS1	SCEL-AS1
SCFD1	SCFD1
SCFD2	SCFD2
SCG2	SCG2
SCG3	SCG3
SCG5	SCG5
SCGB1A1	SCGB1A1
SCGB1B2P	SCGB1B2P
SCGB1D2	SCGB1D2
SCGB1D4	SCGB1D4
SCGB2A1	SCGB2A1
SCGB2A2	SCGB2A2
SCGB2B2	SCGB2B2
SCGB3A1	SCGB3A1
SCGB3A2	SCGB3A2
SCGN	SCGN
SCHIP1	SCHIP1
SCHLAP1	SCHLAP1
SCIMP	SCIMP
SCIN	SCIN
SCLT1	SCLT1
SCLY	SCLY
SCMH1	SCMH1
SCML1	SCML1
SCML2	SCML2
SCML4	SCML4
SCN10A	SCN10A
SCN11A	SCN11A
SCN1A	SCN1A
SCN1A-AS1	SCN1A-AS1
SCN1B	SCN1B
SCN2A	SCN2A
SCN2B	SCN2B
SCN3A	SCN3A
SCN3B	SCN3B
SCN4A	SCN4A
SCN4B	SCN4B
SCN5A	SCN5A
SCN7A	SCN7A
SCN8A	SCN8A
SCN9A	SCN9A
SCNM1	SCNM1
SCNN1A	SCNN1A
SCNN1B	SCNN1B
SCNN1D	SCNN1D
SCNN1G	SCNN1G
SCO1	SCO1
SCO2	SCO2
SCOC	SCOC
SCOC-AS1	SCOC-AS1
SCP2	SCP2
SCP2D1	SCP2D1
SCPEP1	SCPEP1
SCRG1	SCRG1
SCRIB	SCRIB
SCRN1	SCRN1
SCRN2	SCRN2
SCRN3	SCRN3
SCRT1	SCRT1
SCRT2	SCRT2
SCT	SCT
SCTR	SCTR
SCUBE1	SCUBE1
SCUBE2	SCUBE2
SCUBE3	SCUBE3
SCX	SCX
SCYGR1	SCYGR1
SCYGR4	SCYGR4
SCYL1	SCYL1
SCYL2	SCYL2
SCYL3	SCYL3
SDAD1	SDAD1
SDC1	SDC1
SDC2	SDC2
SDC3	SDC3
SDC4	SDC4
SDCBP	SDCBP
SDCBP2	SDCBP2
SDCBP2-AS1	SDCBP2-AS1
SDCCAG8	SDCCAG8
SDE2	SDE2
SDF2	SDF2
SDF2L1	SDF2L1
SDF4	SDF4
SDHA	SDHA
SDHAF1	SDHAF1
SDHAF2	SDHAF2
SDHAF3	SDHAF3
SDHAF4	SDHAF4
SDHB	SDHB
SDHC	SDHC
SDHD	SDHD
SDK1	SDK1
SDK2	SDK2
SDR16C5	SDR16C5
SDR39U1	SDR39U1
SDR42E1	SDR42E1
SDR42E2	SDR42E2
SDR9C7	SDR9C7
SDS	SDS
SDSL	SDSL
SEC11A	SEC11A
SEC11C	SEC11C
SEC13	SEC13
SEC14L1	SEC14L1
SEC14L2	SEC14L2
SEC14L3	SEC14L3
SEC14L4	SEC14L4
SEC14L5	SEC14L5
SEC14L6	SEC14L6
SEC16A	SEC16A
SEC16B	SEC16B
SEC22A	SEC22A
SEC22B	SEC22B
SEC22C	SEC22C
SEC23A	SEC23A
SEC23A-AS1	SEC23A-AS1
SEC23B	SEC23B
SEC23IP	SEC23IP
SEC24A	SEC24A
SEC24B	SEC24B
SEC24B-AS1	SEC24B-AS1
SEC24C	SEC24C
SEC24D	SEC24D
SEC31A	SEC31A
SEC31B	SEC31B
SEC61A1	SEC61A1
SEC61A2	SEC61A2
SEC61B	SEC61B
SEC61G	SEC61G
SEC62	SEC62
SEC62-AS1	SEC62-AS1
SEC63	SEC63
SECISBP2	SECISBP2
SECISBP2L	SECISBP2L
SECTM1	SECTM1
SEH1L	SEH1L
SEL1L	SEL1L
SEL1L2	SEL1L2
SEL1L3	SEL1L3
SELE	SELE
SELENBP1	SELENBP1
SELENOF	SELENOF
SELENOH	SELENOH
SELENOI	SELENOI
SELENOK	SELENOK
SELENOM	SELENOM
SELENON	SELENON
SELENOO	SELENOO
SELENOP	SELENOP
SELENOS	SELENOS
SELENOT	SELENOT
SELENOV	SELENOV
SELENOW	SELENOW
SELL	SELL
SELP	SELP
SELPLG	SELPLG
SEM1	SEM1
SEMA3A	SEMA3A
SEMA3B	SEMA3B
SEMA3B-AS1	SEMA3B-AS1
SEMA3C	SEMA3C
SEMA3D	SEMA3D
SEMA3E	SEMA3E
SEMA3F	SEMA3F
SEMA3F-AS1	SEMA3F-AS1
SEMA3G	SEMA3G
SEMA4A	SEMA4A
SEMA4B	SEMA4B
SEMA4C	SEMA4C
SEMA4D	SEMA4D
SEMA4F	SEMA4F
SEMA4G	SEMA4G
SEMA5A	SEMA5A
SEMA5A-AS1	SEMA5A-AS1
SEMA5B	SEMA5B
SEMA6A	SEMA6A
SEMA6A-AS1	SEMA6A-AS1
SEMA6A-AS2	SEMA6A-AS2
SEMA6B	SEMA6B
SEMA6C	SEMA6C
SEMA6D	SEMA6D
SEMA7A	SEMA7A
SEMG2	SEMG2
SENCR	SENCR
SENP1	SENP1
SENP2	SENP2
SENP3	SENP3
SENP3-EIF4A1	SENP3-EIF4A1
SENP5	SENP5
SENP6	SENP6
SENP7	SENP7
SENP8	SENP8
SEPHS1	SEPHS1
SEPHS2	SEPHS2
SEPSECS	SEPSECS
SEPSECS-AS1	SEPSECS-AS1
SEPT1	SEPT1
SEPT10	SEPT10
SEPT11	SEPT11
SEPT12	SEPT12
SEPT14	SEPT14
SEPT2	SEPT2
SEPT3	SEPT3
SEPT4	SEPT4
SEPT4-AS1	SEPT4-AS1
SEPT5	SEPT5
SEPT6	SEPT6
SEPT7	SEPT7
SEPT7-AS1	SEPT7-AS1
SEPT8	SEPT8
SEPT9	SEPT9
SEPTIN1	SEPTIN1
SEPTIN10	SEPTIN10
SEPTIN11	SEPTIN11
SEPTIN12	SEPTIN12
SEPTIN14	SEPTIN14
SEPTIN2	SEPTIN2
SEPTIN3	SEPTIN3
SEPTIN4	SEPTIN4
SEPTIN4-AS1	SEPTIN4-AS1
SEPTIN5	SEPTIN5
SEPTIN6	SEPTIN6
SEPTIN7	SEPTIN7
SEPTIN7-AS1	SEPTIN7-AS1
SEPTIN8	SEPTIN8
SEPTIN9	SEPTIN9
SEPTIN9-DT	SEPTIN9-DT
SERAC1	SERAC1
SERBP1	SERBP1
SERF1A	SERF1A
SERF1B	SERF1B
SERF2	SERF2
SERGEF	SERGEF
SERHL2	SERHL2
SERINC1	SERINC1
SERINC2	SERINC2
SERINC3	SERINC3
SERINC4	SERINC4
SERINC5	SERINC5
SERP1	SERP1
SERP2	SERP2
SERPINA1	SERPINA1
SERPINA10	SERPINA10
SERPINA11	SERPINA11
SERPINA12	SERPINA12
SERPINA3	SERPINA3
SERPINA5	SERPINA5
SERPINA6	SERPINA6
SERPINA9	SERPINA9
SERPINB1	SERPINB1
SERPINB10	SERPINB10
SERPINB11	SERPINB11
SERPINB12	SERPINB12
SERPINB13	SERPINB13
SERPINB2	SERPINB2
SERPINB5	SERPINB5
SERPINB6	SERPINB6
SERPINB7	SERPINB7
SERPINB8	SERPINB8
SERPINB9	SERPINB9
SERPINB9P1	SERPINB9P1
SERPINC1	SERPINC1
SERPIND1	SERPIND1
SERPINE1	SERPINE1
SERPINE2	SERPINE2
SERPINE3	SERPINE3
SERPINF1	SERPINF1
SERPINF2	SERPINF2
SERPING1	SERPING1
SERPINH1	SERPINH1
SERPINI1	SERPINI1
SERPINI2	SERPINI2
SERTAD1	SERTAD1
SERTAD2	SERTAD2
SERTAD3	SERTAD3
SERTAD4	SERTAD4
SERTAD4-AS1	SERTAD4-AS1
SERTM1	SERTM1
SESN1	SESN1
SESN2	SESN2
SESN3	SESN3
SESTD1	SESTD1
SET	SET
SETBP1	SETBP1
SETD1A	SETD1A
SETD1B	SETD1B
SETD2	SETD2
SETD3	SETD3
SETD4	SETD4
SETD5	SETD5
SETD6	SETD6
SETD7	SETD7
SETD9	SETD9
SETDB1	SETDB1
SETDB2	SETDB2
SETMAR	SETMAR
SETSIP	SETSIP
SETX	SETX
SEZ6	SEZ6
SEZ6L	SEZ6L
SEZ6L2	SEZ6L2
SF1	SF1
SF3A1	SF3A1
SF3A2	SF3A2
SF3A3	SF3A3
SF3B1	SF3B1
SF3B2	SF3B2
SF3B3	SF3B3
SF3B4	SF3B4
SF3B5	SF3B5
SF3B6	SF3B6
SFI1	SFI1
SFMBT1	SFMBT1
SFMBT2	SFMBT2
SFN	SFN
SFPQ	SFPQ
SFR1	SFR1
SFRP1	SFRP1
SFRP2	SFRP2
SFRP4	SFRP4
SFRP5	SFRP5
SFSWAP	SFSWAP
SFT2D1	SFT2D1
SFT2D2	SFT2D2
SFT2D3	SFT2D3
SFTA1P	SFTA1P
SFTA2	SFTA2
SFTA3	SFTA3
SFTPA1	SFTPA1
SFTPA2	SFTPA2
SFTPB	SFTPB
SFTPC	SFTPC
SFTPD	SFTPD
SFTPD-AS1	SFTPD-AS1
SFXN1	SFXN1
SFXN2	SFXN2
SFXN3	SFXN3
SFXN4	SFXN4
SFXN5	SFXN5
SGCA	SGCA
SGCB	SGCB
SGCD	SGCD
SGCE	SGCE
SGCG	SGCG
SGCZ	SGCZ
SGF29	SGF29
SGIP1	SGIP1
SGK1	SGK1
SGK2	SGK2
SGK3	SGK3
SGMS1	SGMS1
SGMS1-AS1	SGMS1-AS1
SGMS2	SGMS2
SGO1	SGO1
SGO1-AS1	SGO1-AS1
SGO2	SGO2
SGPL1	SGPL1
SGPP1	SGPP1
SGPP2	SGPP2
SGSH	SGSH
SGSM1	SGSM1
SGSM2	SGSM2
SGSM3	SGSM3
SGTA	SGTA
SGTB	SGTB
SH2B1	SH2B1
SH2B2	SH2B2
SH2B3	SH2B3
SH2D1A	SH2D1A
SH2D1B	SH2D1B
SH2D2A	SH2D2A
SH2D3A	SH2D3A
SH2D3C	SH2D3C
SH2D4A	SH2D4A
SH2D4B	SH2D4B
SH2D5	SH2D5
SH2D6	SH2D6
SH2D7	SH2D7
SH3BGR	SH3BGR
SH3BGRL	SH3BGRL
SH3BGRL2	SH3BGRL2
SH3BGRL3	SH3BGRL3
SH3BP1	SH3BP1
SH3BP2	SH3BP2
SH3BP4	SH3BP4
SH3BP5	SH3BP5
SH3BP5-AS1	SH3BP5-AS1
SH3BP5L	SH3BP5L
SH3D19	SH3D19
SH3D21	SH3D21
SH3GL1	SH3GL1
SH3GL2	SH3GL2
SH3GL3	SH3GL3
SH3GLB1	SH3GLB1
SH3GLB2	SH3GLB2
SH3KBP1	SH3KBP1
SH3PXD2A	SH3PXD2A
SH3PXD2A-AS1	SH3PXD2A-AS1
SH3PXD2B	SH3PXD2B
SH3RF1	SH3RF1
SH3RF2	SH3RF2
SH3RF3	SH3RF3
SH3RF3-AS1	SH3RF3-AS1
SH3TC1	SH3TC1
SH3TC2	SH3TC2
SH3TC2-DT	SH3TC2-DT
SH3YL1	SH3YL1
SHANK1	SHANK1
SHANK2	SHANK2
SHANK2-AS1	SHANK2-AS1
SHANK2-AS2	SHANK2-AS2
SHANK2-AS3	SHANK2-AS3
SHANK3	SHANK3
SHARPIN	SHARPIN
SHB	SHB
SHBG	SHBG
SHC1	SHC1
SHC2	SHC2
SHC3	SHC3
SHC4	SHC4
SHCBP1	SHCBP1
SHCBP1L	SHCBP1L
SHD	SHD
SHE	SHE
SHF	SHF
SHFL	SHFL
SHH	SHH
SHISA2	SHISA2
SHISA3	SHISA3
SHISA4	SHISA4
SHISA5	SHISA5
SHISA6	SHISA6
SHISA7	SHISA7
SHISA8	SHISA8
SHISA9	SHISA9
SHISAL1	SHISAL1
SHISAL2A	SHISAL2A
SHISAL2B	SHISAL2B
SHKBP1	SHKBP1
SHLD1	SHLD1
SHLD2	SHLD2
SHLD3	SHLD3
SHMT1	SHMT1
SHMT2	SHMT2
SHOC1	SHOC1
SHOC2	SHOC2
SHOX	SHOX
SHOX2	SHOX2
SHPK	SHPK
SHPRH	SHPRH
SHQ1	SHQ1
SHROOM1	SHROOM1
SHROOM2	SHROOM2
SHROOM3	SHROOM3
SHROOM4	SHROOM4
SHTN1	SHTN1
SI	SI
SIAE	SIAE
SIAH1	SIAH1
SIAH2	SIAH2
SIAH2-AS1	SIAH2-AS1
SIAH3	SIAH3
SIDT1	SIDT1
SIDT1-AS1	SIDT1-AS1
SIDT2	SIDT2
SIGIRR	SIGIRR
SIGLEC1	SIGLEC1
SIGLEC10	SIGLEC10
SIGLEC11	SIGLEC11
SIGLEC12	SIGLEC12
SIGLEC14	SIGLEC14
SIGLEC15	SIGLEC15
SIGLEC5	SIGLEC5
SIGLEC6	SIGLEC6
SIGLEC7	SIGLEC7
SIGLEC8	SIGLEC8
SIGLEC9	SIGLEC9
SIGLECL1	SIGLECL1
SIGMAR1	SIGMAR1
SIK1	SIK1
SIK1B	SIK1B
SIK2	SIK2
SIK3	SIK3
SIKE1	SIKE1
SIL1	SIL1
SILC1	SILC1
SIM1	SIM1
SIM2	SIM2
SIMC1	SIMC1
SIN3A	SIN3A
SIN3B	SIN3B
SINHCAF	SINHCAF
SIPA1	SIPA1
SIPA1L1	SIPA1L1
SIPA1L2	SIPA1L2
SIPA1L3	SIPA1L3
SIRLNT	SIRLNT
SIRPA	SIRPA
SIRPB1	SIRPB1
SIRPB2	SIRPB2
SIRPD	SIRPD
SIRPG	SIRPG
SIRPG-AS1	SIRPG-AS1
SIRT1	SIRT1
SIRT2	SIRT2
SIRT3	SIRT3
SIRT4	SIRT4
SIRT5	SIRT5
SIRT6	SIRT6
SIRT7	SIRT7
SIT1	SIT1
SIVA1	SIVA1
SIX1	SIX1
SIX2	SIX2
SIX3	SIX3
SIX3-AS1	SIX3-AS1
SIX4	SIX4
SIX5	SIX5
SIX6	SIX6
SKA1	SKA1
SKA2	SKA2
SKA3	SKA3
SKAP1	SKAP1
SKAP1-AS1	SKAP1-AS1
SKAP2	SKAP2
SKI	SKI
SKIDA1	SKIDA1
SKIL	SKIL
SKIV2L	SKIV2L
SKOR1	SKOR1
SKOR2	SKOR2
SKP1	SKP1
SKP2	SKP2
SLA	SLA
SLA2	SLA2
SLAIN1	SLAIN1
SLAIN2	SLAIN2
SLAMF1	SLAMF1
SLAMF6	SLAMF6
SLAMF7	SLAMF7
SLAMF8	SLAMF8
SLAMF9	SLAMF9
SLBP	SLBP
SLC10A1	SLC10A1
SLC10A2	SLC10A2
SLC10A3	SLC10A3
SLC10A4	SLC10A4
SLC10A5	SLC10A5
SLC10A6	SLC10A6
SLC10A7	SLC10A7
SLC11A1	SLC11A1
SLC11A2	SLC11A2
SLC12A1	SLC12A1
SLC12A2	SLC12A2
SLC12A3	SLC12A3
SLC12A4	SLC12A4
SLC12A5	SLC12A5
SLC12A5-AS1	SLC12A5-AS1
SLC12A6	SLC12A6
SLC12A7	SLC12A7
SLC12A8	SLC12A8
SLC12A9	SLC12A9
SLC12A9-AS1	SLC12A9-AS1
SLC13A1	SLC13A1
SLC13A2	SLC13A2
SLC13A3	SLC13A3
SLC13A4	SLC13A4
SLC13A5	SLC13A5
SLC14A1	SLC14A1
SLC14A2	SLC14A2
SLC14A2-AS1	SLC14A2-AS1
SLC15A1	SLC15A1
SLC15A2	SLC15A2
SLC15A3	SLC15A3
SLC15A4	SLC15A4
SLC15A5	SLC15A5
SLC16A1	SLC16A1
SLC16A1-AS1	SLC16A1-AS1
SLC16A10	SLC16A10
SLC16A11	SLC16A11
SLC16A12	SLC16A12
SLC16A12-AS1	SLC16A12-AS1
SLC16A13	SLC16A13
SLC16A14	SLC16A14
SLC16A2	SLC16A2
SLC16A3	SLC16A3
SLC16A4	SLC16A4
SLC16A5	SLC16A5
SLC16A6	SLC16A6
SLC16A7	SLC16A7
SLC16A8	SLC16A8
SLC16A9	SLC16A9
SLC17A1	SLC17A1
SLC17A2	SLC17A2
SLC17A3	SLC17A3
SLC17A4	SLC17A4
SLC17A5	SLC17A5
SLC17A6	SLC17A6
SLC17A7	SLC17A7
SLC17A8	SLC17A8
SLC17A9	SLC17A9
SLC18A1	SLC18A1
SLC18A2	SLC18A2
SLC18A3	SLC18A3
SLC18B1	SLC18B1
SLC19A1	SLC19A1
SLC19A2	SLC19A2
SLC19A3	SLC19A3
SLC1A1	SLC1A1
SLC1A2	SLC1A2
SLC1A3	SLC1A3
SLC1A4	SLC1A4
SLC1A5	SLC1A5
SLC1A6	SLC1A6
SLC1A7	SLC1A7
SLC20A1	SLC20A1
SLC20A2	SLC20A2
SLC22A1	SLC22A1
SLC22A10	SLC22A10
SLC22A11	SLC22A11
SLC22A12	SLC22A12
SLC22A13	SLC22A13
SLC22A14	SLC22A14
SLC22A15	SLC22A15
SLC22A16	SLC22A16
SLC22A17	SLC22A17
SLC22A18	SLC22A18
SLC22A18AS	SLC22A18AS
SLC22A2	SLC22A2
SLC22A23	SLC22A23
SLC22A24	SLC22A24
SLC22A25	SLC22A25
SLC22A3	SLC22A3
SLC22A31	SLC22A31
SLC22A4	SLC22A4
SLC22A5	SLC22A5
SLC22A6	SLC22A6
SLC22A7	SLC22A7
SLC22A8	SLC22A8
SLC22A9	SLC22A9
SLC23A1	SLC23A1
SLC23A2	SLC23A2
SLC23A3	SLC23A3
SLC24A1	SLC24A1
SLC24A2	SLC24A2
SLC24A3	SLC24A3
SLC24A4	SLC24A4
SLC24A5	SLC24A5
SLC25A1	SLC25A1
SLC25A10	SLC25A10
SLC25A11	SLC25A11
SLC25A12	SLC25A12
SLC25A13	SLC25A13
SLC25A14	SLC25A14
SLC25A15	SLC25A15
SLC25A16	SLC25A16
SLC25A17	SLC25A17
SLC25A18	SLC25A18
SLC25A19	SLC25A19
SLC25A2	SLC25A2
SLC25A20	SLC25A20
SLC25A21	SLC25A21
SLC25A21-AS1	SLC25A21-AS1
SLC25A22	SLC25A22
SLC25A23	SLC25A23
SLC25A24	SLC25A24
SLC25A25	SLC25A25
SLC25A25-AS1	SLC25A25-AS1
SLC25A26	SLC25A26
SLC25A27	SLC25A27
SLC25A28	SLC25A28
SLC25A29	SLC25A29
SLC25A3	SLC25A3
SLC25A30	SLC25A30
SLC25A30-AS1	SLC25A30-AS1
SLC25A31	SLC25A31
SLC25A32	SLC25A32
SLC25A33	SLC25A33
SLC25A34	SLC25A34
SLC25A34-AS1	SLC25A34-AS1
SLC25A35	SLC25A35
SLC25A36	SLC25A36
SLC25A37	SLC25A37
SLC25A38	SLC25A38
SLC25A39	SLC25A39
SLC25A4	SLC25A4
SLC25A40	SLC25A40
SLC25A41	SLC25A41
SLC25A42	SLC25A42
SLC25A43	SLC25A43
SLC25A44	SLC25A44
SLC25A45	SLC25A45
SLC25A46	SLC25A46
SLC25A47	SLC25A47
SLC25A48	SLC25A48
SLC25A48-AS1	SLC25A48-AS1
SLC25A5	SLC25A5
SLC25A5-AS1	SLC25A5-AS1
SLC25A51	SLC25A51
SLC25A52	SLC25A52
SLC25A53	SLC25A53
SLC25A6	SLC25A6
SLC26A1	SLC26A1
SLC26A10	SLC26A10
SLC26A11	SLC26A11
SLC26A2	SLC26A2
SLC26A3	SLC26A3
SLC26A4	SLC26A4
SLC26A4-AS1	SLC26A4-AS1
SLC26A5	SLC26A5
SLC26A6	SLC26A6
SLC26A7	SLC26A7
SLC26A8	SLC26A8
SLC26A9	SLC26A9
SLC27A1	SLC27A1
SLC27A2	SLC27A2
SLC27A3	SLC27A3
SLC27A4	SLC27A4
SLC27A5	SLC27A5
SLC27A6	SLC27A6
SLC28A1	SLC28A1
SLC28A2	SLC28A2
SLC28A3	SLC28A3
SLC29A1	SLC29A1
SLC29A2	SLC29A2
SLC29A3	SLC29A3
SLC29A4	SLC29A4
SLC2A1	SLC2A1
SLC2A1-AS1	SLC2A1-AS1
SLC2A10	SLC2A10
SLC2A11	SLC2A11
SLC2A12	SLC2A12
SLC2A13	SLC2A13
SLC2A14	SLC2A14
SLC2A2	SLC2A2
SLC2A3	SLC2A3
SLC2A4	SLC2A4
SLC2A4RG	SLC2A4RG
SLC2A5	SLC2A5
SLC2A6	SLC2A6
SLC2A7	SLC2A7
SLC2A8	SLC2A8
SLC2A9	SLC2A9
SLC30A1	SLC30A1
SLC30A10	SLC30A10
SLC30A2	SLC30A2
SLC30A3	SLC30A3
SLC30A4	SLC30A4
SLC30A5	SLC30A5
SLC30A6	SLC30A6
SLC30A7	SLC30A7
SLC30A8	SLC30A8
SLC30A9	SLC30A9
SLC31A1	SLC31A1
SLC31A2	SLC31A2
SLC32A1	SLC32A1
SLC33A1	SLC33A1
SLC34A1	SLC34A1
SLC34A2	SLC34A2
SLC34A3	SLC34A3
SLC35A1	SLC35A1
SLC35A2	SLC35A2
SLC35A3	SLC35A3
SLC35A4	SLC35A4
SLC35A5	SLC35A5
SLC35B1	SLC35B1
SLC35B2	SLC35B2
SLC35B3	SLC35B3
SLC35B4	SLC35B4
SLC35C1	SLC35C1
SLC35C2	SLC35C2
SLC35D1	SLC35D1
SLC35D2	SLC35D2
SLC35D3	SLC35D3
SLC35E1	SLC35E1
SLC35E2A	SLC35E2A
SLC35E2B	SLC35E2B
SLC35E3	SLC35E3
SLC35E4	SLC35E4
SLC35F1	SLC35F1
SLC35F2	SLC35F2
SLC35F3	SLC35F3
SLC35F4	SLC35F4
SLC35F5	SLC35F5
SLC35F6	SLC35F6
SLC35G1	SLC35G1
SLC35G2	SLC35G2
SLC35G3	SLC35G3
SLC35G4	SLC35G4
SLC35G5	SLC35G5
SLC35G6	SLC35G6
SLC36A1	SLC36A1
SLC36A2	SLC36A2
SLC36A3	SLC36A3
SLC36A4	SLC36A4
SLC37A1	SLC37A1
SLC37A2	SLC37A2
SLC37A3	SLC37A3
SLC37A4	SLC37A4
SLC38A1	SLC38A1
SLC38A10	SLC38A10
SLC38A11	SLC38A11
SLC38A2	SLC38A2
SLC38A3	SLC38A3
SLC38A4	SLC38A4
SLC38A5	SLC38A5
SLC38A6	SLC38A6
SLC38A7	SLC38A7
SLC38A8	SLC38A8
SLC38A9	SLC38A9
SLC39A1	SLC39A1
SLC39A10	SLC39A10
SLC39A11	SLC39A11
SLC39A12	SLC39A12
SLC39A12-AS1	SLC39A12-AS1
SLC39A13	SLC39A13
SLC39A14	SLC39A14
SLC39A2	SLC39A2
SLC39A3	SLC39A3
SLC39A4	SLC39A4
SLC39A5	SLC39A5
SLC39A6	SLC39A6
SLC39A7	SLC39A7
SLC39A8	SLC39A8
SLC39A9	SLC39A9
SLC3A1	SLC3A1
SLC3A2	SLC3A2
SLC40A1	SLC40A1
SLC41A1	SLC41A1
SLC41A2	SLC41A2
SLC41A3	SLC41A3
SLC43A1	SLC43A1
SLC43A2	SLC43A2
SLC43A3	SLC43A3
SLC44A1	SLC44A1
SLC44A2	SLC44A2
SLC44A3	SLC44A3
SLC44A4	SLC44A4
SLC44A5	SLC44A5
SLC45A1	SLC45A1
SLC45A2	SLC45A2
SLC45A3	SLC45A3
SLC45A4	SLC45A4
SLC46A1	SLC46A1
SLC46A2	SLC46A2
SLC46A3	SLC46A3
SLC47A1	SLC47A1
SLC47A2	SLC47A2
SLC48A1	SLC48A1
SLC49A3	SLC49A3
SLC49A4	SLC49A4
SLC4A1	SLC4A1
SLC4A10	SLC4A10
SLC4A11	SLC4A11
SLC4A1AP	SLC4A1AP
SLC4A2	SLC4A2
SLC4A3	SLC4A3
SLC4A4	SLC4A4
SLC4A5	SLC4A5
SLC4A7	SLC4A7
SLC4A8	SLC4A8
SLC4A9	SLC4A9
SLC50A1	SLC50A1
SLC51A	SLC51A
SLC51B	SLC51B
SLC52A1	SLC52A1
SLC52A2	SLC52A2
SLC52A3	SLC52A3
SLC5A1	SLC5A1
SLC5A10	SLC5A10
SLC5A11	SLC5A11
SLC5A12	SLC5A12
SLC5A2	SLC5A2
SLC5A3	SLC5A3
SLC5A4	SLC5A4
SLC5A4-AS1	SLC5A4-AS1
SLC5A5	SLC5A5
SLC5A6	SLC5A6
SLC5A7	SLC5A7
SLC5A8	SLC5A8
SLC5A9	SLC5A9
SLC66A1	SLC66A1
SLC66A1L	SLC66A1L
SLC66A2	SLC66A2
SLC66A3	SLC66A3
SLC6A1	SLC6A1
SLC6A1-AS1	SLC6A1-AS1
SLC6A11	SLC6A11
SLC6A12	SLC6A12
SLC6A13	SLC6A13
SLC6A14	SLC6A14
SLC6A15	SLC6A15
SLC6A16	SLC6A16
SLC6A17	SLC6A17
SLC6A18	SLC6A18
SLC6A19	SLC6A19
SLC6A2	SLC6A2
SLC6A20	SLC6A20
SLC6A3	SLC6A3
SLC6A4	SLC6A4
SLC6A5	SLC6A5
SLC6A6	SLC6A6
SLC6A7	SLC6A7
SLC6A8	SLC6A8
SLC6A9	SLC6A9
SLC7A1	SLC7A1
SLC7A10	SLC7A10
SLC7A11	SLC7A11
SLC7A11-AS1	SLC7A11-AS1
SLC7A13	SLC7A13
SLC7A14	SLC7A14
SLC7A14-AS1	SLC7A14-AS1
SLC7A2	SLC7A2
SLC7A3	SLC7A3
SLC7A4	SLC7A4
SLC7A5	SLC7A5
SLC7A6	SLC7A6
SLC7A6OS	SLC7A6OS
SLC7A7	SLC7A7
SLC7A8	SLC7A8
SLC7A9	SLC7A9
SLC8A1	SLC8A1
SLC8A1-AS1	SLC8A1-AS1
SLC8A2	SLC8A2
SLC8A3	SLC8A3
SLC8B1	SLC8B1
SLC9A1	SLC9A1
SLC9A2	SLC9A2
SLC9A3	SLC9A3
SLC9A3-AS1	SLC9A3-AS1
SLC9A3R1	SLC9A3R1
SLC9A3R2	SLC9A3R2
SLC9A4	SLC9A4
SLC9A5	SLC9A5
SLC9A6	SLC9A6
SLC9A7	SLC9A7
SLC9A8	SLC9A8
SLC9A9	SLC9A9
SLC9A9-AS1	SLC9A9-AS1
SLC9A9-AS2	SLC9A9-AS2
SLC9B1	SLC9B1
SLC9B2	SLC9B2
SLC9C1	SLC9C1
SLC9C2	SLC9C2
SLCO1A2	SLCO1A2
SLCO1B1	SLCO1B1
SLCO1B3	SLCO1B3
SLCO1B7	SLCO1B7
SLCO1C1	SLCO1C1
SLCO2A1	SLCO2A1
SLCO2B1	SLCO2B1
SLCO3A1	SLCO3A1
SLCO4A1	SLCO4A1
SLCO4A1-AS1	SLCO4A1-AS1
SLCO4C1	SLCO4C1
SLCO5A1	SLCO5A1
SLCO6A1	SLCO6A1
SLF1	SLF1
SLF2	SLF2
SLFN11	SLFN11
SLFN12	SLFN12
SLFN12L	SLFN12L
SLFN13	SLFN13
SLFN14	SLFN14
SLFN5	SLFN5
SLFNL1	SLFNL1
SLFNL1-AS1	SLFNL1-AS1
SLIRP	SLIRP
SLIT1	SLIT1
SLIT1-AS1	SLIT1-AS1
SLIT2	SLIT2
SLIT2-IT1	SLIT2-IT1
SLIT3	SLIT3
SLITRK1	SLITRK1
SLITRK2	SLITRK2
SLITRK3	SLITRK3
SLITRK4	SLITRK4
SLITRK5	SLITRK5
SLITRK6	SLITRK6
SLK	SLK
SLMAP	SLMAP
SLN	SLN
SLPI	SLPI
SLTM	SLTM
SLU7	SLU7
SLURP2	SLURP2
SLX1A	SLX1A
SLX1B	SLX1B
SLX4	SLX4
SLX4IP	SLX4IP
SMAD1	SMAD1
SMAD1-AS1	SMAD1-AS1
SMAD1-AS2	SMAD1-AS2
SMAD2	SMAD2
SMAD3	SMAD3
SMAD4	SMAD4
SMAD5	SMAD5
SMAD5-AS1	SMAD5-AS1
SMAD6	SMAD6
SMAD7	SMAD7
SMAD9	SMAD9
SMAD9-IT1	SMAD9-IT1
SMAGP	SMAGP
SMAP1	SMAP1
SMAP2	SMAP2
SMARCA1	SMARCA1
SMARCA2	SMARCA2
SMARCA4	SMARCA4
SMARCA5	SMARCA5
SMARCA5-AS1	SMARCA5-AS1
SMARCAD1	SMARCAD1
SMARCAL1	SMARCAL1
SMARCB1	SMARCB1
SMARCC1	SMARCC1
SMARCC2	SMARCC2
SMARCD1	SMARCD1
SMARCD2	SMARCD2
SMARCD3	SMARCD3
SMARCE1	SMARCE1
SMC1A	SMC1A
SMC1B	SMC1B
SMC2	SMC2
SMC2-AS1	SMC2-AS1
SMC3	SMC3
SMC4	SMC4
SMC5	SMC5
SMC5-AS1	SMC5-AS1
SMC6	SMC6
SMCHD1	SMCHD1
SMCO1	SMCO1
SMCO2	SMCO2
SMCO3	SMCO3
SMCO4	SMCO4
SMCP	SMCP
SMCR2	SMCR2
SMCR5	SMCR5
SMCR8	SMCR8
SMDT1	SMDT1
SMG1	SMG1
SMG5	SMG5
SMG6	SMG6
SMG7	SMG7
SMG7-AS1	SMG7-AS1
SMG8	SMG8
SMG9	SMG9
SMILR	SMILR
SMIM1	SMIM1
SMIM10	SMIM10
SMIM10L1	SMIM10L1
SMIM10L2A	SMIM10L2A
SMIM10L2B	SMIM10L2B
SMIM10L2B-AS1	SMIM10L2B-AS1
SMIM11A	SMIM11A
SMIM11B	SMIM11B
SMIM12	SMIM12
SMIM13	SMIM13
SMIM14	SMIM14
SMIM15	SMIM15
SMIM15-AS1	SMIM15-AS1
SMIM17	SMIM17
SMIM18	SMIM18
SMIM19	SMIM19
SMIM2	SMIM2
SMIM2-AS1	SMIM2-AS1
SMIM2-IT1	SMIM2-IT1
SMIM20	SMIM20
SMIM21	SMIM21
SMIM22	SMIM22
SMIM23	SMIM23
SMIM24	SMIM24
SMIM25	SMIM25
SMIM26	SMIM26
SMIM27	SMIM27
SMIM28	SMIM28
SMIM29	SMIM29
SMIM3	SMIM3
SMIM30	SMIM30
SMIM31	SMIM31
SMIM32	SMIM32
SMIM33	SMIM33
SMIM34B	SMIM34B
SMIM35	SMIM35
SMIM36	SMIM36
SMIM37	SMIM37
SMIM38	SMIM38
SMIM4	SMIM4
SMIM40	SMIM40
SMIM41	SMIM41
SMIM5	SMIM5
SMIM6	SMIM6
SMIM7	SMIM7
SMIM8	SMIM8
SMIM9	SMIM9
SMKR1	SMKR1
SMLR1	SMLR1
SMN1	SMN1
SMN2	SMN2
SMNDC1	SMNDC1
SMO	SMO
SMOC1	SMOC1
SMOC2	SMOC2
SMOX	SMOX
SMPD1	SMPD1
SMPD2	SMPD2
SMPD3	SMPD3
SMPD4	SMPD4
SMPDL3A	SMPDL3A
SMPDL3B	SMPDL3B
SMPX	SMPX
SMR3B	SMR3B
SMS	SMS
SMTN	SMTN
SMTNL1	SMTNL1
SMTNL2	SMTNL2
SMU1	SMU1
SMUG1	SMUG1
SMUG1-AS1	SMUG1-AS1
SMURF1	SMURF1
SMURF2	SMURF2
SMYD1	SMYD1
SMYD2	SMYD2
SMYD3	SMYD3
SMYD3-IT1	SMYD3-IT1
SMYD4	SMYD4
SMYD5	SMYD5
SNAI1	SNAI1
SNAI2	SNAI2
SNAI3	SNAI3
SNAI3-AS1	SNAI3-AS1
SNAP23	SNAP23
SNAP25	SNAP25
SNAP25-AS1	SNAP25-AS1
SNAP29	SNAP29
SNAP47	SNAP47
SNAP47-AS1	SNAP47-AS1
SNAP91	SNAP91
SNAPC1	SNAPC1
SNAPC2	SNAPC2
SNAPC3	SNAPC3
SNAPC4	SNAPC4
SNAPC5	SNAPC5
SNAPIN	SNAPIN
SNCA	SNCA
SNCA-AS1	SNCA-AS1
SNCAIP	SNCAIP
SNCB	SNCB
SNCG	SNCG
SND1	SND1
SND1-IT1	SND1-IT1
SNED1	SNED1
SNF8	SNF8
SNHG1	SNHG1
SNHG10	SNHG10
SNHG11	SNHG11
SNHG12	SNHG12
SNHG14	SNHG14
SNHG15	SNHG15
SNHG16	SNHG16
SNHG17	SNHG17
SNHG18	SNHG18
SNHG19	SNHG19
SNHG20	SNHG20
SNHG21	SNHG21
SNHG22	SNHG22
SNHG25	SNHG25
SNHG26	SNHG26
SNHG27	SNHG27
SNHG29	SNHG29
SNHG3	SNHG3
SNHG30	SNHG30
SNHG31	SNHG31
SNHG32	SNHG32
SNHG4	SNHG4
SNHG5	SNHG5
SNHG6	SNHG6
SNHG7	SNHG7
SNHG8	SNHG8
SNHG9	SNHG9
SNIP1	SNIP1
SNN	SNN
SNORC	SNORC
SNPH	SNPH
SNRK	SNRK
SNRK-AS1	SNRK-AS1
SNRNP200	SNRNP200
SNRNP25	SNRNP25
SNRNP27	SNRNP27
SNRNP35	SNRNP35
SNRNP40	SNRNP40
SNRNP48	SNRNP48
SNRNP70	SNRNP70
SNRPA	SNRPA
SNRPA1	SNRPA1
SNRPB	SNRPB
SNRPB2	SNRPB2
SNRPC	SNRPC
SNRPD1	SNRPD1
SNRPD2	SNRPD2
SNRPD3	SNRPD3
SNRPE	SNRPE
SNRPF	SNRPF
SNRPG	SNRPG
SNRPN	SNRPN
SNTA1	SNTA1
SNTB1	SNTB1
SNTB2	SNTB2
SNTG1	SNTG1
SNTG2	SNTG2
SNTG2-AS1	SNTG2-AS1
SNTN	SNTN
SNU13	SNU13
SNUPN	SNUPN
SNURF	SNURF
SNW1	SNW1
SNX1	SNX1
SNX10	SNX10
SNX11	SNX11
SNX12	SNX12
SNX13	SNX13
SNX14	SNX14
SNX15	SNX15
SNX16	SNX16
SNX17	SNX17
SNX18	SNX18
SNX19	SNX19
SNX2	SNX2
SNX20	SNX20
SNX21	SNX21
SNX22	SNX22
SNX24	SNX24
SNX25	SNX25
SNX27	SNX27
SNX29	SNX29
SNX3	SNX3
SNX30	SNX30
SNX31	SNX31
SNX32	SNX32
SNX33	SNX33
SNX4	SNX4
SNX5	SNX5
SNX6	SNX6
SNX7	SNX7
SNX8	SNX8
SNX9	SNX9
SOAT1	SOAT1
SOAT2	SOAT2
SOBP	SOBP
SOCS1	SOCS1
SOCS2	SOCS2
SOCS2-AS1	SOCS2-AS1
SOCS3	SOCS3
SOCS4	SOCS4
SOCS5	SOCS5
SOCS6	SOCS6
SOCS7	SOCS7
SOD1	SOD1
SOD2	SOD2
SOD2-OT1	SOD2-OT1
SOD2.1	SOD2.1
SOD3	SOD3
SOGA1	SOGA1
SOGA3	SOGA3
SOHLH1	SOHLH1
SOHLH2	SOHLH2
SON	SON
SORBS1	SORBS1
SORBS2	SORBS2
SORBS3	SORBS3
SORCS1	SORCS1
SORCS2	SORCS2
SORCS3	SORCS3
SORD	SORD
SORL1	SORL1
SORT1	SORT1
SOS1	SOS1
SOS1-IT1	SOS1-IT1
SOS2	SOS2
SOST	SOST
SOSTDC1	SOSTDC1
SOWAHA	SOWAHA
SOWAHB	SOWAHB
SOWAHC	SOWAHC
SOWAHD	SOWAHD
SOX1	SOX1
SOX1-OT	SOX1-OT
SOX10	SOX10
SOX11	SOX11
SOX12	SOX12
SOX13	SOX13
SOX15	SOX15
SOX17	SOX17
SOX18	SOX18
SOX2	SOX2
SOX2-OT	SOX2-OT
SOX21	SOX21
SOX21-AS1	SOX21-AS1
SOX3	SOX3
SOX30	SOX30
SOX4	SOX4
SOX5	SOX5
SOX5-AS1	SOX5-AS1
SOX6	SOX6
SOX7	SOX7
SOX8	SOX8
SOX9	SOX9
SOX9-AS1	SOX9-AS1
SP1	SP1
SP100	SP100
SP110	SP110
SP140	SP140
SP140L	SP140L
SP2	SP2
SP2-AS1	SP2-AS1
SP3	SP3
SP4	SP4
SP5	SP5
SP6	SP6
SP7	SP7
SP8	SP8
SP9	SP9
SPA17	SPA17
SPAAR	SPAAR
SPACA1	SPACA1
SPACA3	SPACA3
SPACA5	SPACA5
SPACA6	SPACA6
SPACA6P-AS	SPACA6P-AS
SPACA7	SPACA7
SPACA9	SPACA9
SPAG1	SPAG1
SPAG16	SPAG16
SPAG16-DT	SPAG16-DT
SPAG17	SPAG17
SPAG4	SPAG4
SPAG5	SPAG5
SPAG5-AS1	SPAG5-AS1
SPAG6	SPAG6
SPAG7	SPAG7
SPAG8	SPAG8
SPAG9	SPAG9
SPAM1	SPAM1
SPANXA2-OT1	SPANXA2-OT1
SPANXB1	SPANXB1
SPANXD	SPANXD
SPANXN1	SPANXN1
SPANXN2	SPANXN2
SPANXN3	SPANXN3
SPANXN4	SPANXN4
SPARC	SPARC
SPARCL1	SPARCL1
SPART	SPART
SPART-AS1	SPART-AS1
SPAST	SPAST
SPATA1	SPATA1
SPATA12	SPATA12
SPATA13	SPATA13
SPATA13-AS1	SPATA13-AS1
SPATA16	SPATA16
SPATA17	SPATA17
SPATA18	SPATA18
SPATA19	SPATA19
SPATA2	SPATA2
SPATA20	SPATA20
SPATA21	SPATA21
SPATA22	SPATA22
SPATA24	SPATA24
SPATA25	SPATA25
SPATA2L	SPATA2L
SPATA3	SPATA3
SPATA3-AS1	SPATA3-AS1
SPATA31E1	SPATA31E1
SPATA32	SPATA32
SPATA33	SPATA33
SPATA4	SPATA4
SPATA41	SPATA41
SPATA42	SPATA42
SPATA45	SPATA45
SPATA46	SPATA46
SPATA48	SPATA48
SPATA5	SPATA5
SPATA5L1	SPATA5L1
SPATA6	SPATA6
SPATA6L	SPATA6L
SPATA7	SPATA7
SPATA8-AS1	SPATA8-AS1
SPATA9	SPATA9
SPATC1	SPATC1
SPATC1L	SPATC1L
SPATS1	SPATS1
SPATS2	SPATS2
SPATS2L	SPATS2L
SPC24	SPC24
SPC25	SPC25
SPCS1	SPCS1
SPCS2	SPCS2
SPCS3	SPCS3
SPDEF	SPDEF
SPDL1	SPDL1
SPDYA	SPDYA
SPDYC	SPDYC
SPDYE1	SPDYE1
SPDYE16	SPDYE16
SPDYE17	SPDYE17
SPDYE2	SPDYE2
SPDYE21P	SPDYE21P
SPDYE2B	SPDYE2B
SPDYE3	SPDYE3
SPDYE5	SPDYE5
SPDYE6	SPDYE6
SPDYE8P	SPDYE8P
SPDYE9P	SPDYE9P
SPECC1	SPECC1
SPECC1L	SPECC1L
SPECC1L-ADORA2A	SPECC1L-ADORA2A
SPEF1	SPEF1
SPEF2	SPEF2
SPEG	SPEG
SPEGNB	SPEGNB
SPEM1	SPEM1
SPEN	SPEN
SPERT	SPERT
SPESP1	SPESP1
SPG11	SPG11
SPG21	SPG21
SPG7	SPG7
SPHK1	SPHK1
SPHK2	SPHK2
SPHKAP	SPHKAP
SPI1	SPI1
SPIB	SPIB
SPIC	SPIC
SPICE1	SPICE1
SPIDR	SPIDR
SPIN1	SPIN1
SPIN2A	SPIN2A
SPIN2B	SPIN2B
SPIN3	SPIN3
SPIN4	SPIN4
SPIN4-AS1	SPIN4-AS1
SPINDOC	SPINDOC
SPINK1	SPINK1
SPINK13	SPINK13
SPINK14	SPINK14
SPINK2	SPINK2
SPINK4	SPINK4
SPINK5	SPINK5
SPINK6	SPINK6
SPINK7	SPINK7
SPINK8	SPINK8
SPINK9	SPINK9
SPINT1	SPINT1
SPINT1-AS1	SPINT1-AS1
SPINT2	SPINT2
SPINT4	SPINT4
SPIRE1	SPIRE1
SPIRE2	SPIRE2
SPN	SPN
SPNS1	SPNS1
SPNS2	SPNS2
SPNS3	SPNS3
SPO11	SPO11
SPOCD1	SPOCD1
SPOCK1	SPOCK1
SPOCK2	SPOCK2
SPOCK3	SPOCK3
SPON1	SPON1
SPON1-AS1	SPON1-AS1
SPON2	SPON2
SPOP	SPOP
SPOPL	SPOPL
SPOUT1	SPOUT1
SPP1	SPP1
SPP2	SPP2
SPPL2A	SPPL2A
SPPL2B	SPPL2B
SPPL2C	SPPL2C
SPPL3	SPPL3
SPR	SPR
SPRED1	SPRED1
SPRED2	SPRED2
SPRED3	SPRED3
SPRN	SPRN
SPRR2E	SPRR2E
SPRR2G	SPRR2G
SPRTN	SPRTN
SPRY1	SPRY1
SPRY2	SPRY2
SPRY3	SPRY3
SPRY4	SPRY4
SPRY4-AS1	SPRY4-AS1
SPRYD3	SPRYD3
SPRYD4	SPRYD4
SPRYD7	SPRYD7
SPSB1	SPSB1
SPSB2	SPSB2
SPSB3	SPSB3
SPSB4	SPSB4
SPTA1	SPTA1
SPTAN1	SPTAN1
SPTB	SPTB
SPTBN1	SPTBN1
SPTBN2	SPTBN2
SPTBN4	SPTBN4
SPTBN5	SPTBN5
SPTLC1	SPTLC1
SPTLC2	SPTLC2
SPTLC3	SPTLC3
SPTSSA	SPTSSA
SPTSSB	SPTSSB
SPTY2D1	SPTY2D1
SPTY2D1OS	SPTY2D1OS
SPX	SPX
SPZ1	SPZ1
SQLE	SQLE
SQOR	SQOR
SQSTM1	SQSTM1
SRA1	SRA1
SRARP	SRARP
SRBD1	SRBD1
SRC	SRC
SRCAP	SRCAP
SRCIN1	SRCIN1
SRD5A1	SRD5A1
SRD5A2	SRD5A2
SRD5A3	SRD5A3
SRD5A3-AS1	SRD5A3-AS1
SREBF1	SREBF1
SREBF2	SREBF2
SREBF2-AS1	SREBF2-AS1
SREK1	SREK1
SREK1IP1	SREK1IP1
SRF	SRF
SRFBP1	SRFBP1
SRGAP1	SRGAP1
SRGAP2	SRGAP2
SRGAP2-AS1	SRGAP2-AS1
SRGAP2B	SRGAP2B
SRGAP2C	SRGAP2C
SRGAP3	SRGAP3
SRGAP3-AS1	SRGAP3-AS1
SRGAP3-AS2	SRGAP3-AS2
SRGAP3-AS3	SRGAP3-AS3
SRGAP3-AS4	SRGAP3-AS4
SRGN	SRGN
SRI	SRI
SRL	SRL
SRM	SRM
SRMS	SRMS
SRP14	SRP14
SRP14-AS1	SRP14-AS1
SRP19	SRP19
SRP54	SRP54
SRP68	SRP68
SRP72	SRP72
SRP9	SRP9
SRPK1	SRPK1
SRPK2	SRPK2
SRPK3	SRPK3
SRPRA	SRPRA
SRPRB	SRPRB
SRPX	SRPX
SRPX2	SRPX2
SRR	SRR
SRRD	SRRD
SRRM1	SRRM1
SRRM2	SRRM2
SRRM2-AS1	SRRM2-AS1
SRRM3	SRRM3
SRRM4	SRRM4
SRRM5	SRRM5
SRRT	SRRT
SRSF1	SRSF1
SRSF10	SRSF10
SRSF11	SRSF11
SRSF12	SRSF12
SRSF2	SRSF2
SRSF3	SRSF3
SRSF4	SRSF4
SRSF5	SRSF5
SRSF6	SRSF6
SRSF7	SRSF7
SRSF8	SRSF8
SRSF9	SRSF9
SRXN1	SRXN1
SRY	SRY
SS18	SS18
SS18L1	SS18L1
SS18L2	SS18L2
SSB	SSB
SSBP1	SSBP1
SSBP2	SSBP2
SSBP3	SSBP3
SSBP3-AS1	SSBP3-AS1
SSBP4	SSBP4
SSC4D	SSC4D
SSC5D	SSC5D
SSFA2	SSFA2
SSH1	SSH1
SSH2	SSH2
SSH3	SSH3
SSMEM1	SSMEM1
SSNA1	SSNA1
SSPN	SSPN
SSPO	SSPO
SSR1	SSR1
SSR2	SSR2
SSR3	SSR3
SSR4	SSR4
SSRP1	SSRP1
SSSCA1	SSSCA1
SSSCA1-AS1	SSSCA1-AS1
SST	SST
SSTR1	SSTR1
SSTR2	SSTR2
SSTR3	SSTR3
SSTR4	SSTR4
SSTR5-AS1	SSTR5-AS1
SSU72	SSU72
SSUH2	SSUH2
SSX1	SSX1
SSX2B	SSX2B
SSX2IP	SSX2IP
SSX3	SSX3
SSX5	SSX5
SSX7	SSX7
ST13	ST13
ST14	ST14
ST18	ST18
ST20-AS1	ST20-AS1
ST20-MTHFS	ST20-MTHFS
ST3GAL1	ST3GAL1
ST3GAL2	ST3GAL2
ST3GAL3	ST3GAL3
ST3GAL4	ST3GAL4
ST3GAL5	ST3GAL5
ST3GAL5-AS1	ST3GAL5-AS1
ST3GAL6	ST3GAL6
ST3GAL6-AS1	ST3GAL6-AS1
ST5	ST5
ST6GAL1	ST6GAL1
ST6GAL2	ST6GAL2
ST6GAL2-IT1	ST6GAL2-IT1
ST6GALNAC1	ST6GALNAC1
ST6GALNAC2	ST6GALNAC2
ST6GALNAC3	ST6GALNAC3
ST6GALNAC4	ST6GALNAC4
ST6GALNAC5	ST6GALNAC5
ST6GALNAC6	ST6GALNAC6
ST7	ST7
ST7-AS1	ST7-AS1
ST7-AS2	ST7-AS2
ST7-OT4	ST7-OT4
ST7L	ST7L
ST8SIA1	ST8SIA1
ST8SIA2	ST8SIA2
ST8SIA3	ST8SIA3
ST8SIA4	ST8SIA4
ST8SIA5	ST8SIA5
ST8SIA6	ST8SIA6
ST8SIA6-AS1	ST8SIA6-AS1
STAB1	STAB1
STAB2	STAB2
STAC	STAC
STAC2	STAC2
STAC3	STAC3
STAG1	STAG1
STAG2	STAG2
STAG3	STAG3
STAM	STAM
STAM-AS1	STAM-AS1
STAM2	STAM2
STAMBP	STAMBP
STAMBPL1	STAMBPL1
STAP1	STAP1
STAP2	STAP2
STAR	STAR
STARD10	STARD10
STARD13	STARD13
STARD13-AS	STARD13-AS
STARD13-IT1	STARD13-IT1
STARD3	STARD3
STARD3NL	STARD3NL
STARD4	STARD4
STARD4-AS1	STARD4-AS1
STARD5	STARD5
STARD6	STARD6
STARD7	STARD7
STARD7-AS1	STARD7-AS1
STARD8	STARD8
STARD9	STARD9
STAT1	STAT1
STAT2	STAT2
STAT3	STAT3
STAT4	STAT4
STAT5A	STAT5A
STAT5B	STAT5B
STAT6	STAT6
STAU1	STAU1
STAU2	STAU2
STAU2-AS1	STAU2-AS1
STBD1	STBD1
STC1	STC1
STC2	STC2
STEAP1	STEAP1
STEAP1B	STEAP1B
STEAP2	STEAP2
STEAP2-AS1	STEAP2-AS1
STEAP3	STEAP3
STEAP3-AS1	STEAP3-AS1
STEAP4	STEAP4
STH	STH
STIL	STIL
STIM1	STIM1
STIM2	STIM2
STIM2-AS1	STIM2-AS1
STIMATE	STIMATE
STIP1	STIP1
STK10	STK10
STK11	STK11
STK11IP	STK11IP
STK16	STK16
STK17A	STK17A
STK17B	STK17B
STK19	STK19
STK24	STK24
STK24-AS1	STK24-AS1
STK25	STK25
STK26	STK26
STK3	STK3
STK31	STK31
STK32A	STK32A
STK32A-AS1	STK32A-AS1
STK32B	STK32B
STK32C	STK32C
STK33	STK33
STK35	STK35
STK36	STK36
STK38	STK38
STK38L	STK38L
STK39	STK39
STK4	STK4
STK4-AS1	STK4-AS1
STK40	STK40
STKLD1	STKLD1
STMN1	STMN1
STMN2	STMN2
STMN3	STMN3
STMN4	STMN4
STMND1	STMND1
STMP1	STMP1
STN1	STN1
STOM	STOM
STOML1	STOML1
STOML2	STOML2
STOML3	STOML3
STON1	STON1
STON1-GTF2A1L	STON1-GTF2A1L
STON2	STON2
STOX1	STOX1
STOX2	STOX2
STPG1	STPG1
STPG2	STPG2
STPG2-AS1	STPG2-AS1
STPG3	STPG3
STPG3-AS1	STPG3-AS1
STPG4	STPG4
STRA6	STRA6
STRA8	STRA8
STRADA	STRADA
STRADB	STRADB
STRAP	STRAP
STRBP	STRBP
STRC	STRC
STRIP1	STRIP1
STRIP2	STRIP2
STRIT1	STRIT1
STRN	STRN
STRN3	STRN3
STRN4	STRN4
STS	STS
STT3A	STT3A
STT3A-AS1	STT3A-AS1
STT3B	STT3B
STUB1	STUB1
STUM	STUM
STX10	STX10
STX11	STX11
STX12	STX12
STX16	STX16
STX16-NPEPL1	STX16-NPEPL1
STX17	STX17
STX17-AS1	STX17-AS1
STX18	STX18
STX18-AS1	STX18-AS1
STX18-IT1	STX18-IT1
STX19	STX19
STX1A	STX1A
STX1B	STX1B
STX2	STX2
STX3	STX3
STX4	STX4
STX5	STX5
STX6	STX6
STX7	STX7
STX8	STX8
STXBP1	STXBP1
STXBP2	STXBP2
STXBP3	STXBP3
STXBP4	STXBP4
STXBP5	STXBP5
STXBP5-AS1	STXBP5-AS1
STXBP5L	STXBP5L
STXBP6	STXBP6
STYK1	STYK1
STYX	STYX
STYXL1	STYXL1
SUB1	SUB1
SUCLA2	SUCLA2
SUCLA2-AS1	SUCLA2-AS1
SUCLG1	SUCLG1
SUCLG2	SUCLG2
SUCLG2-AS1	SUCLG2-AS1
SUCNR1	SUCNR1
SUCO	SUCO
SUDS3	SUDS3
SUFU	SUFU
SUGCT	SUGCT
SUGP1	SUGP1
SUGP2	SUGP2
SUGT1	SUGT1
SULF1	SULF1
SULF2	SULF2
SULT1A1	SULT1A1
SULT1A2	SULT1A2
SULT1A3	SULT1A3
SULT1A4	SULT1A4
SULT1B1	SULT1B1
SULT1C2	SULT1C2
SULT1C3	SULT1C3
SULT1C4	SULT1C4
SULT1E1	SULT1E1
SULT2A1	SULT2A1
SULT2B1	SULT2B1
SULT4A1	SULT4A1
SULT6B1	SULT6B1
SUMF1	SUMF1
SUMF2	SUMF2
SUMO1	SUMO1
SUMO2	SUMO2
SUMO3	SUMO3
SUMO4	SUMO4
SUN1	SUN1
SUN2	SUN2
SUN3	SUN3
SUN5	SUN5
SUOX	SUOX
SUPT16H	SUPT16H
SUPT20H	SUPT20H
SUPT3H	SUPT3H
SUPT4H1	SUPT4H1
SUPT5H	SUPT5H
SUPT6H	SUPT6H
SUPT7L	SUPT7L
SUPV3L1	SUPV3L1
SURF1	SURF1
SURF2	SURF2
SURF4	SURF4
SURF6	SURF6
SUSD1	SUSD1
SUSD2	SUSD2
SUSD3	SUSD3
SUSD4	SUSD4
SUSD5	SUSD5
SUSD6	SUSD6
SUV39H1	SUV39H1
SUV39H2	SUV39H2
SUZ12	SUZ12
SV2A	SV2A
SV2B	SV2B
SV2C	SV2C
SVBP	SVBP
SVEP1	SVEP1
SVIL	SVIL
SVIP	SVIP
SVOP	SVOP
SVOPL	SVOPL
SWAP70	SWAP70
SWI5	SWI5
SWSAP1	SWSAP1
SWT1	SWT1
SYAP1	SYAP1
SYBU	SYBU
SYCE1	SYCE1
SYCE1L	SYCE1L
SYCE2	SYCE2
SYCE3	SYCE3
SYCP1	SYCP1
SYCP2	SYCP2
SYCP2L	SYCP2L
SYCP3	SYCP3
SYDE1	SYDE1
SYDE2	SYDE2
SYF2	SYF2
SYK	SYK
SYMPK	SYMPK
SYN1	SYN1
SYN2	SYN2
SYN3	SYN3
SYNC	SYNC
SYNCRIP	SYNCRIP
SYNDIG1	SYNDIG1
SYNDIG1L	SYNDIG1L
SYNE1	SYNE1
SYNE1-AS1	SYNE1-AS1
SYNE2	SYNE2
SYNE3	SYNE3
SYNE4	SYNE4
SYNGAP1	SYNGAP1
SYNGAP1-AS1	SYNGAP1-AS1
SYNGR1	SYNGR1
SYNGR2	SYNGR2
SYNGR3	SYNGR3
SYNGR4	SYNGR4
SYNJ1	SYNJ1
SYNJ2	SYNJ2
SYNJ2-IT1	SYNJ2-IT1
SYNJ2BP	SYNJ2BP
SYNJ2BP-COX16	SYNJ2BP-COX16
SYNM	SYNM
SYNPO	SYNPO
SYNPO2	SYNPO2
SYNPO2L	SYNPO2L
SYNPR	SYNPR
SYNPR-AS1	SYNPR-AS1
SYNRG	SYNRG
SYP	SYP
SYP-AS1	SYP-AS1
SYPL1	SYPL1
SYPL2	SYPL2
SYS1	SYS1
SYS1-DBNDD2	SYS1-DBNDD2
SYT1	SYT1
SYT10	SYT10
SYT11	SYT11
SYT12	SYT12
SYT13	SYT13
SYT14	SYT14
SYT15	SYT15
SYT16	SYT16
SYT17	SYT17
SYT2	SYT2
SYT3	SYT3
SYT4	SYT4
SYT5	SYT5
SYT6	SYT6
SYT7	SYT7
SYT9	SYT9
SYTL1	SYTL1
SYTL2	SYTL2
SYTL3	SYTL3
SYTL4	SYTL4
SYTL5	SYTL5
SYVN1	SYVN1
SZRD1	SZRD1
SZT2	SZT2
SZT2-AS1	SZT2-AS1
TAAR2	TAAR2
TAAR6	TAAR6
TAB1	TAB1
TAB2	TAB2
TAB2-AS1	TAB2-AS1
TAB3	TAB3
TAB3-AS1	TAB3-AS1
TAB3-AS2	TAB3-AS2
TAC1	TAC1
TAC3	TAC3
TAC4	TAC4
TACC1	TACC1
TACC2	TACC2
TACC3	TACC3
TACO1	TACO1
TACR1	TACR1
TACR2	TACR2
TACR3	TACR3
TACSTD2	TACSTD2
TADA1	TADA1
TADA2A	TADA2A
TADA2B	TADA2B
TADA3	TADA3
TAF1	TAF1
TAF10	TAF10
TAF11	TAF11
TAF12	TAF12
TAF13	TAF13
TAF15	TAF15
TAF1A	TAF1A
TAF1A-AS1	TAF1A-AS1
TAF1B	TAF1B
TAF1C	TAF1C
TAF1D	TAF1D
TAF1L	TAF1L
TAF2	TAF2
TAF3	TAF3
TAF4	TAF4
TAF4B	TAF4B
TAF5	TAF5
TAF5L	TAF5L
TAF6	TAF6
TAF6L	TAF6L
TAF7	TAF7
TAF7L	TAF7L
TAF8	TAF8
TAF9	TAF9
TAF9B	TAF9B
TAFA1	TAFA1
TAFA2	TAFA2
TAFA3	TAFA3
TAFA4	TAFA4
TAFA5	TAFA5
TAGAP	TAGAP
TAGLN	TAGLN
TAGLN2	TAGLN2
TAGLN3	TAGLN3
TAL1	TAL1
TAL2	TAL2
TALDO1	TALDO1
TAMM41	TAMM41
TANC1	TANC1
TANC2	TANC2
TANGO2	TANGO2
TANGO6	TANGO6
TANK	TANK
TAOK1	TAOK1
TAOK2	TAOK2
TAOK3	TAOK3
TAP1	TAP1
TAP2	TAP2
TAPBP	TAPBP
TAPBPL	TAPBPL
TAPT1	TAPT1
TAPT1-AS1	TAPT1-AS1
TARBP1	TARBP1
TARBP2	TARBP2
TARDBP	TARDBP
TARID	TARID
TARM1	TARM1
TARS	TARS
TARS2	TARS2
TARSL2	TARSL2
TAS1R1	TAS1R1
TAS1R2	TAS1R2
TAS1R3	TAS1R3
TAS2R1	TAS2R1
TAS2R10	TAS2R10
TAS2R13	TAS2R13
TAS2R14	TAS2R14
TAS2R19	TAS2R19
TAS2R20	TAS2R20
TAS2R3	TAS2R3
TAS2R30	TAS2R30
TAS2R31	TAS2R31
TAS2R39	TAS2R39
TAS2R4	TAS2R4
TAS2R40	TAS2R40
TAS2R43	TAS2R43
TAS2R46	TAS2R46
TAS2R5	TAS2R5
TAS2R50	TAS2R50
TAS2R60	TAS2R60
TAS2R7	TAS2R7
TAS2R8	TAS2R8
TAS2R9	TAS2R9
TASOR	TASOR
TASOR2	TASOR2
TASP1	TASP1
TAT	TAT
TAT-AS1	TAT-AS1
TATDN1	TATDN1
TATDN2	TATDN2
TATDN3	TATDN3
TAX1BP1	TAX1BP1
TAX1BP3	TAX1BP3
TAZ	TAZ
TBATA	TBATA
TBC1D1	TBC1D1
TBC1D10A	TBC1D10A
TBC1D10B	TBC1D10B
TBC1D10C	TBC1D10C
TBC1D12	TBC1D12
TBC1D13	TBC1D13
TBC1D14	TBC1D14
TBC1D15	TBC1D15
TBC1D16	TBC1D16
TBC1D17	TBC1D17
TBC1D19	TBC1D19
TBC1D2	TBC1D2
TBC1D20	TBC1D20
TBC1D21	TBC1D21
TBC1D22A	TBC1D22A
TBC1D22A-AS1	TBC1D22A-AS1
TBC1D22B	TBC1D22B
TBC1D23	TBC1D23
TBC1D24	TBC1D24
TBC1D25	TBC1D25
TBC1D26	TBC1D26
TBC1D28	TBC1D28
TBC1D29	TBC1D29
TBC1D2B	TBC1D2B
TBC1D3	TBC1D3
TBC1D30	TBC1D30
TBC1D31	TBC1D31
TBC1D32	TBC1D32
TBC1D3B	TBC1D3B
TBC1D3C	TBC1D3C
TBC1D3D	TBC1D3D
TBC1D3F	TBC1D3F
TBC1D3I	TBC1D3I
TBC1D3L	TBC1D3L
TBC1D4	TBC1D4
TBC1D5	TBC1D5
TBC1D7	TBC1D7
TBC1D8	TBC1D8
TBC1D8-AS1	TBC1D8-AS1
TBC1D8B	TBC1D8B
TBC1D9	TBC1D9
TBC1D9B	TBC1D9B
TBCA	TBCA
TBCB	TBCB
TBCC	TBCC
TBCCD1	TBCCD1
TBCD	TBCD
TBCE	TBCE
TBCE-1	TBCE-1
TBCE.1	TBCE.1
TBCEL	TBCEL
TBCK	TBCK
TBILA	TBILA
TBK1	TBK1
TBKBP1	TBKBP1
TBL1X	TBL1X
TBL1XR1	TBL1XR1
TBL1XR1-AS1	TBL1XR1-AS1
TBL1Y	TBL1Y
TBL2	TBL2
TBL3	TBL3
TBP	TBP
TBPL1	TBPL1
TBPL2	TBPL2
TBR1	TBR1
TBRG1	TBRG1
TBRG4	TBRG4
TBX1	TBX1
TBX10	TBX10
TBX15	TBX15
TBX18	TBX18
TBX18-AS1	TBX18-AS1
TBX19	TBX19
TBX2	TBX2
TBX2-AS1	TBX2-AS1
TBX20	TBX20
TBX21	TBX21
TBX22	TBX22
TBX3	TBX3
TBX4	TBX4
TBX5	TBX5
TBX5-AS1	TBX5-AS1
TBX6	TBX6
TBXA2R	TBXA2R
TBXAS1	TBXAS1
TBXT	TBXT
TC2N	TC2N
TCAF1	TCAF1
TCAF2	TCAF2
TCAF2C	TCAF2C
TCAIM	TCAIM
TCAP	TCAP
TCEA1	TCEA1
TCEA2	TCEA2
TCEA3	TCEA3
TCEAL1	TCEAL1
TCEAL2	TCEAL2
TCEAL3	TCEAL3
TCEAL3-AS1	TCEAL3-AS1
TCEAL4	TCEAL4
TCEAL5	TCEAL5
TCEAL6	TCEAL6
TCEAL7	TCEAL7
TCEAL8	TCEAL8
TCEAL9	TCEAL9
TCEANC	TCEANC
TCEANC2	TCEANC2
TCERG1	TCERG1
TCERG1L	TCERG1L
TCF12	TCF12
TCF15	TCF15
TCF19	TCF19
TCF20	TCF20
TCF23	TCF23
TCF24	TCF24
TCF25	TCF25
TCF3	TCF3
TCF4	TCF4
TCF4-AS1	TCF4-AS1
TCF4-AS2	TCF4-AS2
TCF7	TCF7
TCF7L1	TCF7L1
TCF7L1-IT1	TCF7L1-IT1
TCF7L2	TCF7L2
TCFL5	TCFL5
TCHH	TCHH
TCHHL1	TCHHL1
TCHP	TCHP
TCIM	TCIM
TCIRG1	TCIRG1
TCL1B	TCL1B
TCL6	TCL6
TCN1	TCN1
TCN2	TCN2
TCOF1	TCOF1
TCP1	TCP1
TCP10	TCP10
TCP10L	TCP10L
TCP10L2	TCP10L2
TCP11	TCP11
TCP11L1	TCP11L1
TCP11L2	TCP11L2
TCTA	TCTA
TCTE1	TCTE1
TCTE3	TCTE3
TCTEX1D1	TCTEX1D1
TCTEX1D2	TCTEX1D2
TCTEX1D4	TCTEX1D4
TCTN1	TCTN1
TCTN2	TCTN2
TCTN3	TCTN3
TDG	TDG
TDGF1	TDGF1
TDO2	TDO2
TDP1	TDP1
TDP2	TDP2
TDRD1	TDRD1
TDRD10	TDRD10
TDRD12	TDRD12
TDRD15	TDRD15
TDRD3	TDRD3
TDRD5	TDRD5
TDRD6	TDRD6
TDRD7	TDRD7
TDRD9	TDRD9
TDRG1	TDRG1
TDRKH	TDRKH
TDRKH-AS1	TDRKH-AS1
TDRP	TDRP
TEAD1	TEAD1
TEAD2	TEAD2
TEAD3	TEAD3
TEAD4	TEAD4
TEC	TEC
TECPR1	TECPR1
TECPR2	TECPR2
TECR	TECR
TECRL	TECRL
TECTA	TECTA
TECTB	TECTB
TEDC1	TEDC1
TEDC2	TEDC2
TEDDM1	TEDDM1
TEF	TEF
TEFM	TEFM
TEK	TEK
TEKT1	TEKT1
TEKT2	TEKT2
TEKT3	TEKT3
TEKT4	TEKT4
TEKT5	TEKT5
TELO2	TELO2
TEMN3-AS1	TEMN3-AS1
TEN1	TEN1
TENM1	TENM1
TENM2	TENM2
TENM3	TENM3
TENM3-AS1	TENM3-AS1
TENM4	TENM4
TENT2	TENT2
TENT4A	TENT4A
TENT4B	TENT4B
TENT5A	TENT5A
TENT5B	TENT5B
TENT5C	TENT5C
TENT5D	TENT5D
TEP1	TEP1
TEPP	TEPP
TEPSIN	TEPSIN
TERB1	TERB1
TERB2	TERB2
TERC	TERC
TERF1	TERF1
TERF2	TERF2
TERF2IP	TERF2IP
TERT	TERT
TES	TES
TESC	TESC
TESC-AS1	TESC-AS1
TESK1	TESK1
TESK2	TESK2
TESMIN	TESMIN
TESPA1	TESPA1
TET1	TET1
TET2	TET2
TET2-AS1	TET2-AS1
TET3	TET3
TEX10	TEX10
TEX101	TEX101
TEX11	TEX11
TEX12	TEX12
TEX13C	TEX13C
TEX13D	TEX13D
TEX14	TEX14
TEX15	TEX15
TEX2	TEX2
TEX22	TEX22
TEX26	TEX26
TEX26-AS1	TEX26-AS1
TEX261	TEX261
TEX264	TEX264
TEX28	TEX28
TEX29	TEX29
TEX30	TEX30
TEX33	TEX33
TEX35	TEX35
TEX36	TEX36
TEX36-AS1	TEX36-AS1
TEX37	TEX37
TEX38	TEX38
TEX41	TEX41
TEX43	TEX43
TEX45	TEX45
TEX46	TEX46
TEX47	TEX47
TEX48	TEX48
TEX49	TEX49
TEX50	TEX50
TEX51	TEX51
TEX52	TEX52
TEX53	TEX53
TEX55	TEX55
TEX9	TEX9
TF	TF
TFAM	TFAM
TFAP2A	TFAP2A
TFAP2A-AS1	TFAP2A-AS1
TFAP2A-AS2	TFAP2A-AS2
TFAP2B	TFAP2B
TFAP2C	TFAP2C
TFAP2D	TFAP2D
TFAP2E	TFAP2E
TFAP4	TFAP4
TFB1M	TFB1M
TFB2M	TFB2M
TFCP2	TFCP2
TFCP2L1	TFCP2L1
TFDP1	TFDP1
TFDP2	TFDP2
TFE3	TFE3
TFEB	TFEB
TFEC	TFEC
TFF3	TFF3
TFG	TFG
TFIP11	TFIP11
TFPI	TFPI
TFPI2	TFPI2
TFPT	TFPT
TFR2	TFR2
TFRC	TFRC
TG	TG
TGDS	TGDS
TGFA	TGFA
TGFA-IT1	TGFA-IT1
TGFB1	TGFB1
TGFB1I1	TGFB1I1
TGFB2	TGFB2
TGFB2-AS1	TGFB2-AS1
TGFB3	TGFB3
TGFB3-AS1	TGFB3-AS1
TGFBI	TGFBI
TGFBR1	TGFBR1
TGFBR2	TGFBR2
TGFBR3	TGFBR3
TGFBR3L	TGFBR3L
TGFBRAP1	TGFBRAP1
TGIF1	TGIF1
TGIF2	TGIF2
TGIF2-RAB5IF	TGIF2-RAB5IF
TGM1	TGM1
TGM2	TGM2
TGM3	TGM3
TGM4	TGM4
TGM5	TGM5
TGM6	TGM6
TGM7	TGM7
TGOLN2	TGOLN2
TGS1	TGS1
TH	TH
TH2LCRR	TH2LCRR
THADA	THADA
THAP1	THAP1
THAP10	THAP10
THAP11	THAP11
THAP12	THAP12
THAP2	THAP2
THAP3	THAP3
THAP4	THAP4
THAP5	THAP5
THAP6	THAP6
THAP7	THAP7
THAP7-AS1	THAP7-AS1
THAP8	THAP8
THAP9	THAP9
THAP9-AS1	THAP9-AS1
THBD	THBD
THBS1	THBS1
THBS2	THBS2
THBS3	THBS3
THBS4	THBS4
THEG	THEG
THEGL	THEGL
THEM4	THEM4
THEM5	THEM5
THEM6	THEM6
THEMIS	THEMIS
THEMIS2	THEMIS2
THG1L	THG1L
THNSL1	THNSL1
THNSL2	THNSL2
THOC1	THOC1
THOC2	THOC2
THOC3	THOC3
THOC5	THOC5
THOC6	THOC6
THOC7	THOC7
THOC7-AS1	THOC7-AS1
THOP1	THOP1
THORLNC	THORLNC
THPO	THPO
THRA	THRA
THRA1/BTR	THRA1/BTR
THRAP3	THRAP3
THRB	THRB
THRB-AS1	THRB-AS1
THRB-IT1	THRB-IT1
THRIL	THRIL
THRSP	THRSP
THSD1	THSD1
THSD4	THSD4
THSD4-AS1	THSD4-AS1
THSD7A	THSD7A
THSD7B	THSD7B
THSD8	THSD8
THTPA	THTPA
THUMPD1	THUMPD1
THUMPD2	THUMPD2
THUMPD3	THUMPD3
THUMPD3-AS1	THUMPD3-AS1
THY1	THY1
THYN1	THYN1
TIA1	TIA1
TIAF1	TIAF1
TIAL1	TIAL1
TIAM1	TIAM1
TIAM2	TIAM2
TICAM1	TICAM1
TICAM2	TICAM2
TICRR	TICRR
TIE1	TIE1
TIFA	TIFA
TIFAB	TIFAB
TIGAR	TIGAR
TIGD1	TIGD1
TIGD2	TIGD2
TIGD3	TIGD3
TIGD4	TIGD4
TIGD5	TIGD5
TIGD6	TIGD6
TIGD7	TIGD7
TIGIT	TIGIT
TIMD4	TIMD4
TIMELESS	TIMELESS
TIMM10	TIMM10
TIMM10B	TIMM10B
TIMM13	TIMM13
TIMM17A	TIMM17A
TIMM17B	TIMM17B
TIMM21	TIMM21
TIMM22	TIMM22
TIMM23	TIMM23
TIMM23B	TIMM23B
TIMM23B-AGAP6	TIMM23B-AGAP6
TIMM29	TIMM29
TIMM44	TIMM44
TIMM50	TIMM50
TIMM8A	TIMM8A
TIMM8B	TIMM8B
TIMM9	TIMM9
TIMMDC1	TIMMDC1
TIMP1	TIMP1
TIMP2	TIMP2
TIMP3	TIMP3
TIMP4	TIMP4
TINAG	TINAG
TINAGL1	TINAGL1
TINCR	TINCR
TINF2	TINF2
TIPARP	TIPARP
TIPARP-AS1	TIPARP-AS1
TIPIN	TIPIN
TIPRL	TIPRL
TIRAP	TIRAP
TJAP1	TJAP1
TJP1	TJP1
TJP2	TJP2
TJP3	TJP3
TK1	TK1
TK2	TK2
TKFC	TKFC
TKT	TKT
TKTL1	TKTL1
TKTL2	TKTL2
TLCD1	TLCD1
TLCD2	TLCD2
TLCD3A	TLCD3A
TLCD3B	TLCD3B
TLCD4	TLCD4
TLCD5	TLCD5
TLDC1	TLDC1
TLDC2	TLDC2
TLE1	TLE1
TLE2	TLE2
TLE3	TLE3
TLE4	TLE4
TLE5	TLE5
TLE6	TLE6
TLE7	TLE7
TLK1	TLK1
TLK2	TLK2
TLL1	TLL1
TLL2	TLL2
TLN1	TLN1
TLN2	TLN2
TLNRD1	TLNRD1
TLR1	TLR1
TLR10	TLR10
TLR2	TLR2
TLR3	TLR3
TLR4	TLR4
TLR5	TLR5
TLR6	TLR6
TLR7	TLR7
TLR8	TLR8
TLR8-AS1	TLR8-AS1
TLR9	TLR9
TLX1	TLX1
TLX1NB	TLX1NB
TLX2	TLX2
TLX3	TLX3
TM2D1	TM2D1
TM2D2	TM2D2
TM2D3	TM2D3
TM4SF1	TM4SF1
TM4SF1-AS1	TM4SF1-AS1
TM4SF18	TM4SF18
TM4SF19	TM4SF19
TM4SF19-AS1	TM4SF19-AS1
TM4SF19-TCTEX1D2	TM4SF19-TCTEX1D2
TM4SF20	TM4SF20
TM4SF4	TM4SF4
TM4SF5	TM4SF5
TM6SF1	TM6SF1
TM6SF2	TM6SF2
TM7SF2	TM7SF2
TM7SF3	TM7SF3
TM9SF1	TM9SF1
TM9SF2	TM9SF2
TM9SF3	TM9SF3
TM9SF4	TM9SF4
TMA16	TMA16
TMA7	TMA7
TMBIM1	TMBIM1
TMBIM4	TMBIM4
TMBIM6	TMBIM6
TMC1	TMC1
TMC2	TMC2
TMC3	TMC3
TMC3-AS1	TMC3-AS1
TMC4	TMC4
TMC5	TMC5
TMC6	TMC6
TMC7	TMC7
TMC8	TMC8
TMCC1	TMCC1
TMCC1-AS1	TMCC1-AS1
TMCC2	TMCC2
TMCC3	TMCC3
TMCO1	TMCO1
TMCO1-AS1	TMCO1-AS1
TMCO2	TMCO2
TMCO3	TMCO3
TMCO4	TMCO4
TMCO5A	TMCO5A
TMCO6	TMCO6
TMED1	TMED1
TMED10	TMED10
TMED2	TMED2
TMED2-DT	TMED2-DT
TMED3	TMED3
TMED4	TMED4
TMED5	TMED5
TMED6	TMED6
TMED7	TMED7
TMED7-TICAM2	TMED7-TICAM2
TMED8	TMED8
TMED9	TMED9
TMEFF1	TMEFF1
TMEFF2	TMEFF2
TMEM100	TMEM100
TMEM101	TMEM101
TMEM102	TMEM102
TMEM104	TMEM104
TMEM105	TMEM105
TMEM106A	TMEM106A
TMEM106B	TMEM106B
TMEM106C	TMEM106C
TMEM107	TMEM107
TMEM108	TMEM108
TMEM108-AS1	TMEM108-AS1
TMEM109	TMEM109
TMEM11	TMEM11
TMEM110-MUSTN1	TMEM110-MUSTN1
TMEM114	TMEM114
TMEM115	TMEM115
TMEM116	TMEM116
TMEM117	TMEM117
TMEM119	TMEM119
TMEM120A	TMEM120A
TMEM120B	TMEM120B
TMEM121	TMEM121
TMEM121B	TMEM121B
TMEM123	TMEM123
TMEM125	TMEM125
TMEM126A	TMEM126A
TMEM126B	TMEM126B
TMEM127	TMEM127
TMEM128	TMEM128
TMEM129	TMEM129
TMEM130	TMEM130
TMEM131	TMEM131
TMEM131L	TMEM131L
TMEM132A	TMEM132A
TMEM132B	TMEM132B
TMEM132C	TMEM132C
TMEM132D	TMEM132D
TMEM132D-AS1	TMEM132D-AS1
TMEM132D-AS2	TMEM132D-AS2
TMEM132E	TMEM132E
TMEM134	TMEM134
TMEM135	TMEM135
TMEM136	TMEM136
TMEM138	TMEM138
TMEM139	TMEM139
TMEM140	TMEM140
TMEM141	TMEM141
TMEM143	TMEM143
TMEM144	TMEM144
TMEM145	TMEM145
TMEM147	TMEM147
TMEM147-AS1	TMEM147-AS1
TMEM14A	TMEM14A
TMEM14B	TMEM14B
TMEM14C	TMEM14C
TMEM150A	TMEM150A
TMEM150B	TMEM150B
TMEM150C	TMEM150C
TMEM151A	TMEM151A
TMEM151B	TMEM151B
TMEM154	TMEM154
TMEM155	TMEM155
TMEM156	TMEM156
TMEM158	TMEM158
TMEM159	TMEM159
TMEM160	TMEM160
TMEM161A	TMEM161A
TMEM161B	TMEM161B
TMEM161B-AS1	TMEM161B-AS1
TMEM163	TMEM163
TMEM164	TMEM164
TMEM165	TMEM165
TMEM167A	TMEM167A
TMEM167B	TMEM167B
TMEM168	TMEM168
TMEM169	TMEM169
TMEM17	TMEM17
TMEM170A	TMEM170A
TMEM170B	TMEM170B
TMEM171	TMEM171
TMEM173	TMEM173
TMEM174	TMEM174
TMEM175	TMEM175
TMEM176A	TMEM176A
TMEM176B	TMEM176B
TMEM177	TMEM177
TMEM178A	TMEM178A
TMEM178B	TMEM178B
TMEM179	TMEM179
TMEM179B	TMEM179B
TMEM18	TMEM18
TMEM181	TMEM181
TMEM182	TMEM182
TMEM183A	TMEM183A
TMEM184A	TMEM184A
TMEM184B	TMEM184B
TMEM184C	TMEM184C
TMEM185A	TMEM185A
TMEM185B	TMEM185B
TMEM186	TMEM186
TMEM187	TMEM187
TMEM189	TMEM189
TMEM189-UBE2V1	TMEM189-UBE2V1
TMEM19	TMEM19
TMEM190	TMEM190
TMEM191B	TMEM191B
TMEM191C	TMEM191C
TMEM192	TMEM192
TMEM196	TMEM196
TMEM198	TMEM198
TMEM199	TMEM199
TMEM200A	TMEM200A
TMEM200B	TMEM200B
TMEM200C	TMEM200C
TMEM201	TMEM201
TMEM202	TMEM202
TMEM202-AS1	TMEM202-AS1
TMEM203	TMEM203
TMEM204	TMEM204
TMEM205	TMEM205
TMEM206	TMEM206
TMEM207	TMEM207
TMEM208	TMEM208
TMEM209	TMEM209
TMEM210	TMEM210
TMEM211	TMEM211
TMEM212	TMEM212
TMEM212-AS1	TMEM212-AS1
TMEM213	TMEM213
TMEM214	TMEM214
TMEM215	TMEM215
TMEM216	TMEM216
TMEM217	TMEM217
TMEM218	TMEM218
TMEM219	TMEM219
TMEM220	TMEM220
TMEM220-AS1	TMEM220-AS1
TMEM221	TMEM221
TMEM222	TMEM222
TMEM223	TMEM223
TMEM225B	TMEM225B
TMEM229A	TMEM229A
TMEM229B	TMEM229B
TMEM230	TMEM230
TMEM231	TMEM231
TMEM232	TMEM232
TMEM233	TMEM233
TMEM234	TMEM234
TMEM235	TMEM235
TMEM236	TMEM236
TMEM237	TMEM237
TMEM238	TMEM238
TMEM238L	TMEM238L
TMEM240	TMEM240
TMEM241	TMEM241
TMEM242	TMEM242
TMEM243	TMEM243
TMEM244	TMEM244
TMEM245	TMEM245
TMEM246	TMEM246
TMEM246-AS1	TMEM246-AS1
TMEM248	TMEM248
TMEM249	TMEM249
TMEM25	TMEM25
TMEM250	TMEM250
TMEM251	TMEM251
TMEM252	TMEM252
TMEM252-DT	TMEM252-DT
TMEM253	TMEM253
TMEM254	TMEM254
TMEM254-AS1	TMEM254-AS1
TMEM255A	TMEM255A
TMEM255B	TMEM255B
TMEM256	TMEM256
TMEM256-PLSCR3	TMEM256-PLSCR3
TMEM258	TMEM258
TMEM259	TMEM259
TMEM26	TMEM26
TMEM26-AS1	TMEM26-AS1
TMEM260	TMEM260
TMEM262	TMEM262
TMEM263	TMEM263
TMEM265	TMEM265
TMEM266	TMEM266
TMEM267	TMEM267
TMEM268	TMEM268
TMEM269	TMEM269
TMEM270	TMEM270
TMEM271	TMEM271
TMEM272	TMEM272
TMEM273	TMEM273
TMEM275	TMEM275
TMEM30A	TMEM30A
TMEM30B	TMEM30B
TMEM31	TMEM31
TMEM33	TMEM33
TMEM35A	TMEM35A
TMEM35B	TMEM35B
TMEM37	TMEM37
TMEM38A	TMEM38A
TMEM38B	TMEM38B
TMEM39A	TMEM39A
TMEM39B	TMEM39B
TMEM40	TMEM40
TMEM41A	TMEM41A
TMEM41B	TMEM41B
TMEM42	TMEM42
TMEM43	TMEM43
TMEM44	TMEM44
TMEM44-AS1	TMEM44-AS1
TMEM45A	TMEM45A
TMEM45B	TMEM45B
TMEM47	TMEM47
TMEM50A	TMEM50A
TMEM50B	TMEM50B
TMEM51	TMEM51
TMEM51-AS1	TMEM51-AS1
TMEM52	TMEM52
TMEM52B	TMEM52B
TMEM53	TMEM53
TMEM54	TMEM54
TMEM56	TMEM56
TMEM56-RWDD3	TMEM56-RWDD3
TMEM59	TMEM59
TMEM59L	TMEM59L
TMEM60	TMEM60
TMEM61	TMEM61
TMEM62	TMEM62
TMEM63A	TMEM63A
TMEM63B	TMEM63B
TMEM63C	TMEM63C
TMEM64	TMEM64
TMEM65	TMEM65
TMEM67	TMEM67
TMEM68	TMEM68
TMEM69	TMEM69
TMEM70	TMEM70
TMEM71	TMEM71
TMEM72	TMEM72
TMEM72-AS1	TMEM72-AS1
TMEM74	TMEM74
TMEM74B	TMEM74B
TMEM78	TMEM78
TMEM79	TMEM79
TMEM80	TMEM80
TMEM81	TMEM81
TMEM82	TMEM82
TMEM86A	TMEM86A
TMEM86B	TMEM86B
TMEM87A	TMEM87A
TMEM87B	TMEM87B
TMEM88	TMEM88
TMEM88B	TMEM88B
TMEM8A	TMEM8A
TMEM8B	TMEM8B
TMEM9	TMEM9
TMEM91	TMEM91
TMEM92	TMEM92
TMEM92-AS1	TMEM92-AS1
TMEM94	TMEM94
TMEM95	TMEM95
TMEM97	TMEM97
TMEM98	TMEM98
TMEM99	TMEM99
TMEM9B	TMEM9B
TMEM9B-AS1	TMEM9B-AS1
TMF1	TMF1
TMIE	TMIE
TMIGD1	TMIGD1
TMIGD2	TMIGD2
TMIGD3	TMIGD3
TMLHE	TMLHE
TMLHE-AS1	TMLHE-AS1
TMOD1	TMOD1
TMOD2	TMOD2
TMOD3	TMOD3
TMPO	TMPO
TMPO-AS1	TMPO-AS1
TMPPE	TMPPE
TMPRSS11A	TMPRSS11A
TMPRSS11B	TMPRSS11B
TMPRSS11D	TMPRSS11D
TMPRSS11E	TMPRSS11E
TMPRSS11F	TMPRSS11F
TMPRSS12	TMPRSS12
TMPRSS13	TMPRSS13
TMPRSS15	TMPRSS15
TMPRSS2	TMPRSS2
TMPRSS3	TMPRSS3
TMPRSS4	TMPRSS4
TMPRSS5	TMPRSS5
TMPRSS6	TMPRSS6
TMPRSS7	TMPRSS7
TMPRSS9	TMPRSS9
TMSB10	TMSB10
TMSB15A	TMSB15A
TMSB15B	TMSB15B
TMSB15B-1	TMSB15B-1
TMSB15B-AS1	TMSB15B-AS1
TMSB15B.1	TMSB15B.1
TMSB4X	TMSB4X
TMSB4Y	TMSB4Y
TMTC1	TMTC1
TMTC2	TMTC2
TMTC3	TMTC3
TMTC4	TMTC4
TMUB1	TMUB1
TMUB2	TMUB2
TMX1	TMX1
TMX2	TMX2
TMX2-CTNND1	TMX2-CTNND1
TMX3	TMX3
TMX4	TMX4
TNC	TNC
TNF	TNF
TNFAIP1	TNFAIP1
TNFAIP2	TNFAIP2
TNFAIP3	TNFAIP3
TNFAIP6	TNFAIP6
TNFAIP8	TNFAIP8
TNFAIP8L1	TNFAIP8L1
TNFAIP8L2	TNFAIP8L2
TNFAIP8L3	TNFAIP8L3
TNFRSF10A	TNFRSF10A
TNFRSF10A-AS1	TNFRSF10A-AS1
TNFRSF10B	TNFRSF10B
TNFRSF10C	TNFRSF10C
TNFRSF10D	TNFRSF10D
TNFRSF11A	TNFRSF11A
TNFRSF11B	TNFRSF11B
TNFRSF12A	TNFRSF12A
TNFRSF13B	TNFRSF13B
TNFRSF13C	TNFRSF13C
TNFRSF14	TNFRSF14
TNFRSF14-AS1	TNFRSF14-AS1
TNFRSF17	TNFRSF17
TNFRSF18	TNFRSF18
TNFRSF19	TNFRSF19
TNFRSF1A	TNFRSF1A
TNFRSF1B	TNFRSF1B
TNFRSF21	TNFRSF21
TNFRSF25	TNFRSF25
TNFRSF4	TNFRSF4
TNFRSF6B	TNFRSF6B
TNFRSF8	TNFRSF8
TNFRSF9	TNFRSF9
TNFSF10	TNFSF10
TNFSF11	TNFSF11
TNFSF12	TNFSF12
TNFSF12-TNFSF13	TNFSF12-TNFSF13
TNFSF13	TNFSF13
TNFSF13B	TNFSF13B
TNFSF14	TNFSF14
TNFSF15	TNFSF15
TNFSF18	TNFSF18
TNFSF4	TNFSF4
TNFSF8	TNFSF8
TNFSF9	TNFSF9
TNIK	TNIK
TNIP1	TNIP1
TNIP2	TNIP2
TNIP3	TNIP3
TNK1	TNK1
TNK2	TNK2
TNK2-AS1	TNK2-AS1
TNKS	TNKS
TNKS1BP1	TNKS1BP1
TNKS2	TNKS2
TNKS2-AS1	TNKS2-AS1
TNMD	TNMD
TNN	TNN
TNNC1	TNNC1
TNNC2	TNNC2
TNNI1	TNNI1
TNNI2	TNNI2
TNNI3	TNNI3
TNNI3K	TNNI3K
TNNT1	TNNT1
TNNT2	TNNT2
TNNT3	TNNT3
TNPO1	TNPO1
TNPO2	TNPO2
TNPO3	TNPO3
TNR	TNR
TNR-IT1	TNR-IT1
TNRC18	TNRC18
TNRC6A	TNRC6A
TNRC6B	TNRC6B
TNRC6C	TNRC6C
TNRC6C-AS1	TNRC6C-AS1
TNS1	TNS1
TNS2	TNS2
TNS3	TNS3
TNS4	TNS4
TNXB	TNXB
TOB1	TOB1
TOB1-AS1	TOB1-AS1
TOB2	TOB2
TOE1	TOE1
TOGARAM1	TOGARAM1
TOGARAM2	TOGARAM2
TOLLIP	TOLLIP
TOLLIP-AS1	TOLLIP-AS1
TOM1	TOM1
TOM1L1	TOM1L1
TOM1L2	TOM1L2
TOMM20	TOMM20
TOMM20L	TOMM20L
TOMM22	TOMM22
TOMM34	TOMM34
TOMM40	TOMM40
TOMM40L	TOMM40L
TOMM5	TOMM5
TOMM6	TOMM6
TOMM7	TOMM7
TOMM70	TOMM70
TONSL	TONSL
TOP1	TOP1
TOP1MT	TOP1MT
TOP2A	TOP2A
TOP2B	TOP2B
TOP3A	TOP3A
TOP3B	TOP3B
TOPAZ1	TOPAZ1
TOPBP1	TOPBP1
TOPORS	TOPORS
TOR1A	TOR1A
TOR1AIP1	TOR1AIP1
TOR1AIP2	TOR1AIP2
TOR1B	TOR1B
TOR2A	TOR2A
TOR3A	TOR3A
TOR4A	TOR4A
TOX	TOX
TOX2	TOX2
TOX3	TOX3
TOX4	TOX4
TP53	TP53
TP53AIP1	TP53AIP1
TP53BP1	TP53BP1
TP53BP2	TP53BP2
TP53I11	TP53I11
TP53I13	TP53I13
TP53I3	TP53I3
TP53INP1	TP53INP1
TP53INP2	TP53INP2
TP53RK	TP53RK
TP53TG1	TP53TG1
TP53TG3D	TP53TG3D
TP53TG5	TP53TG5
TP63	TP63
TP73	TP73
TPBG	TPBG
TPBGL	TPBGL
TPCN1	TPCN1
TPCN2	TPCN2
TPD52	TPD52
TPD52L1	TPD52L1
TPD52L2	TPD52L2
TPD52L3	TPD52L3
TPGS1	TPGS1
TPGS2	TPGS2
TPH1	TPH1
TPH2	TPH2
TPI1	TPI1
TPK1	TPK1
TPM1	TPM1
TPM1-AS	TPM1-AS
TPM2	TPM2
TPM3	TPM3
TPM4	TPM4
TPMT	TPMT
TPO	TPO
TPP1	TPP1
TPP2	TPP2
TPPP	TPPP
TPPP2	TPPP2
TPPP3	TPPP3
TPR	TPR
TPRA1	TPRA1
TPRG1	TPRG1
TPRG1-AS1	TPRG1-AS1
TPRG1L	TPRG1L
TPRKB	TPRKB
TPRN	TPRN
TPRX1	TPRX1
TPSAB1	TPSAB1
TPSB2	TPSB2
TPSD1	TPSD1
TPST1	TPST1
TPST2	TPST2
TPT1	TPT1
TPT1-AS1	TPT1-AS1
TPTE	TPTE
TPTE2	TPTE2
TPTEP2-CSNK1E	TPTEP2-CSNK1E
TPX2	TPX2
TRA2A	TRA2A
TRA2B	TRA2B
TRABD	TRABD
TRABD2A	TRABD2A
TRABD2B	TRABD2B
TRAC	TRAC
TRADD	TRADD
TRAF1	TRAF1
TRAF2	TRAF2
TRAF3	TRAF3
TRAF3IP1	TRAF3IP1
TRAF3IP2	TRAF3IP2
TRAF3IP2-AS1	TRAF3IP2-AS1
TRAF3IP3	TRAF3IP3
TRAF4	TRAF4
TRAF5	TRAF5
TRAF6	TRAF6
TRAF7	TRAF7
TRAFD1	TRAFD1
TRAIP	TRAIP
TRAJ22	TRAJ22
TRAJ37	TRAJ37
TRAK1	TRAK1
TRAK2	TRAK2
TRAM1	TRAM1
TRAM1L1	TRAM1L1
TRAM2	TRAM2
TRAM2-AS1	TRAM2-AS1
TRANK1	TRANK1
TRAP1	TRAP1
TRAPPC1	TRAPPC1
TRAPPC10	TRAPPC10
TRAPPC11	TRAPPC11
TRAPPC12	TRAPPC12
TRAPPC12-AS1	TRAPPC12-AS1
TRAPPC13	TRAPPC13
TRAPPC2	TRAPPC2
TRAPPC2B	TRAPPC2B
TRAPPC2L	TRAPPC2L
TRAPPC3	TRAPPC3
TRAPPC3L	TRAPPC3L
TRAPPC4	TRAPPC4
TRAPPC5	TRAPPC5
TRAPPC6A	TRAPPC6A
TRAPPC6B	TRAPPC6B
TRAPPC8	TRAPPC8
TRAPPC9	TRAPPC9
TRARG1	TRARG1
TRAT1	TRAT1
TRAV12-2	TRAV12-2
TRAV13-1	TRAV13-1
TRAV25	TRAV25
TRAV38-2DV8	TRAV38-2DV8
TRAV41	TRAV41
TRAV5	TRAV5
TRAV6	TRAV6
TRAV8-5	TRAV8-5
TRAV9-2	TRAV9-2
TRBC1	TRBC1
TRBC2	TRBC2
TRBV19	TRBV19
TRBV26OR9-2	TRBV26OR9-2
TRBV29OR9-2	TRBV29OR9-2
TRBVB	TRBVB
TRDC	TRDC
TRDMT1	TRDMT1
TRDN	TRDN
TRDN-AS1	TRDN-AS1
TRDV3	TRDV3
TREH	TREH
TREM1	TREM1
TREM2	TREM2
TREML1	TREML1
TREML2	TREML2
TREML4	TREML4
TRERF1	TRERF1
TRERNA1	TRERNA1
TREX2	TREX2
TRG-AS1	TRG-AS1
TRGC1	TRGC1
TRGC2	TRGC2
TRGV10	TRGV10
TRGV2	TRGV2
TRGV3	TRGV3
TRGV4	TRGV4
TRGV5	TRGV5
TRGV7	TRGV7
TRGV8	TRGV8
TRGV9	TRGV9
TRH	TRH
TRHDE	TRHDE
TRHDE-AS1	TRHDE-AS1
TRHR	TRHR
TRIAP1	TRIAP1
TRIB1	TRIB1
TRIB2	TRIB2
TRIB3	TRIB3
TRIL	TRIL
TRIM10	TRIM10
TRIM11	TRIM11
TRIM13	TRIM13
TRIM14	TRIM14
TRIM15	TRIM15
TRIM16	TRIM16
TRIM16L	TRIM16L
TRIM17	TRIM17
TRIM2	TRIM2
TRIM21	TRIM21
TRIM22	TRIM22
TRIM23	TRIM23
TRIM24	TRIM24
TRIM25	TRIM25
TRIM26	TRIM26
TRIM27	TRIM27
TRIM28	TRIM28
TRIM29	TRIM29
TRIM3	TRIM3
TRIM31	TRIM31
TRIM31-AS1	TRIM31-AS1
TRIM32	TRIM32
TRIM33	TRIM33
TRIM34	TRIM34
TRIM35	TRIM35
TRIM36	TRIM36
TRIM36-IT1	TRIM36-IT1
TRIM37	TRIM37
TRIM38	TRIM38
TRIM39	TRIM39
TRIM39-RPP21	TRIM39-RPP21
TRIM4	TRIM4
TRIM40	TRIM40
TRIM41	TRIM41
TRIM42	TRIM42
TRIM43B	TRIM43B
TRIM44	TRIM44
TRIM45	TRIM45
TRIM46	TRIM46
TRIM47	TRIM47
TRIM48	TRIM48
TRIM49B	TRIM49B
TRIM49D1	TRIM49D1
TRIM5	TRIM5
TRIM50	TRIM50
TRIM51	TRIM51
TRIM52	TRIM52
TRIM52-AS1	TRIM52-AS1
TRIM54	TRIM54
TRIM55	TRIM55
TRIM56	TRIM56
TRIM58	TRIM58
TRIM59	TRIM59
TRIM6	TRIM6
TRIM6-TRIM34	TRIM6-TRIM34
TRIM60	TRIM60
TRIM61	TRIM61
TRIM62	TRIM62
TRIM63	TRIM63
TRIM64B	TRIM64B
TRIM65	TRIM65
TRIM66	TRIM66
TRIM67	TRIM67
TRIM68	TRIM68
TRIM69	TRIM69
TRIM7	TRIM7
TRIM71	TRIM71
TRIM72	TRIM72
TRIM73	TRIM73
TRIM74	TRIM74
TRIM75P	TRIM75P
TRIM77	TRIM77
TRIM8	TRIM8
TRIM9	TRIM9
TRIML1	TRIML1
TRIML2	TRIML2
TRIO	TRIO
TRIOBP	TRIOBP
TRIP10	TRIP10
TRIP11	TRIP11
TRIP12	TRIP12
TRIP13	TRIP13
TRIP4	TRIP4
TRIP6	TRIP6
TRIQK	TRIQK
TRIR	TRIR
TRIT1	TRIT1
TRMO	TRMO
TRMT1	TRMT1
TRMT10A	TRMT10A
TRMT10B	TRMT10B
TRMT10C	TRMT10C
TRMT11	TRMT11
TRMT112	TRMT112
TRMT12	TRMT12
TRMT13	TRMT13
TRMT1L	TRMT1L
TRMT2A	TRMT2A
TRMT2B	TRMT2B
TRMT2B-AS1	TRMT2B-AS1
TRMT44	TRMT44
TRMT5	TRMT5
TRMT6	TRMT6
TRMT61A	TRMT61A
TRMT61B	TRMT61B
TRMT9B	TRMT9B
TRMU	TRMU
TRNAU1AP	TRNAU1AP
TRNP1	TRNP1
TRNT1	TRNT1
TRO	TRO
TROAP	TROAP
TROVE2	TROVE2
TRPA1	TRPA1
TRPC1	TRPC1
TRPC3	TRPC3
TRPC4	TRPC4
TRPC4AP	TRPC4AP
TRPC5	TRPC5
TRPC5OS	TRPC5OS
TRPC6	TRPC6
TRPC7	TRPC7
TRPC7-AS1	TRPC7-AS1
TRPC7-AS2	TRPC7-AS2
TRPM1	TRPM1
TRPM2	TRPM2
TRPM2-AS	TRPM2-AS
TRPM3	TRPM3
TRPM4	TRPM4
TRPM5	TRPM5
TRPM6	TRPM6
TRPM7	TRPM7
TRPM8	TRPM8
TRPS1	TRPS1
TRPT1	TRPT1
TRPV1	TRPV1
TRPV2	TRPV2
TRPV3	TRPV3
TRPV4	TRPV4
TRPV5	TRPV5
TRPV6	TRPV6
TRRAP	TRRAP
TRUB1	TRUB1
TRUB2	TRUB2
TSACC	TSACC
TSBP1	TSBP1
TSBP1-AS1	TSBP1-AS1
TSC1	TSC1
TSC2	TSC2
TSC22D1	TSC22D1
TSC22D1-AS1	TSC22D1-AS1
TSC22D2	TSC22D2
TSC22D3	TSC22D3
TSC22D4	TSC22D4
TSEN15	TSEN15
TSEN2	TSEN2
TSEN34	TSEN34
TSEN54	TSEN54
TSFM	TSFM
TSG101	TSG101
TSGA10	TSGA10
TSGA10IP	TSGA10IP
TSGA13	TSGA13
TSHR	TSHR
TSHZ1	TSHZ1
TSHZ2	TSHZ2
TSHZ3	TSHZ3
TSIX	TSIX
TSKS	TSKS
TSKU	TSKU
TSLP	TSLP
TSN	TSN
TSNARE1	TSNARE1
TSNAX	TSNAX
TSNAX-DISC1	TSNAX-DISC1
TSNAXIP1	TSNAXIP1
TSPAN1	TSPAN1
TSPAN10	TSPAN10
TSPAN11	TSPAN11
TSPAN12	TSPAN12
TSPAN13	TSPAN13
TSPAN14	TSPAN14
TSPAN15	TSPAN15
TSPAN16	TSPAN16
TSPAN17	TSPAN17
TSPAN18	TSPAN18
TSPAN18-AS1	TSPAN18-AS1
TSPAN19	TSPAN19
TSPAN2	TSPAN2
TSPAN3	TSPAN3
TSPAN31	TSPAN31
TSPAN32	TSPAN32
TSPAN33	TSPAN33
TSPAN4	TSPAN4
TSPAN5	TSPAN5
TSPAN6	TSPAN6
TSPAN7	TSPAN7
TSPAN8	TSPAN8
TSPAN9	TSPAN9
TSPEAR	TSPEAR
TSPEAR-AS1	TSPEAR-AS1
TSPEAR-AS2	TSPEAR-AS2
TSPO	TSPO
TSPO2	TSPO2
TSPOAP1	TSPOAP1
TSPOAP1-AS1	TSPOAP1-AS1
TSPY2	TSPY2
TSPYL1	TSPYL1
TSPYL2	TSPYL2
TSPYL4	TSPYL4
TSPYL5	TSPYL5
TSPYL6	TSPYL6
TSR1	TSR1
TSR2	TSR2
TSR3	TSR3
TSSC4	TSSC4
TSSK2	TSSK2
TSSK3	TSSK3
TSSK4	TSSK4
TSSK6	TSSK6
TST	TST
TSTA3	TSTA3
TSTD1	TSTD1
TSTD2	TSTD2
TSTD3	TSTD3
TTBK1	TTBK1
TTBK2	TTBK2
TTC1	TTC1
TTC12	TTC12
TTC13	TTC13
TTC14	TTC14
TTC16	TTC16
TTC17	TTC17
TTC19	TTC19
TTC21A	TTC21A
TTC21B	TTC21B
TTC21B-AS1	TTC21B-AS1
TTC22	TTC22
TTC23	TTC23
TTC23L	TTC23L
TTC24	TTC24
TTC25	TTC25
TTC26	TTC26
TTC27	TTC27
TTC28	TTC28
TTC28-AS1	TTC28-AS1
TTC29	TTC29
TTC3	TTC3
TTC3-AS1	TTC3-AS1
TTC30A	TTC30A
TTC30B	TTC30B
TTC31	TTC31
TTC32	TTC32
TTC33	TTC33
TTC34	TTC34
TTC36	TTC36
TTC37	TTC37
TTC38	TTC38
TTC39A	TTC39A
TTC39A-AS1	TTC39A-AS1
TTC39B	TTC39B
TTC39C	TTC39C
TTC39C-AS1	TTC39C-AS1
TTC4	TTC4
TTC5	TTC5
TTC6	TTC6
TTC7A	TTC7A
TTC7B	TTC7B
TTC8	TTC8
TTC9	TTC9
TTC9B	TTC9B
TTC9C	TTC9C
TTF1	TTF1
TTF2	TTF2
TTI1	TTI1
TTI2	TTI2
TTK	TTK
TTL	TTL
TTLL1	TTLL1
TTLL10	TTLL10
TTLL10-AS1	TTLL10-AS1
TTLL11	TTLL11
TTLL11-IT1	TTLL11-IT1
TTLL12	TTLL12
TTLL13P	TTLL13P
TTLL2	TTLL2
TTLL3	TTLL3
TTLL4	TTLL4
TTLL5	TTLL5
TTLL6	TTLL6
TTLL7	TTLL7
TTLL7-IT1	TTLL7-IT1
TTLL8	TTLL8
TTLL9	TTLL9
TTN	TTN
TTN-AS1	TTN-AS1
TTPA	TTPA
TTPAL	TTPAL
TTR	TTR
TTTY10	TTTY10
TTTY11	TTTY11
TTTY13	TTTY13
TTTY14	TTTY14
TTTY15	TTTY15
TTTY18	TTTY18
TTTY22	TTTY22
TTTY4	TTTY4
TTTY4B	TTTY4B
TTTY4C	TTTY4C
TTYH1	TTYH1
TTYH2	TTYH2
TTYH3	TTYH3
TUB	TUB
TUB-AS1	TUB-AS1
TUBA1A	TUBA1A
TUBA1B	TUBA1B
TUBA1C	TUBA1C
TUBA3C	TUBA3C
TUBA3D	TUBA3D
TUBA3E	TUBA3E
TUBA4A	TUBA4A
TUBA4B	TUBA4B
TUBA8	TUBA8
TUBAL3	TUBAL3
TUBB	TUBB
TUBB1	TUBB1
TUBB2A	TUBB2A
TUBB2B	TUBB2B
TUBB3	TUBB3
TUBB4A	TUBB4A
TUBB4B	TUBB4B
TUBB6	TUBB6
TUBB8	TUBB8
TUBB8P12	TUBB8P12
TUBD1	TUBD1
TUBE1	TUBE1
TUBG1	TUBG1
TUBG2	TUBG2
TUBGCP2	TUBGCP2
TUBGCP3	TUBGCP3
TUBGCP4	TUBGCP4
TUBGCP5	TUBGCP5
TUBGCP6	TUBGCP6
TUFM	TUFM
TUFT1	TUFT1
TUG1	TUG1
TULP1	TULP1
TULP2	TULP2
TULP3	TULP3
TULP4	TULP4
TUNAR	TUNAR
TUSC1	TUSC1
TUSC2	TUSC2
TUSC3	TUSC3
TUSC7	TUSC7
TUSC8	TUSC8
TUT1	TUT1
TUT4	TUT4
TUT7	TUT7
TVP23A	TVP23A
TVP23B	TVP23B
TVP23C	TVP23C
TWF1	TWF1
TWF2	TWF2
TWIST1	TWIST1
TWIST2	TWIST2
TWISTNB	TWISTNB
TWNK	TWNK
TWSG1	TWSG1
TXK	TXK
TXLNA	TXLNA
TXLNB	TXLNB
TXLNG	TXLNG
TXN	TXN
TXN2	TXN2
TXNDC11	TXNDC11
TXNDC12	TXNDC12
TXNDC12-AS1	TXNDC12-AS1
TXNDC15	TXNDC15
TXNDC16	TXNDC16
TXNDC17	TXNDC17
TXNDC2	TXNDC2
TXNDC5	TXNDC5
TXNDC8	TXNDC8
TXNDC9	TXNDC9
TXNIP	TXNIP
TXNL1	TXNL1
TXNL4A	TXNL4A
TXNL4B	TXNL4B
TXNRD1	TXNRD1
TXNRD2	TXNRD2
TXNRD3	TXNRD3
TXNRD3NB	TXNRD3NB
TYK2	TYK2
TYMP	TYMP
TYMS	TYMS
TYMSOS	TYMSOS
TYR	TYR
TYRO3	TYRO3
TYROBP	TYROBP
TYRP1	TYRP1
TYSND1	TYSND1
TYW1	TYW1
TYW1B	TYW1B
TYW3	TYW3
TYW5	TYW5
U2AF1	U2AF1
U2AF1L4	U2AF1L4
U2AF1L5	U2AF1L5
U2AF2	U2AF2
U2SURP	U2SURP
U47924.2	U47924.2
U47924.3	U47924.3
U51244.1	U51244.1
U52111.1	U52111.1
U52112.1	U52112.1
U52112.2	U52112.2
U62317.1	U62317.1
U62317.2	U62317.2
U62317.3	U62317.3
U62317.4	U62317.4
U62317.5	U62317.5
U62631.1	U62631.1
U73166.1	U73166.1
U73169.1	U73169.1
U82671.1	U82671.1
U91319.1	U91319.1
U91324.1	U91324.1
U91328.1	U91328.1
U91328.2	U91328.2
U91328.3	U91328.3
U95743.1	U95743.1
UACA	UACA
UAP1	UAP1
UAP1L1	UAP1L1
UBA1	UBA1
UBA2	UBA2
UBA3	UBA3
UBA5	UBA5
UBA52	UBA52
UBA6	UBA6
UBA6-AS1	UBA6-AS1
UBA7	UBA7
UBAC1	UBAC1
UBAC2	UBAC2
UBAC2-AS1	UBAC2-AS1
UBALD1	UBALD1
UBALD2	UBALD2
UBAP1	UBAP1
UBAP1L	UBAP1L
UBAP2	UBAP2
UBAP2L	UBAP2L
UBASH3A	UBASH3A
UBASH3B	UBASH3B
UBB	UBB
UBC	UBC
UBE2A	UBE2A
UBE2B	UBE2B
UBE2C	UBE2C
UBE2D1	UBE2D1
UBE2D2	UBE2D2
UBE2D3	UBE2D3
UBE2D3-AS1	UBE2D3-AS1
UBE2D4	UBE2D4
UBE2E1	UBE2E1
UBE2E1-AS1	UBE2E1-AS1
UBE2E2	UBE2E2
UBE2E2-AS1	UBE2E2-AS1
UBE2E3	UBE2E3
UBE2F	UBE2F
UBE2F-SCLY	UBE2F-SCLY
UBE2G1	UBE2G1
UBE2G2	UBE2G2
UBE2H	UBE2H
UBE2I	UBE2I
UBE2J1	UBE2J1
UBE2J2	UBE2J2
UBE2K	UBE2K
UBE2L3	UBE2L3
UBE2L5	UBE2L5
UBE2L6	UBE2L6
UBE2M	UBE2M
UBE2N	UBE2N
UBE2O	UBE2O
UBE2Q1	UBE2Q1
UBE2Q1-AS1	UBE2Q1-AS1
UBE2Q2	UBE2Q2
UBE2Q2L	UBE2Q2L
UBE2QL1	UBE2QL1
UBE2R2	UBE2R2
UBE2R2-AS1	UBE2R2-AS1
UBE2S	UBE2S
UBE2T	UBE2T
UBE2U	UBE2U
UBE2V1	UBE2V1
UBE2V2	UBE2V2
UBE2W	UBE2W
UBE2Z	UBE2Z
UBE3A	UBE3A
UBE3B	UBE3B
UBE3C	UBE3C
UBE3D	UBE3D
UBE4A	UBE4A
UBE4B	UBE4B
UBFD1	UBFD1
UBIAD1	UBIAD1
UBL3	UBL3
UBL4A	UBL4A
UBL4B	UBL4B
UBL5	UBL5
UBL7	UBL7
UBL7-AS1	UBL7-AS1
UBLCP1	UBLCP1
UBN1	UBN1
UBN2	UBN2
UBOX5	UBOX5
UBOX5-AS1	UBOX5-AS1
UBP1	UBP1
UBQLN1	UBQLN1
UBQLN2	UBQLN2
UBQLN3	UBQLN3
UBQLN4	UBQLN4
UBQLNL	UBQLNL
UBR1	UBR1
UBR2	UBR2
UBR3	UBR3
UBR4	UBR4
UBR5	UBR5
UBR5-AS1	UBR5-AS1
UBR7	UBR7
UBTD1	UBTD1
UBTD2	UBTD2
UBTF	UBTF
UBXN1	UBXN1
UBXN10	UBXN10
UBXN10-AS1	UBXN10-AS1
UBXN11	UBXN11
UBXN2A	UBXN2A
UBXN2B	UBXN2B
UBXN4	UBXN4
UBXN6	UBXN6
UBXN7	UBXN7
UBXN7-AS1	UBXN7-AS1
UBXN8	UBXN8
UCA1	UCA1
UCHL1	UCHL1
UCHL1-AS1	UCHL1-AS1
UCHL3	UCHL3
UCHL5	UCHL5
UCK1	UCK1
UCK2	UCK2
UCKL1	UCKL1
UCKL1-AS1	UCKL1-AS1
UCMA	UCMA
UCN	UCN
UCN2	UCN2
UCN3	UCN3
UCP1	UCP1
UCP2	UCP2
UCP3	UCP3
UEVLD	UEVLD
UFC1	UFC1
UFD1	UFD1
UFL1	UFL1
UFL1-AS1	UFL1-AS1
UFM1	UFM1
UFSP1	UFSP1
UFSP2	UFSP2
UGCG	UGCG
UGDH	UGDH
UGDH-AS1	UGDH-AS1
UGGT1	UGGT1
UGGT2	UGGT2
UGP2	UGP2
UGT1A8	UGT1A8
UGT2A1	UGT2A1
UGT2A3	UGT2A3
UGT2B10	UGT2B10
UGT2B11	UGT2B11
UGT2B15	UGT2B15
UGT2B17	UGT2B17
UGT2B4	UGT2B4
UGT2B7	UGT2B7
UGT3A1	UGT3A1
UGT3A2	UGT3A2
UGT8	UGT8
UHMK1	UHMK1
UHRF1	UHRF1
UHRF1BP1	UHRF1BP1
UHRF1BP1L	UHRF1BP1L
UHRF2	UHRF2
UIMC1	UIMC1
ULBP1	ULBP1
ULBP2	ULBP2
ULBP3	ULBP3
ULK1	ULK1
ULK2	ULK2
ULK3	ULK3
ULK4	ULK4
UMAD1	UMAD1
UMOD	UMOD
UMODL1	UMODL1
UMODL1-AS1	UMODL1-AS1
UMPS	UMPS
UNC119	UNC119
UNC119B	UNC119B
UNC13A	UNC13A
UNC13B	UNC13B
UNC13C	UNC13C
UNC13D	UNC13D
UNC45A	UNC45A
UNC45B	UNC45B
UNC50	UNC50
UNC5A	UNC5A
UNC5B	UNC5B
UNC5B-AS1	UNC5B-AS1
UNC5C	UNC5C
UNC5CL	UNC5CL
UNC5D	UNC5D
UNC79	UNC79
UNC80	UNC80
UNC93A	UNC93A
UNC93B1	UNC93B1
UNG	UNG
UNK	UNK
UNKL	UNKL
UPB1	UPB1
UPF1	UPF1
UPF2	UPF2
UPF3A	UPF3A
UPF3B	UPF3B
UPK1A	UPK1A
UPK1A-AS1	UPK1A-AS1
UPK1B	UPK1B
UPK2	UPK2
UPK3A	UPK3A
UPK3B	UPK3B
UPK3BL1	UPK3BL1
UPK3BL2	UPK3BL2
UPP1	UPP1
UPP2	UPP2
UPP2-IT1	UPP2-IT1
UPRT	UPRT
UQCC1	UQCC1
UQCC2	UQCC2
UQCC3	UQCC3
UQCR10	UQCR10
UQCR11	UQCR11
UQCRB	UQCRB
UQCRC1	UQCRC1
UQCRC2	UQCRC2
UQCRFS1	UQCRFS1
UQCRH	UQCRH
UQCRHL	UQCRHL
UQCRQ	UQCRQ
URAD	URAD
URB1	URB1
URB1-AS1	URB1-AS1
URB2	URB2
URGCP	URGCP
URGCP-MRPS24	URGCP-MRPS24
URI1	URI1
URM1	URM1
UROC1	UROC1
UROD	UROD
UROS	UROS
USB1	USB1
USE1	USE1
USF1	USF1
USF2	USF2
USF3	USF3
USH1C	USH1C
USH1G	USH1G
USH2A	USH2A
USHBP1	USHBP1
USO1	USO1
USP1	USP1
USP10	USP10
USP11	USP11
USP12	USP12
USP12-AS1	USP12-AS1
USP12-AS2	USP12-AS2
USP13	USP13
USP14	USP14
USP15	USP15
USP16	USP16
USP17L1	USP17L1
USP17L2	USP17L2
USP17L22	USP17L22
USP17L7	USP17L7
USP18	USP18
USP19	USP19
USP2	USP2
USP2-AS1	USP2-AS1
USP20	USP20
USP21	USP21
USP22	USP22
USP24	USP24
USP25	USP25
USP26	USP26
USP27X	USP27X
USP27X-AS1	USP27X-AS1
USP28	USP28
USP29	USP29
USP3	USP3
USP3-AS1	USP3-AS1
USP30	USP30
USP30-AS1	USP30-AS1
USP31	USP31
USP32	USP32
USP33	USP33
USP34	USP34
USP35	USP35
USP36	USP36
USP37	USP37
USP38	USP38
USP39	USP39
USP4	USP4
USP40	USP40
USP41	USP41
USP42	USP42
USP43	USP43
USP44	USP44
USP45	USP45
USP46	USP46
USP46-AS1	USP46-AS1
USP47	USP47
USP48	USP48
USP49	USP49
USP5	USP5
USP50	USP50
USP51	USP51
USP53	USP53
USP54	USP54
USP6	USP6
USP6NL	USP6NL
USP7	USP7
USP8	USP8
USP9X	USP9X
USP9Y	USP9Y
USPL1	USPL1
UST	UST
UST-AS1	UST-AS1
UTF1	UTF1
UTP11	UTP11
UTP14A	UTP14A
UTP14C	UTP14C
UTP15	UTP15
UTP18	UTP18
UTP20	UTP20
UTP23	UTP23
UTP25	UTP25
UTP3	UTP3
UTP4	UTP4
UTP6	UTP6
UTRN	UTRN
UTS2	UTS2
UTS2B	UTS2B
UTY	UTY
UVRAG	UVRAG
UVRAG-DT	UVRAG-DT
UVSSA	UVSSA
UXS1	UXS1
UXT	UXT
UXT-AS1	UXT-AS1
VAC14	VAC14
VAC14-AS1	VAC14-AS1
VAMP1	VAMP1
VAMP2	VAMP2
VAMP3	VAMP3
VAMP4	VAMP4
VAMP5	VAMP5
VAMP7	VAMP7
VAMP8	VAMP8
VANGL1	VANGL1
VANGL2	VANGL2
VAPA	VAPA
VAPB	VAPB
VARS	VARS
VARS2	VARS2
VASH1	VASH1
VASH1-AS1	VASH1-AS1
VASH2	VASH2
VASN	VASN
VASP	VASP
VAT1	VAT1
VAT1L	VAT1L
VAV1	VAV1
VAV2	VAV2
VAV3	VAV3
VAV3-AS1	VAV3-AS1
VAX1	VAX1
VAX2	VAX2
VBP1	VBP1
VCAM1	VCAM1
VCAN	VCAN
VCAN-AS1	VCAN-AS1
VCL	VCL
VCP	VCP
VCPIP1	VCPIP1
VCPKMT	VCPKMT
VCX	VCX
VCX3A	VCX3A
VCX3B	VCX3B
VDAC1	VDAC1
VDAC2	VDAC2
VDAC3	VDAC3
VDR	VDR
VEGFA	VEGFA
VEGFB	VEGFB
VEGFC	VEGFC
VEGFD	VEGFD
VENTX	VENTX
VENTXP1	VENTXP1
VEPH1	VEPH1
VEZF1	VEZF1
VEZT	VEZT
VGF	VGF
VGLL1	VGLL1
VGLL2	VGLL2
VGLL3	VGLL3
VGLL4	VGLL4
VHL	VHL
VHLL	VHLL
VIL1	VIL1
VILL	VILL
VIM	VIM
VIM-AS1	VIM-AS1
VIP	VIP
VIPAS39	VIPAS39
VIPR1	VIPR1
VIPR1-AS1	VIPR1-AS1
VIPR2	VIPR2
VIRMA	VIRMA
VIT	VIT
VKORC1	VKORC1
VKORC1L1	VKORC1L1
VLDLR	VLDLR
VLDLR-AS1	VLDLR-AS1
VMA21	VMA21
VMAC	VMAC
VMO1	VMO1
VMP1	VMP1
VN1R1	VN1R1
VN1R2	VN1R2
VNN1	VNN1
VNN2	VNN2
VNN3	VNN3
VOPP1	VOPP1
VPREB3	VPREB3
VPS11	VPS11
VPS13A	VPS13A
VPS13A-AS1	VPS13A-AS1
VPS13B	VPS13B
VPS13B-DT	VPS13B-DT
VPS13C	VPS13C
VPS13D	VPS13D
VPS16	VPS16
VPS18	VPS18
VPS25	VPS25
VPS26A	VPS26A
VPS26B	VPS26B
VPS26C	VPS26C
VPS28	VPS28
VPS29	VPS29
VPS33A	VPS33A
VPS33B	VPS33B
VPS33B-DT	VPS33B-DT
VPS35	VPS35
VPS35L	VPS35L
VPS36	VPS36
VPS37A	VPS37A
VPS37B	VPS37B
VPS37C	VPS37C
VPS37D	VPS37D
VPS39	VPS39
VPS41	VPS41
VPS45	VPS45
VPS4A	VPS4A
VPS4B	VPS4B
VPS50	VPS50
VPS51	VPS51
VPS52	VPS52
VPS53	VPS53
VPS54	VPS54
VPS72	VPS72
VPS8	VPS8
VPS9D1	VPS9D1
VPS9D1-AS1	VPS9D1-AS1
VRK1	VRK1
VRK2	VRK2
VRK3	VRK3
VRTN	VRTN
VSIG1	VSIG1
VSIG10	VSIG10
VSIG10L	VSIG10L
VSIG10L2	VSIG10L2
VSIG2	VSIG2
VSIG4	VSIG4
VSIG8	VSIG8
VSIR	VSIR
VSNL1	VSNL1
VSTM1	VSTM1
VSTM2A	VSTM2A
VSTM2A-OT1	VSTM2A-OT1
VSTM2B	VSTM2B
VSTM2L	VSTM2L
VSTM4	VSTM4
VSTM5	VSTM5
VSX1	VSX1
VSX2	VSX2
VTA1	VTA1
VTCN1	VTCN1
VTI1A	VTI1A
VTI1B	VTI1B
VTN	VTN
VWA1	VWA1
VWA2	VWA2
VWA3A	VWA3A
VWA3B	VWA3B
VWA5A	VWA5A
VWA5B1	VWA5B1
VWA5B2	VWA5B2
VWA7	VWA7
VWA8	VWA8
VWA8-AS1	VWA8-AS1
VWC2	VWC2
VWC2L	VWC2L
VWC2L-IT1	VWC2L-IT1
VWCE	VWCE
VWDE	VWDE
VWF	VWF
VXN	VXN
WAC	WAC
WAC-AS1	WAC-AS1
WAKMAR2	WAKMAR2
WAPL	WAPL
WARS	WARS
WARS2	WARS2
WARS2-AS1	WARS2-AS1
WARS2-IT1	WARS2-IT1
WAS	WAS
WASF1	WASF1
WASF2	WASF2
WASF3	WASF3
WASF3-AS1	WASF3-AS1
WASHC1	WASHC1
WASHC2A	WASHC2A
WASHC2C	WASHC2C
WASHC3	WASHC3
WASHC4	WASHC4
WASHC5	WASHC5
WASHC5-AS1	WASHC5-AS1
WASIR1	WASIR1
WASIR2	WASIR2
WASL	WASL
WBP1	WBP1
WBP11	WBP11
WBP1L	WBP1L
WBP2	WBP2
WBP2NL	WBP2NL
WBP4	WBP4
WDCP	WDCP
WDFY1	WDFY1
WDFY2	WDFY2
WDFY3	WDFY3
WDFY3-AS1	WDFY3-AS1
WDFY3-AS2	WDFY3-AS2
WDFY4	WDFY4
WDHD1	WDHD1
WDPCP	WDPCP
WDR1	WDR1
WDR11	WDR11
WDR11-AS1	WDR11-AS1
WDR12	WDR12
WDR13	WDR13
WDR17	WDR17
WDR18	WDR18
WDR19	WDR19
WDR20	WDR20
WDR24	WDR24
WDR25	WDR25
WDR26	WDR26
WDR27	WDR27
WDR3	WDR3
WDR31	WDR31
WDR33	WDR33
WDR34	WDR34
WDR35	WDR35
WDR36	WDR36
WDR37	WDR37
WDR38	WDR38
WDR4	WDR4
WDR41	WDR41
WDR43	WDR43
WDR44	WDR44
WDR45	WDR45
WDR45B	WDR45B
WDR46	WDR46
WDR47	WDR47
WDR48	WDR48
WDR49	WDR49
WDR5	WDR5
WDR53	WDR53
WDR54	WDR54
WDR55	WDR55
WDR59	WDR59
WDR5B	WDR5B
WDR6	WDR6
WDR60	WDR60
WDR61	WDR61
WDR62	WDR62
WDR63	WDR63
WDR64	WDR64
WDR66	WDR66
WDR7	WDR7
WDR7-OT1	WDR7-OT1
WDR70	WDR70
WDR72	WDR72
WDR73	WDR73
WDR74	WDR74
WDR75	WDR75
WDR76	WDR76
WDR77	WDR77
WDR78	WDR78
WDR81	WDR81
WDR82	WDR82
WDR83	WDR83
WDR83OS	WDR83OS
WDR86	WDR86
WDR86-AS1	WDR86-AS1
WDR87	WDR87
WDR88	WDR88
WDR89	WDR89
WDR90	WDR90
WDR91	WDR91
WDR92	WDR92
WDR93	WDR93
WDR97	WDR97
WDSUB1	WDSUB1
WDTC1	WDTC1
WDYHV1	WDYHV1
WEE1	WEE1
WEE2	WEE2
WEE2-AS1	WEE2-AS1
WFDC1	WFDC1
WFDC10A	WFDC10A
WFDC10B	WFDC10B
WFDC11	WFDC11
WFDC13	WFDC13
WFDC2	WFDC2
WFDC3	WFDC3
WFDC6	WFDC6
WFDC8	WFDC8
WFDC9	WFDC9
WFIKKN1	WFIKKN1
WFIKKN2	WFIKKN2
WFS1	WFS1
WHAMM	WHAMM
WHRN	WHRN
WIF1	WIF1
WIPF1	WIPF1
WIPF2	WIPF2
WIPF3	WIPF3
WIPI1	WIPI1
WIPI2	WIPI2
WISP1	WISP1
WISP2	WISP2
WISP3	WISP3
WIZ	WIZ
WLS	WLS
WNK1	WNK1
WNK2	WNK2
WNK3	WNK3
WNK4	WNK4
WNT1	WNT1
WNT10A	WNT10A
WNT10B	WNT10B
WNT11	WNT11
WNT16	WNT16
WNT2	WNT2
WNT2B	WNT2B
WNT3	WNT3
WNT3A	WNT3A
WNT4	WNT4
WNT5A	WNT5A
WNT5A-AS1	WNT5A-AS1
WNT5B	WNT5B
WNT6	WNT6
WNT7A	WNT7A
WNT7B	WNT7B
WNT8A	WNT8A
WNT8B	WNT8B
WNT9A	WNT9A
WNT9B	WNT9B
WRAP53	WRAP53
WRAP73	WRAP73
WRB	WRB
WRN	WRN
WRNIP1	WRNIP1
WSB1	WSB1
WSB2	WSB2
WSCD1	WSCD1
WSCD2	WSCD2
WT1	WT1
WT1-AS	WT1-AS
WTAP	WTAP
WTIP	WTIP
WWC1	WWC1
WWC2	WWC2
WWC2-AS1	WWC2-AS1
WWC2-AS2	WWC2-AS2
WWC3	WWC3
WWC3-AS1	WWC3-AS1
WWOX	WWOX
WWOX-AS1	WWOX-AS1
WWP1	WWP1
WWP2	WWP2
WWTR1	WWTR1
WWTR1-AS1	WWTR1-AS1
WWTR1-IT1	WWTR1-IT1
XAB2	XAB2
XACT	XACT
XAF1	XAF1
XAGE1B	XAGE1B
XAGE2	XAGE2
XAGE3	XAGE3
XAGE5	XAGE5
XBP1	XBP1
XCL1	XCL1
XCL2	XCL2
XCR1	XCR1
XDH	XDH
XG	XG
XIAP	XIAP
XIAP-AS1	XIAP-AS1
XIRP1	XIRP1
XIRP2	XIRP2
XIRP2-AS1	XIRP2-AS1
XIST	XIST
XK	XK
XKR3	XKR3
XKR4	XKR4
XKR5	XKR5
XKR6	XKR6
XKR7	XKR7
XKR8	XKR8
XKR9	XKR9
XKRX	XKRX
XPA	XPA
XPC	XPC
XPNPEP1	XPNPEP1
XPNPEP2	XPNPEP2
XPNPEP3	XPNPEP3
XPO1	XPO1
XPO4	XPO4
XPO5	XPO5
XPO6	XPO6
XPO7	XPO7
XPOT	XPOT
XPR1	XPR1
XRCC1	XRCC1
XRCC2	XRCC2
XRCC3	XRCC3
XRCC4	XRCC4
XRCC5	XRCC5
XRCC6	XRCC6
XRN1	XRN1
XRN2	XRN2
XRRA1	XRRA1
XXYLT1	XXYLT1
XXYLT1-AS1	XXYLT1-AS1
XXYLT1-AS2	XXYLT1-AS2
XYLB	XYLB
XYLT1	XYLT1
XYLT2	XYLT2
YAE1	YAE1
YAE1D1	YAE1D1
YAF2	YAF2
YAP1	YAP1
YARS	YARS
YARS2	YARS2
YBEY	YBEY
YBX1	YBX1
YBX2	YBX2
YBX3	YBX3
YDJC	YDJC
YEATS2	YEATS2
YEATS2-AS1	YEATS2-AS1
YEATS4	YEATS4
YES1	YES1
YIF1A	YIF1A
YIF1B	YIF1B
YIPF1	YIPF1
YIPF2	YIPF2
YIPF3	YIPF3
YIPF4	YIPF4
YIPF5	YIPF5
YIPF6	YIPF6
YIPF7	YIPF7
YJEFN3	YJEFN3
YJU2	YJU2
YKT6	YKT6
YLPM1	YLPM1
YME1L1	YME1L1
YOD1	YOD1
YPEL1	YPEL1
YPEL2	YPEL2
YPEL3	YPEL3
YPEL4	YPEL4
YPEL5	YPEL5
YRDC	YRDC
YTHDC1	YTHDC1
YTHDC2	YTHDC2
YTHDF1	YTHDF1
YTHDF2	YTHDF2
YTHDF3	YTHDF3
YTHDF3-AS1	YTHDF3-AS1
YWHAB	YWHAB
YWHAE	YWHAE
YWHAG	YWHAG
YWHAH	YWHAH
YWHAQ	YWHAQ
YWHAZ	YWHAZ
YY1	YY1
YY1AP1	YY1AP1
YY2	YY2
Z68323.1	Z68323.1
Z68871.1	Z68871.1
Z69666.1	Z69666.1
Z69706.1	Z69706.1
Z69720.1	Z69720.1
Z69733.1	Z69733.1
Z70719.1	Z70719.1
Z72006.1	Z72006.1
Z73420.1	Z73420.1
Z73429.1	Z73429.1
Z73495.1	Z73495.1
Z80897.1	Z80897.1
Z80897.2	Z80897.2
Z82173.1	Z82173.1
Z82186.1	Z82186.1
Z82188.2	Z82188.2
Z82190.2	Z82190.2
Z82195.3	Z82195.3
Z82196.1	Z82196.1
Z82196.2	Z82196.2
Z82198.1	Z82198.1
Z82198.2	Z82198.2
Z82206.1	Z82206.1
Z82214.1	Z82214.1
Z82214.2	Z82214.2
Z82215.1	Z82215.1
Z82217.1	Z82217.1
Z82243.1	Z82243.1
Z82244.1	Z82244.1
Z82244.2	Z82244.2
Z83745.1	Z83745.1
Z83818.2	Z83818.2
Z83843.1	Z83843.1
Z83844.1	Z83844.1
Z83844.2	Z83844.2
Z83844.3	Z83844.3
Z83847.1	Z83847.1
Z83851.1	Z83851.1
Z83851.2	Z83851.2
Z84468.1	Z84468.1
Z84468.2	Z84468.2
Z84484.1	Z84484.1
Z84485.1	Z84485.1
Z84486.1	Z84486.1
Z84488.1	Z84488.1
Z84488.2	Z84488.2
Z84492.1	Z84492.1
Z85996.2	Z85996.2
Z85996.3	Z85996.3
Z86062.2	Z86062.2
Z92544.1	Z92544.1
Z92544.2	Z92544.2
Z93020.1	Z93020.1
Z93022.1	Z93022.1
Z93241.1	Z93241.1
Z93403.1	Z93403.1
Z93930.2	Z93930.2
Z93930.3	Z93930.3
Z93943.1	Z93943.1
Z94057.1	Z94057.1
Z94160.1	Z94160.1
Z94160.2	Z94160.2
Z94277.1	Z94277.1
Z94721.1	Z94721.1
Z94721.3	Z94721.3
Z95114.1	Z95114.1
Z95114.2	Z95114.2
Z95114.4	Z95114.4
Z95115.1	Z95115.1
Z95115.2	Z95115.2
Z95118.2	Z95118.2
Z95331.1	Z95331.1
Z95624.1	Z95624.1
Z96074.1	Z96074.1
Z97055.2	Z97055.2
Z97056.1	Z97056.1
Z97056.2	Z97056.2
Z97056.3	Z97056.3
Z97192.1	Z97192.1
Z97192.2	Z97192.2
Z97192.3	Z97192.3
Z97192.4	Z97192.4
Z97200.1	Z97200.1
Z97205.1	Z97205.1
Z97205.2	Z97205.2
Z97206.2	Z97206.2
Z97353.2	Z97353.2
Z97832.2	Z97832.2
Z97986.1	Z97986.1
Z97987.1	Z97987.1
Z97989.1	Z97989.1
Z98200.1	Z98200.1
Z98257.1	Z98257.1
Z98257.2	Z98257.2
Z98259.3	Z98259.3
Z98742.1	Z98742.1
Z98742.4	Z98742.4
Z98745.1	Z98745.1
Z98745.2	Z98745.2
Z98749.1	Z98749.1
Z98752.1	Z98752.1
Z98752.3	Z98752.3
Z98752.4	Z98752.4
Z98884.1	Z98884.1
Z98884.2	Z98884.2
Z98885.2	Z98885.2
Z98885.3	Z98885.3
Z98886.1	Z98886.1
Z98949.1	Z98949.1
Z98949.3	Z98949.3
Z99127.1	Z99127.1
Z99127.4	Z99127.4
Z99289.1	Z99289.1
Z99289.2	Z99289.2
Z99289.3	Z99289.3
Z99496.2	Z99496.2
Z99572.1	Z99572.1
Z99716.1	Z99716.1
Z99716.2	Z99716.2
Z99755.2	Z99755.2
Z99756.1	Z99756.1
Z99758.1	Z99758.1
Z99774.1	Z99774.1
Z99916.1	Z99916.1
Z99916.3	Z99916.3
Z99943.1	Z99943.1
ZACN	ZACN
ZADH2	ZADH2
ZAN	ZAN
ZAP70	ZAP70
ZAR1	ZAR1
ZAR1L	ZAR1L
ZBBX	ZBBX
ZBED1	ZBED1
ZBED3	ZBED3
ZBED3-AS1	ZBED3-AS1
ZBED4	ZBED4
ZBED5	ZBED5
ZBED5-AS1	ZBED5-AS1
ZBED6	ZBED6
ZBED6CL	ZBED6CL
ZBED8	ZBED8
ZBED9	ZBED9
ZBP1	ZBP1
ZBTB1	ZBTB1
ZBTB10	ZBTB10
ZBTB11	ZBTB11
ZBTB11-AS1	ZBTB11-AS1
ZBTB12	ZBTB12
ZBTB14	ZBTB14
ZBTB16	ZBTB16
ZBTB17	ZBTB17
ZBTB18	ZBTB18
ZBTB2	ZBTB2
ZBTB20	ZBTB20
ZBTB20-AS1	ZBTB20-AS1
ZBTB20-AS2	ZBTB20-AS2
ZBTB20-AS3	ZBTB20-AS3
ZBTB20-AS4	ZBTB20-AS4
ZBTB20-AS5	ZBTB20-AS5
ZBTB21	ZBTB21
ZBTB22	ZBTB22
ZBTB24	ZBTB24
ZBTB25	ZBTB25
ZBTB26	ZBTB26
ZBTB3	ZBTB3
ZBTB32	ZBTB32
ZBTB33	ZBTB33
ZBTB34	ZBTB34
ZBTB37	ZBTB37
ZBTB38	ZBTB38
ZBTB39	ZBTB39
ZBTB4	ZBTB4
ZBTB40	ZBTB40
ZBTB41	ZBTB41
ZBTB42	ZBTB42
ZBTB43	ZBTB43
ZBTB44	ZBTB44
ZBTB44-DT	ZBTB44-DT
ZBTB45	ZBTB45
ZBTB46	ZBTB46
ZBTB46-AS1	ZBTB46-AS1
ZBTB47	ZBTB47
ZBTB48	ZBTB48
ZBTB49	ZBTB49
ZBTB5	ZBTB5
ZBTB6	ZBTB6
ZBTB7A	ZBTB7A
ZBTB7B	ZBTB7B
ZBTB7C	ZBTB7C
ZBTB8A	ZBTB8A
ZBTB8B	ZBTB8B
ZBTB8OS	ZBTB8OS
ZBTB9	ZBTB9
ZC2HC1A	ZC2HC1A
ZC2HC1B	ZC2HC1B
ZC2HC1C	ZC2HC1C
ZC3H10	ZC3H10
ZC3H11A	ZC3H11A
ZC3H11B	ZC3H11B
ZC3H12A	ZC3H12A
ZC3H12B	ZC3H12B
ZC3H12C	ZC3H12C
ZC3H12D	ZC3H12D
ZC3H13	ZC3H13
ZC3H14	ZC3H14
ZC3H15	ZC3H15
ZC3H18	ZC3H18
ZC3H3	ZC3H3
ZC3H4	ZC3H4
ZC3H6	ZC3H6
ZC3H7A	ZC3H7A
ZC3H7B	ZC3H7B
ZC3H8	ZC3H8
ZC3HAV1	ZC3HAV1
ZC3HAV1L	ZC3HAV1L
ZC3HC1	ZC3HC1
ZC4H2	ZC4H2
ZCCHC10	ZCCHC10
ZCCHC12	ZCCHC12
ZCCHC14	ZCCHC14
ZCCHC17	ZCCHC17
ZCCHC18	ZCCHC18
ZCCHC2	ZCCHC2
ZCCHC23	ZCCHC23
ZCCHC24	ZCCHC24
ZCCHC3	ZCCHC3
ZCCHC4	ZCCHC4
ZCCHC7	ZCCHC7
ZCCHC8	ZCCHC8
ZCCHC9	ZCCHC9
ZCRB1	ZCRB1
ZCWPW1	ZCWPW1
ZCWPW2	ZCWPW2
ZDBF2	ZDBF2
ZDHHC1	ZDHHC1
ZDHHC11	ZDHHC11
ZDHHC11B	ZDHHC11B
ZDHHC12	ZDHHC12
ZDHHC13	ZDHHC13
ZDHHC14	ZDHHC14
ZDHHC15	ZDHHC15
ZDHHC16	ZDHHC16
ZDHHC17	ZDHHC17
ZDHHC18	ZDHHC18
ZDHHC19	ZDHHC19
ZDHHC2	ZDHHC2
ZDHHC20	ZDHHC20
ZDHHC20-IT1	ZDHHC20-IT1
ZDHHC21	ZDHHC21
ZDHHC22	ZDHHC22
ZDHHC23	ZDHHC23
ZDHHC24	ZDHHC24
ZDHHC3	ZDHHC3
ZDHHC4	ZDHHC4
ZDHHC5	ZDHHC5
ZDHHC6	ZDHHC6
ZDHHC7	ZDHHC7
ZDHHC8	ZDHHC8
ZDHHC9	ZDHHC9
ZEB1	ZEB1
ZEB1-AS1	ZEB1-AS1
ZEB2	ZEB2
ZEB2-AS1	ZEB2-AS1
ZER1	ZER1
ZFAND1	ZFAND1
ZFAND2A	ZFAND2A
ZFAND2B	ZFAND2B
ZFAND3	ZFAND3
ZFAND4	ZFAND4
ZFAND5	ZFAND5
ZFAND6	ZFAND6
ZFAS1	ZFAS1
ZFAT	ZFAT
ZFAT-AS1	ZFAT-AS1
ZFC3H1	ZFC3H1
ZFHX2	ZFHX2
ZFHX2-AS1	ZFHX2-AS1
ZFHX3	ZFHX3
ZFHX4	ZFHX4
ZFHX4-AS1	ZFHX4-AS1
ZFP1	ZFP1
ZFP14	ZFP14
ZFP2	ZFP2
ZFP28	ZFP28
ZFP3	ZFP3
ZFP30	ZFP30
ZFP36	ZFP36
ZFP36L1	ZFP36L1
ZFP36L2	ZFP36L2
ZFP37	ZFP37
ZFP41	ZFP41
ZFP42	ZFP42
ZFP57	ZFP57
ZFP62	ZFP62
ZFP64	ZFP64
ZFP69	ZFP69
ZFP69B	ZFP69B
ZFP82	ZFP82
ZFP90	ZFP90
ZFP91	ZFP91
ZFP91-CNTF	ZFP91-CNTF
ZFP92	ZFP92
ZFPL1	ZFPL1
ZFPM1	ZFPM1
ZFPM2	ZFPM2
ZFPM2-AS1	ZFPM2-AS1
ZFR	ZFR
ZFR2	ZFR2
ZFX	ZFX
ZFX-AS1	ZFX-AS1
ZFY	ZFY
ZFY-AS1	ZFY-AS1
ZFYVE1	ZFYVE1
ZFYVE16	ZFYVE16
ZFYVE19	ZFYVE19
ZFYVE21	ZFYVE21
ZFYVE26	ZFYVE26
ZFYVE27	ZFYVE27
ZFYVE28	ZFYVE28
ZFYVE9	ZFYVE9
ZG16	ZG16
ZG16B	ZG16B
ZGLP1	ZGLP1
ZGPAT	ZGPAT
ZGRF1	ZGRF1
ZHX1	ZHX1
ZHX1-C8orf76	ZHX1-C8orf76
ZHX2	ZHX2
ZHX3	ZHX3
ZIC1	ZIC1
ZIC2	ZIC2
ZIC3	ZIC3
ZIC4	ZIC4
ZIC4-AS1	ZIC4-AS1
ZIC5	ZIC5
ZIK1	ZIK1
ZIM2	ZIM2
ZIM2-AS1	ZIM2-AS1
ZIM3	ZIM3
ZKSCAN1	ZKSCAN1
ZKSCAN2	ZKSCAN2
ZKSCAN2-DT	ZKSCAN2-DT
ZKSCAN3	ZKSCAN3
ZKSCAN4	ZKSCAN4
ZKSCAN5	ZKSCAN5
ZKSCAN7	ZKSCAN7
ZKSCAN7-AS1	ZKSCAN7-AS1
ZKSCAN8	ZKSCAN8
ZMAT1	ZMAT1
ZMAT2	ZMAT2
ZMAT3	ZMAT3
ZMAT4	ZMAT4
ZMAT5	ZMAT5
ZMIZ1	ZMIZ1
ZMIZ1-AS1	ZMIZ1-AS1
ZMIZ2	ZMIZ2
ZMPSTE24	ZMPSTE24
ZMYM1	ZMYM1
ZMYM2	ZMYM2
ZMYM3	ZMYM3
ZMYM4	ZMYM4
ZMYM4-AS1	ZMYM4-AS1
ZMYM5	ZMYM5
ZMYM6	ZMYM6
ZMYND10	ZMYND10
ZMYND10-AS1	ZMYND10-AS1
ZMYND11	ZMYND11
ZMYND12	ZMYND12
ZMYND15	ZMYND15
ZMYND19	ZMYND19
ZMYND8	ZMYND8
ZNF10	ZNF10
ZNF100	ZNF100
ZNF101	ZNF101
ZNF106	ZNF106
ZNF107	ZNF107
ZNF112	ZNF112
ZNF114	ZNF114
ZNF114-AS1	ZNF114-AS1
ZNF117	ZNF117
ZNF12	ZNF12
ZNF121	ZNF121
ZNF124	ZNF124
ZNF131	ZNF131
ZNF132	ZNF132
ZNF133	ZNF133
ZNF134	ZNF134
ZNF135	ZNF135
ZNF136	ZNF136
ZNF138	ZNF138
ZNF14	ZNF14
ZNF140	ZNF140
ZNF141	ZNF141
ZNF142	ZNF142
ZNF143	ZNF143
ZNF146	ZNF146
ZNF148	ZNF148
ZNF154	ZNF154
ZNF155	ZNF155
ZNF157	ZNF157
ZNF16	ZNF16
ZNF160	ZNF160
ZNF165	ZNF165
ZNF169	ZNF169
ZNF17	ZNF17
ZNF174	ZNF174
ZNF175	ZNF175
ZNF177	ZNF177
ZNF18	ZNF18
ZNF180	ZNF180
ZNF181	ZNF181
ZNF182	ZNF182
ZNF184	ZNF184
ZNF185	ZNF185
ZNF189	ZNF189
ZNF19	ZNF19
ZNF195	ZNF195
ZNF197	ZNF197
ZNF197-AS1	ZNF197-AS1
ZNF2	ZNF2
ZNF20	ZNF20
ZNF200	ZNF200
ZNF202	ZNF202
ZNF205	ZNF205
ZNF207	ZNF207
ZNF208	ZNF208
ZNF211	ZNF211
ZNF212	ZNF212
ZNF213	ZNF213
ZNF213-AS1	ZNF213-AS1
ZNF214	ZNF214
ZNF215	ZNF215
ZNF217	ZNF217
ZNF219	ZNF219
ZNF22	ZNF22
ZNF221	ZNF221
ZNF222	ZNF222
ZNF223	ZNF223
ZNF224	ZNF224
ZNF225	ZNF225
ZNF226	ZNF226
ZNF227	ZNF227
ZNF229	ZNF229
ZNF23	ZNF23
ZNF230	ZNF230
ZNF232	ZNF232
ZNF233	ZNF233
ZNF234	ZNF234
ZNF235	ZNF235
ZNF236	ZNF236
ZNF236-DT	ZNF236-DT
ZNF239	ZNF239
ZNF24	ZNF24
ZNF248	ZNF248
ZNF25	ZNF25
ZNF25-DT	ZNF25-DT
ZNF250	ZNF250
ZNF251	ZNF251
ZNF252P-AS1	ZNF252P-AS1
ZNF253	ZNF253
ZNF254	ZNF254
ZNF256	ZNF256
ZNF257	ZNF257
ZNF26	ZNF26
ZNF260	ZNF260
ZNF263	ZNF263
ZNF264	ZNF264
ZNF266	ZNF266
ZNF267	ZNF267
ZNF268	ZNF268
ZNF273	ZNF273
ZNF274	ZNF274
ZNF275	ZNF275
ZNF276	ZNF276
ZNF277	ZNF277
ZNF28	ZNF28
ZNF280A	ZNF280A
ZNF280B	ZNF280B
ZNF280C	ZNF280C
ZNF280D	ZNF280D
ZNF281	ZNF281
ZNF282	ZNF282
ZNF283	ZNF283
ZNF284	ZNF284
ZNF285	ZNF285
ZNF286A	ZNF286A
ZNF286B	ZNF286B
ZNF287	ZNF287
ZNF292	ZNF292
ZNF295-AS1	ZNF295-AS1
ZNF296	ZNF296
ZNF3	ZNF3
ZNF30	ZNF30
ZNF30-AS1	ZNF30-AS1
ZNF300	ZNF300
ZNF302	ZNF302
ZNF304	ZNF304
ZNF311	ZNF311
ZNF316	ZNF316
ZNF317	ZNF317
ZNF318	ZNF318
ZNF319	ZNF319
ZNF32	ZNF32
ZNF32-AS1	ZNF32-AS1
ZNF32-AS2	ZNF32-AS2
ZNF32-AS3	ZNF32-AS3
ZNF320	ZNF320
ZNF322	ZNF322
ZNF324	ZNF324
ZNF324B	ZNF324B
ZNF326	ZNF326
ZNF329	ZNF329
ZNF330	ZNF330
ZNF331	ZNF331
ZNF333	ZNF333
ZNF334	ZNF334
ZNF335	ZNF335
ZNF337	ZNF337
ZNF337-AS1	ZNF337-AS1
ZNF33A	ZNF33A
ZNF33B	ZNF33B
ZNF34	ZNF34
ZNF341	ZNF341
ZNF341-AS1	ZNF341-AS1
ZNF343	ZNF343
ZNF345	ZNF345
ZNF346	ZNF346
ZNF346-IT1	ZNF346-IT1
ZNF347	ZNF347
ZNF35	ZNF35
ZNF350	ZNF350
ZNF350-AS1	ZNF350-AS1
ZNF354A	ZNF354A
ZNF354B	ZNF354B
ZNF354C	ZNF354C
ZNF358	ZNF358
ZNF362	ZNF362
ZNF365	ZNF365
ZNF366	ZNF366
ZNF367	ZNF367
ZNF37A	ZNF37A
ZNF382	ZNF382
ZNF383	ZNF383
ZNF384	ZNF384
ZNF385A	ZNF385A
ZNF385B	ZNF385B
ZNF385C	ZNF385C
ZNF385D	ZNF385D
ZNF385D-AS1	ZNF385D-AS1
ZNF385D-AS2	ZNF385D-AS2
ZNF391	ZNF391
ZNF394	ZNF394
ZNF395	ZNF395
ZNF396	ZNF396
ZNF397	ZNF397
ZNF398	ZNF398
ZNF404	ZNF404
ZNF407	ZNF407
ZNF408	ZNF408
ZNF41	ZNF41
ZNF410	ZNF410
ZNF414	ZNF414
ZNF415	ZNF415
ZNF416	ZNF416
ZNF417	ZNF417
ZNF418	ZNF418
ZNF419	ZNF419
ZNF420	ZNF420
ZNF423	ZNF423
ZNF425	ZNF425
ZNF426	ZNF426
ZNF426-DT	ZNF426-DT
ZNF428	ZNF428
ZNF429	ZNF429
ZNF43	ZNF43
ZNF430	ZNF430
ZNF431	ZNF431
ZNF432	ZNF432
ZNF433	ZNF433
ZNF433-AS1	ZNF433-AS1
ZNF436	ZNF436
ZNF436-AS1	ZNF436-AS1
ZNF438	ZNF438
ZNF439	ZNF439
ZNF44	ZNF44
ZNF440	ZNF440
ZNF441	ZNF441
ZNF442	ZNF442
ZNF443	ZNF443
ZNF444	ZNF444
ZNF445	ZNF445
ZNF446	ZNF446
ZNF449	ZNF449
ZNF45	ZNF45
ZNF451	ZNF451
ZNF451-AS1	ZNF451-AS1
ZNF454	ZNF454
ZNF460	ZNF460
ZNF460-AS1	ZNF460-AS1
ZNF461	ZNF461
ZNF462	ZNF462
ZNF467	ZNF467
ZNF468	ZNF468
ZNF469	ZNF469
ZNF470	ZNF470
ZNF471	ZNF471
ZNF473	ZNF473
ZNF474	ZNF474
ZNF479	ZNF479
ZNF48	ZNF48
ZNF480	ZNF480
ZNF483	ZNF483
ZNF484	ZNF484
ZNF485	ZNF485
ZNF486	ZNF486
ZNF487	ZNF487
ZNF488	ZNF488
ZNF490	ZNF490
ZNF491	ZNF491
ZNF492	ZNF492
ZNF493	ZNF493
ZNF496	ZNF496
ZNF497	ZNF497
ZNF500	ZNF500
ZNF501	ZNF501
ZNF502	ZNF502
ZNF503	ZNF503
ZNF503-AS1	ZNF503-AS1
ZNF503-AS2	ZNF503-AS2
ZNF506	ZNF506
ZNF507	ZNF507
ZNF510	ZNF510
ZNF511	ZNF511
ZNF511-PRAP1	ZNF511-PRAP1
ZNF512	ZNF512
ZNF512B	ZNF512B
ZNF513	ZNF513
ZNF514	ZNF514
ZNF516	ZNF516
ZNF517	ZNF517
ZNF518A	ZNF518A
ZNF518B	ZNF518B
ZNF519	ZNF519
ZNF521	ZNF521
ZNF524	ZNF524
ZNF525	ZNF525
ZNF526	ZNF526
ZNF527	ZNF527
ZNF528	ZNF528
ZNF528-AS1	ZNF528-AS1
ZNF529	ZNF529
ZNF529-AS1	ZNF529-AS1
ZNF530	ZNF530
ZNF532	ZNF532
ZNF534	ZNF534
ZNF536	ZNF536
ZNF540	ZNF540
ZNF541	ZNF541
ZNF543	ZNF543
ZNF544	ZNF544
ZNF546	ZNF546
ZNF547	ZNF547
ZNF548	ZNF548
ZNF549	ZNF549
ZNF550	ZNF550
ZNF551	ZNF551
ZNF552	ZNF552
ZNF554	ZNF554
ZNF555	ZNF555
ZNF556	ZNF556
ZNF557	ZNF557
ZNF558	ZNF558
ZNF559	ZNF559
ZNF559-ZNF177	ZNF559-ZNF177
ZNF560	ZNF560
ZNF561	ZNF561
ZNF561-AS1	ZNF561-AS1
ZNF562	ZNF562
ZNF563	ZNF563
ZNF564	ZNF564
ZNF565	ZNF565
ZNF566	ZNF566
ZNF567	ZNF567
ZNF568	ZNF568
ZNF569	ZNF569
ZNF57	ZNF57
ZNF570	ZNF570
ZNF571	ZNF571
ZNF571-AS1	ZNF571-AS1
ZNF572	ZNF572
ZNF573	ZNF573
ZNF574	ZNF574
ZNF575	ZNF575
ZNF576	ZNF576
ZNF577	ZNF577
ZNF578	ZNF578
ZNF579	ZNF579
ZNF580	ZNF580
ZNF581	ZNF581
ZNF582	ZNF582
ZNF582-AS1	ZNF582-AS1
ZNF583	ZNF583
ZNF584	ZNF584
ZNF585A	ZNF585A
ZNF585B	ZNF585B
ZNF586	ZNF586
ZNF587	ZNF587
ZNF587B	ZNF587B
ZNF589	ZNF589
ZNF592	ZNF592
ZNF593	ZNF593
ZNF594	ZNF594
ZNF595	ZNF595
ZNF596	ZNF596
ZNF597	ZNF597
ZNF598	ZNF598
ZNF599	ZNF599
ZNF600	ZNF600
ZNF605	ZNF605
ZNF606	ZNF606
ZNF607	ZNF607
ZNF608	ZNF608
ZNF609	ZNF609
ZNF610	ZNF610
ZNF611	ZNF611
ZNF613	ZNF613
ZNF614	ZNF614
ZNF615	ZNF615
ZNF616	ZNF616
ZNF618	ZNF618
ZNF619	ZNF619
ZNF620	ZNF620
ZNF621	ZNF621
ZNF622	ZNF622
ZNF623	ZNF623
ZNF624	ZNF624
ZNF625	ZNF625
ZNF625-ZNF20	ZNF625-ZNF20
ZNF626	ZNF626
ZNF627	ZNF627
ZNF628	ZNF628
ZNF629	ZNF629
ZNF630	ZNF630
ZNF630-AS1	ZNF630-AS1
ZNF638	ZNF638
ZNF639	ZNF639
ZNF641	ZNF641
ZNF644	ZNF644
ZNF646	ZNF646
ZNF648	ZNF648
ZNF649	ZNF649
ZNF649-AS1	ZNF649-AS1
ZNF652	ZNF652
ZNF653	ZNF653
ZNF654	ZNF654
ZNF655	ZNF655
ZNF658	ZNF658
ZNF66	ZNF66
ZNF660	ZNF660
ZNF662	ZNF662
ZNF664	ZNF664
ZNF665	ZNF665
ZNF667	ZNF667
ZNF667-AS1	ZNF667-AS1
ZNF668	ZNF668
ZNF669	ZNF669
ZNF670	ZNF670
ZNF670-ZNF695	ZNF670-ZNF695
ZNF671	ZNF671
ZNF672	ZNF672
ZNF674	ZNF674
ZNF674-AS1	ZNF674-AS1
ZNF675	ZNF675
ZNF676	ZNF676
ZNF677	ZNF677
ZNF678	ZNF678
ZNF679	ZNF679
ZNF680	ZNF680
ZNF681	ZNF681
ZNF682	ZNF682
ZNF683	ZNF683
ZNF684	ZNF684
ZNF687	ZNF687
ZNF687-AS1	ZNF687-AS1
ZNF688	ZNF688
ZNF689	ZNF689
ZNF69	ZNF69
ZNF691	ZNF691
ZNF692	ZNF692
ZNF695	ZNF695
ZNF696	ZNF696
ZNF697	ZNF697
ZNF699	ZNF699
ZNF7	ZNF7
ZNF70	ZNF70
ZNF700	ZNF700
ZNF701	ZNF701
ZNF703	ZNF703
ZNF704	ZNF704
ZNF705A	ZNF705A
ZNF705B	ZNF705B
ZNF705D	ZNF705D
ZNF705E	ZNF705E
ZNF705G	ZNF705G
ZNF706	ZNF706
ZNF707	ZNF707
ZNF708	ZNF708
ZNF709	ZNF709
ZNF71	ZNF71
ZNF710	ZNF710
ZNF710-AS1	ZNF710-AS1
ZNF711	ZNF711
ZNF713	ZNF713
ZNF714	ZNF714
ZNF716	ZNF716
ZNF717	ZNF717
ZNF718	ZNF718
ZNF720	ZNF720
ZNF721	ZNF721
ZNF723	ZNF723
ZNF724	ZNF724
ZNF726	ZNF726
ZNF727	ZNF727
ZNF728	ZNF728
ZNF729	ZNF729
ZNF730	ZNF730
ZNF732	ZNF732
ZNF735	ZNF735
ZNF736	ZNF736
ZNF737	ZNF737
ZNF738	ZNF738
ZNF74	ZNF74
ZNF740	ZNF740
ZNF746	ZNF746
ZNF747	ZNF747
ZNF749	ZNF749
ZNF750	ZNF750
ZNF75A	ZNF75A
ZNF75D	ZNF75D
ZNF76	ZNF76
ZNF761	ZNF761
ZNF763	ZNF763
ZNF764	ZNF764
ZNF765	ZNF765
ZNF766	ZNF766
ZNF768	ZNF768
ZNF77	ZNF77
ZNF770	ZNF770
ZNF771	ZNF771
ZNF772	ZNF772
ZNF773	ZNF773
ZNF774	ZNF774
ZNF775	ZNF775
ZNF776	ZNF776
ZNF777	ZNF777
ZNF778	ZNF778
ZNF780A	ZNF780A
ZNF780B	ZNF780B
ZNF781	ZNF781
ZNF782	ZNF782
ZNF783	ZNF783
ZNF784	ZNF784
ZNF785	ZNF785
ZNF786	ZNF786
ZNF787	ZNF787
ZNF788P	ZNF788P
ZNF789	ZNF789
ZNF79	ZNF79
ZNF790	ZNF790
ZNF790-AS1	ZNF790-AS1
ZNF791	ZNF791
ZNF792	ZNF792
ZNF793	ZNF793
ZNF793-AS1	ZNF793-AS1
ZNF799	ZNF799
ZNF8	ZNF8
ZNF80	ZNF80
ZNF800	ZNF800
ZNF804A	ZNF804A
ZNF804B	ZNF804B
ZNF805	ZNF805
ZNF808	ZNF808
ZNF81	ZNF81
ZNF813	ZNF813
ZNF814	ZNF814
ZNF816	ZNF816
ZNF821	ZNF821
ZNF823	ZNF823
ZNF827	ZNF827
ZNF829	ZNF829
ZNF83	ZNF83
ZNF830	ZNF830
ZNF831	ZNF831
ZNF835	ZNF835
ZNF836	ZNF836
ZNF837	ZNF837
ZNF839	ZNF839
ZNF84	ZNF84
ZNF84-DT	ZNF84-DT
ZNF841	ZNF841
ZNF843	ZNF843
ZNF844	ZNF844
ZNF845	ZNF845
ZNF846	ZNF846
ZNF85	ZNF85
ZNF850	ZNF850
ZNF852	ZNF852
ZNF853	ZNF853
ZNF860	ZNF860
ZNF862	ZNF862
ZNF865	ZNF865
ZNF875	ZNF875
ZNF878	ZNF878
ZNF879	ZNF879
ZNF880	ZNF880
ZNF883	ZNF883
ZNF888	ZNF888
ZNF891	ZNF891
ZNF90	ZNF90
ZNF91	ZNF91
ZNF92	ZNF92
ZNF93	ZNF93
ZNF98	ZNF98
ZNF99	ZNF99
ZNFX1	ZNFX1
ZNHIT1	ZNHIT1
ZNHIT2	ZNHIT2
ZNHIT3	ZNHIT3
ZNHIT6	ZNHIT6
ZNRD1	ZNRD1
ZNRD2	ZNRD2
ZNRF1	ZNRF1
ZNRF2	ZNRF2
ZNRF3	ZNRF3
ZNRF3-AS1	ZNRF3-AS1
ZNRF3-IT1	ZNRF3-IT1
ZNRF4	ZNRF4
ZP1	ZP1
ZP2	ZP2
ZP3	ZP3
ZP4	ZP4
ZPBP	ZPBP
ZPBP2	ZPBP2
ZPLD1	ZPLD1
ZPR1	ZPR1
ZRANB1	ZRANB1
ZRANB2	ZRANB2
ZRANB2-AS1	ZRANB2-AS1
ZRANB2-AS2	ZRANB2-AS2
ZRANB3	ZRANB3
ZRSR2	ZRSR2
ZSCAN1	ZSCAN1
ZSCAN10	ZSCAN10
ZSCAN12	ZSCAN12
ZSCAN16	ZSCAN16
ZSCAN16-AS1	ZSCAN16-AS1
ZSCAN18	ZSCAN18
ZSCAN2	ZSCAN2
ZSCAN20	ZSCAN20
ZSCAN21	ZSCAN21
ZSCAN22	ZSCAN22
ZSCAN23	ZSCAN23
ZSCAN25	ZSCAN25
ZSCAN26	ZSCAN26
ZSCAN29	ZSCAN29
ZSCAN30	ZSCAN30
ZSCAN31	ZSCAN31
ZSCAN32	ZSCAN32
ZSCAN4	ZSCAN4
ZSCAN5A	ZSCAN5A
ZSCAN5B	ZSCAN5B
ZSCAN5C	ZSCAN5C
ZSCAN9	ZSCAN9
ZSWIM1	ZSWIM1
ZSWIM2	ZSWIM2
ZSWIM3	ZSWIM3
ZSWIM4	ZSWIM4
ZSWIM5	ZSWIM5
ZSWIM6	ZSWIM6
ZSWIM7	ZSWIM7
ZSWIM8	ZSWIM8
ZSWIM8-AS1	ZSWIM8-AS1
ZSWIM9	ZSWIM9
ZUP1	ZUP1
ZW10	ZW10
ZWILCH	ZWILCH
ZWINT	ZWINT
ZXDA	ZXDA
ZXDB	ZXDB
ZXDC	ZXDC
ZYG11A	ZYG11A
ZYG11B	ZYG11B
ZYX	ZYX
ZZEF1	ZZEF1
