	gene_symbol
A1BG	A1BG
A2M	A2M
AAAS	AAAS
AACS	AACS
AAGAB	AAGAB
AAK1	AAK1
AAMDC	AAMDC
AAMP	AAMP
AAR2	AAR2
AARS	AARS
AARS2	AARS2
AASDH	AASDH
AASDHPPT	AASDHPPT
AASS	AASS
AATF	AATF
ABAT	ABAT
ABCA1	ABCA1
ABCA10	ABCA10
ABCA2	ABCA2
ABCA3	ABCA3
ABCA5	ABCA5
ABCA6	ABCA6
ABCA7	ABCA7
ABCB1	ABCB1
ABCB10	ABCB10
ABCB4	ABCB4
ABCB6	ABCB6
ABCB7	ABCB7
ABCB8	ABCB8
ABCC1	ABCC1
ABCC10	ABCC10
ABCC3	ABCC3
ABCC4	ABCC4
ABCC5	ABCC5
ABCC6	ABCC6
ABCD1	ABCD1
ABCD2	ABCD2
ABCD3	ABCD3
ABCD4	ABCD4
ABCE1	ABCE1
ABCF1	ABCF1
ABCF2	ABCF2
ABCF3	ABCF3
ABCG1	ABCG1
ABCG8	ABCG8
ABHD1	ABHD1
ABHD10	ABHD10
ABHD11	ABHD11
ABHD12	ABHD12
ABHD13	ABHD13
ABHD14A	ABHD14A
ABHD14A-ACY1	ABHD14A-ACY1
ABHD15	ABHD15
ABHD16A	ABHD16A
ABHD17A	ABHD17A
ABHD17B	ABHD17B
ABHD18	ABHD18
ABHD2	ABHD2
ABHD3	ABHD3
ABHD4	ABHD4
ABHD5	ABHD5
ABHD6	ABHD6
ABHD8	ABHD8
ABI1	ABI1
ABI2	ABI2
ABI3	ABI3
ABL1	ABL1
ABL2	ABL2
ABLIM1	ABLIM1
ABO	ABO
ABR	ABR
ABRACL	ABRACL
ABRAXAS1	ABRAXAS1
ABRAXAS2	ABRAXAS2
ABT1	ABT1
ABTB1	ABTB1
ACAA1	ACAA1
ACAA2	ACAA2
ACACA	ACACA
ACACB	ACACB
ACAD10	ACAD10
ACAD11	ACAD11
ACAD8	ACAD8
ACAD9	ACAD9
ACADM	ACADM
ACADS	ACADS
ACADSB	ACADSB
ACADVL	ACADVL
ACAP1	ACAP1
ACAP2	ACAP2
ACAP3	ACAP3
ACAT1	ACAT1
ACAT2	ACAT2
ACBD3	ACBD3
ACBD4	ACBD4
ACBD5	ACBD5
ACBD6	ACBD6
ACCS	ACCS
ACD	ACD
ACE	ACE
ACER2	ACER2
ACER3	ACER3
ACIN1	ACIN1
ACLY	ACLY
ACO1	ACO1
ACO2	ACO2
ACOT1	ACOT1
ACOT13	ACOT13
ACOT2	ACOT2
ACOT4	ACOT4
ACOT7	ACOT7
ACOT8	ACOT8
ACOT9	ACOT9
ACOX1	ACOX1
ACOX3	ACOX3
ACOXL	ACOXL
ACP1	ACP1
ACP2	ACP2
ACP5	ACP5
ACP6	ACP6
ACPP	ACPP
ACRBP	ACRBP
ACSF2	ACSF2
ACSF3	ACSF3
ACSL1	ACSL1
ACSL3	ACSL3
ACSL4	ACSL4
ACSL5	ACSL5
ACSM3	ACSM3
ACSS1	ACSS1
ACSS2	ACSS2
ACTA1	ACTA1
ACTA2	ACTA2
ACTB	ACTB
ACTG1	ACTG1
ACTL10	ACTL10
ACTL6A	ACTL6A
ACTN1	ACTN1
ACTN4	ACTN4
ACTR10	ACTR10
ACTR1A	ACTR1A
ACTR1B	ACTR1B
ACTR2	ACTR2
ACTR3	ACTR3
ACTR3B	ACTR3B
ACTR3C	ACTR3C
ACTR5	ACTR5
ACTR6	ACTR6
ACTR8	ACTR8
ACVR1	ACVR1
ACVR1B	ACVR1B
ACVR1C	ACVR1C
ACVR2A	ACVR2A
ACVR2B	ACVR2B
ACYP1	ACYP1
ACYP2	ACYP2
ADA	ADA
ADA2	ADA2
ADAL	ADAL
ADAM10	ADAM10
ADAM12	ADAM12
ADAM15	ADAM15
ADAM17	ADAM17
ADAM19	ADAM19
ADAM22	ADAM22
ADAM28	ADAM28
ADAM8	ADAM8
ADAM9	ADAM9
ADAMTS1	ADAMTS1
ADAMTS10	ADAMTS10
ADAMTS6	ADAMTS6
ADAMTSL4	ADAMTSL4
ADAMTSL5	ADAMTSL5
ADAP1	ADAP1
ADAP2	ADAP2
ADAR	ADAR
ADARB1	ADARB1
ADAT1	ADAT1
ADAT2	ADAT2
ADCK1	ADCK1
ADCK2	ADCK2
ADCK5	ADCK5
ADCY10	ADCY10
ADCY4	ADCY4
ADCY7	ADCY7
ADCY9	ADCY9
ADD1	ADD1
ADD2	ADD2
ADD3	ADD3
ADGRE1	ADGRE1
ADGRE2	ADGRE2
ADGRE3	ADGRE3
ADGRE5	ADGRE5
ADGRG1	ADGRG1
ADGRG5	ADGRG5
ADGRL1	ADGRL1
ADH5	ADH5
ADHFE1	ADHFE1
ADI1	ADI1
ADIPOR1	ADIPOR1
ADIPOR2	ADIPOR2
ADK	ADK
ADM	ADM
ADNP	ADNP
ADNP2	ADNP2
ADO	ADO
ADPGK	ADPGK
ADPRH	ADPRH
ADPRHL2	ADPRHL2
ADPRM	ADPRM
ADRB2	ADRB2
ADRM1	ADRM1
ADSL	ADSL
ADSS	ADSS
ADSSL1	ADSSL1
ADTRP	ADTRP
AEBP1	AEBP1
AEBP2	AEBP2
AEN	AEN
AES	AES
AFAP1	AFAP1
AFAP1L2	AFAP1L2
AFDN	AFDN
AFF1	AFF1
AFF3	AFF3
AFF4	AFF4
AFG1L	AFG1L
AFG3L2	AFG3L2
AFMID	AFMID
AFTPH	AFTPH
AGA	AGA
AGAP1	AGAP1
AGAP2	AGAP2
AGAP3	AGAP3
AGAP4	AGAP4
AGAP5	AGAP5
AGAP6	AGAP6
AGAP9	AGAP9
AGBL2	AGBL2
AGBL3	AGBL3
AGBL4	AGBL4
AGBL5	AGBL5
AGER	AGER
AGFG1	AGFG1
AGFG2	AGFG2
AGGF1	AGGF1
AGK	AGK
AGL	AGL
AGMAT	AGMAT
AGO1	AGO1
AGO2	AGO2
AGO3	AGO3
AGO4	AGO4
AGPAT1	AGPAT1
AGPAT2	AGPAT2
AGPAT3	AGPAT3
AGPAT4	AGPAT4
AGPAT5	AGPAT5
AGPS	AGPS
AGTPBP1	AGTPBP1
AGTRAP	AGTRAP
AHCTF1	AHCTF1
AHCY	AHCY
AHCYL1	AHCYL1
AHCYL2	AHCYL2
AHDC1	AHDC1
AHI1	AHI1
AHNAK	AHNAK
AHR	AHR
AHSA1	AHSA1
AIDA	AIDA
AIF1	AIF1
AIFM1	AIFM1
AIFM2	AIFM2
AIFM3	AIFM3
AIG1	AIG1
AIM2	AIM2
AIMP1	AIMP1
AIMP2	AIMP2
AIP	AIP
AK1	AK1
AK2	AK2
AK3	AK3
AK5	AK5
AK6	AK6
AK8	AK8
AK9	AK9
AKAP1	AKAP1
AKAP10	AKAP10
AKAP11	AKAP11
AKAP13	AKAP13
AKAP17A	AKAP17A
AKAP5	AKAP5
AKAP7	AKAP7
AKAP8	AKAP8
AKAP8L	AKAP8L
AKAP9	AKAP9
AKIP1	AKIP1
AKIRIN1	AKIRIN1
AKIRIN2	AKIRIN2
AKNA	AKNA
AKR1A1	AKR1A1
AKR1B1	AKR1B1
AKR1C1	AKR1C1
AKR1C3	AKR1C3
AKR7A2	AKR7A2
AKR7A3	AKR7A3
AKT1	AKT1
AKT2	AKT2
AKT3	AKT3
AKTIP	AKTIP
ALAD	ALAD
ALAS1	ALAS1
ALCAM	ALCAM
ALDH16A1	ALDH16A1
ALDH18A1	ALDH18A1
ALDH1A1	ALDH1A1
ALDH1B1	ALDH1B1
ALDH2	ALDH2
ALDH3A2	ALDH3A2
ALDH3B1	ALDH3B1
ALDH5A1	ALDH5A1
ALDH6A1	ALDH6A1
ALDH9A1	ALDH9A1
ALG10	ALG10
ALG10B	ALG10B
ALG11	ALG11
ALG12	ALG12
ALG13	ALG13
ALG14	ALG14
ALG2	ALG2
ALG3	ALG3
ALG5	ALG5
ALG6	ALG6
ALG8	ALG8
ALG9	ALG9
ALK	ALK
ALKBH1	ALKBH1
ALKBH2	ALKBH2
ALKBH3	ALKBH3
ALKBH4	ALKBH4
ALKBH5	ALKBH5
ALKBH7	ALKBH7
ALKBH8	ALKBH8
ALMS1	ALMS1
ALOX12	ALOX12
ALOX5	ALOX5
ALOX5AP	ALOX5AP
ALPK1	ALPK1
ALS2	ALS2
ALS2CL	ALS2CL
ALS2CR12	ALS2CR12
ALYREF	ALYREF
AMACR	AMACR
AMBRA1	AMBRA1
AMD1	AMD1
AMDHD1	AMDHD1
AMDHD2	AMDHD2
AMER1	AMER1
AMFR	AMFR
AMIGO1	AMIGO1
AMIGO2	AMIGO2
AMMECR1	AMMECR1
AMMECR1L	AMMECR1L
AMN1	AMN1
AMPD2	AMPD2
AMPD3	AMPD3
AMPH	AMPH
AMT	AMT
AMY2B	AMY2B
AMZ2	AMZ2
ANAPC1	ANAPC1
ANAPC10	ANAPC10
ANAPC11	ANAPC11
ANAPC13	ANAPC13
ANAPC15	ANAPC15
ANAPC16	ANAPC16
ANAPC2	ANAPC2
ANAPC4	ANAPC4
ANAPC5	ANAPC5
ANAPC7	ANAPC7
ANGEL2	ANGEL2
ANGPT1	ANGPT1
ANGPT2	ANGPT2
ANGPTL1	ANGPTL1
ANK1	ANK1
ANK3	ANK3
ANKAR	ANKAR
ANKDD1A	ANKDD1A
ANKEF1	ANKEF1
ANKFY1	ANKFY1
ANKH	ANKH
ANKHD1	ANKHD1
ANKHD1-EIF4EBP3	ANKHD1-EIF4EBP3
ANKIB1	ANKIB1
ANKLE2	ANKLE2
ANKMY1	ANKMY1
ANKMY2	ANKMY2
ANKRA2	ANKRA2
ANKRD10	ANKRD10
ANKRD11	ANKRD11
ANKRD12	ANKRD12
ANKRD13A	ANKRD13A
ANKRD13C	ANKRD13C
ANKRD13D	ANKRD13D
ANKRD16	ANKRD16
ANKRD17	ANKRD17
ANKRD18A	ANKRD18A
ANKRD18B	ANKRD18B
ANKRD23	ANKRD23
ANKRD26	ANKRD26
ANKRD27	ANKRD27
ANKRD28	ANKRD28
ANKRD31	ANKRD31
ANKRD35	ANKRD35
ANKRD36	ANKRD36
ANKRD36B	ANKRD36B
ANKRD36C	ANKRD36C
ANKRD37	ANKRD37
ANKRD40	ANKRD40
ANKRD42	ANKRD42
ANKRD44	ANKRD44
ANKRD46	ANKRD46
ANKRD49	ANKRD49
ANKRD50	ANKRD50
ANKRD52	ANKRD52
ANKRD54	ANKRD54
ANKRD55	ANKRD55
ANKRD6	ANKRD6
ANKS1A	ANKS1A
ANKS3	ANKS3
ANKUB1	ANKUB1
ANKZF1	ANKZF1
ANO10	ANO10
ANO6	ANO6
ANO9	ANO9
ANP32A	ANP32A
ANP32B	ANP32B
ANP32E	ANP32E
ANPEP	ANPEP
ANTXR2	ANTXR2
ANXA1	ANXA1
ANXA11	ANXA11
ANXA2	ANXA2
ANXA4	ANXA4
ANXA5	ANXA5
ANXA6	ANXA6
ANXA7	ANXA7
AOAH	AOAH
AP1AR	AP1AR
AP1B1	AP1B1
AP1G1	AP1G1
AP1G2	AP1G2
AP1M1	AP1M1
AP1S1	AP1S1
AP1S2	AP1S2
AP1S3	AP1S3
AP2A1	AP2A1
AP2A2	AP2A2
AP2B1	AP2B1
AP2M1	AP2M1
AP2S1	AP2S1
AP3B1	AP3B1
AP3D1	AP3D1
AP3M1	AP3M1
AP3M2	AP3M2
AP3S1	AP3S1
AP3S2	AP3S2
AP4B1	AP4B1
AP4E1	AP4E1
AP4M1	AP4M1
AP4S1	AP4S1
AP5B1	AP5B1
AP5M1	AP5M1
AP5Z1	AP5Z1
APAF1	APAF1
APBA2	APBA2
APBA3	APBA3
APBB1	APBB1
APBB1IP	APBB1IP
APBB3	APBB3
APC	APC
APEH	APEH
APEX1	APEX1
APEX2	APEX2
APH1A	APH1A
APH1B	APH1B
API5	API5
APIP	APIP
APLF	APLF
APLP2	APLP2
APMAP	APMAP
APOBEC2	APOBEC2
APOBEC3A	APOBEC3A
APOBEC3C	APOBEC3C
APOBEC3F	APOBEC3F
APOBEC3G	APOBEC3G
APOBEC3H	APOBEC3H
APOBR	APOBR
APOL1	APOL1
APOL2	APOL2
APOL3	APOL3
APOL6	APOL6
APOLD1	APOLD1
APOM	APOM
APOO	APOO
APOOL	APOOL
APP	APP
APPBP2	APPBP2
APPL1	APPL1
APPL2	APPL2
APRT	APRT
APTR	APTR
APTX	APTX
AQP11	AQP11
AQP3	AQP3
AQP9	AQP9
AQR	AQR
ARAF	ARAF
ARAP1	ARAP1
ARAP2	ARAP2
ARAP3	ARAP3
ARCN1	ARCN1
AREG	AREG
AREL1	AREL1
ARF1	ARF1
ARF4	ARF4
ARF5	ARF5
ARF6	ARF6
ARFGAP1	ARFGAP1
ARFGAP2	ARFGAP2
ARFGAP3	ARFGAP3
ARFGEF1	ARFGEF1
ARFGEF2	ARFGEF2
ARFIP1	ARFIP1
ARFIP2	ARFIP2
ARFRP1	ARFRP1
ARG2	ARG2
ARGLU1	ARGLU1
ARHGAP1	ARHGAP1
ARHGAP10	ARHGAP10
ARHGAP11A	ARHGAP11A
ARHGAP12	ARHGAP12
ARHGAP15	ARHGAP15
ARHGAP17	ARHGAP17
ARHGAP18	ARHGAP18
ARHGAP19-SLIT1	ARHGAP19-SLIT1
ARHGAP21	ARHGAP21
ARHGAP22	ARHGAP22
ARHGAP24	ARHGAP24
ARHGAP25	ARHGAP25
ARHGAP26	ARHGAP26
ARHGAP27	ARHGAP27
ARHGAP29	ARHGAP29
ARHGAP30	ARHGAP30
ARHGAP31	ARHGAP31
ARHGAP32	ARHGAP32
ARHGAP33	ARHGAP33
ARHGAP35	ARHGAP35
ARHGAP4	ARHGAP4
ARHGAP45	ARHGAP45
ARHGAP5	ARHGAP5
ARHGAP6	ARHGAP6
ARHGAP9	ARHGAP9
ARHGDIA	ARHGDIA
ARHGDIB	ARHGDIB
ARHGEF1	ARHGEF1
ARHGEF10L	ARHGEF10L
ARHGEF11	ARHGEF11
ARHGEF12	ARHGEF12
ARHGEF19	ARHGEF19
ARHGEF2	ARHGEF2
ARHGEF26	ARHGEF26
ARHGEF3	ARHGEF3
ARHGEF35	ARHGEF35
ARHGEF37	ARHGEF37
ARHGEF38	ARHGEF38
ARHGEF39	ARHGEF39
ARHGEF40	ARHGEF40
ARHGEF5	ARHGEF5
ARHGEF6	ARHGEF6
ARHGEF7	ARHGEF7
ARHGEF9	ARHGEF9
ARID1A	ARID1A
ARID1B	ARID1B
ARID2	ARID2
ARID3A	ARID3A
ARID3B	ARID3B
ARID4A	ARID4A
ARID4B	ARID4B
ARID5A	ARID5A
ARID5B	ARID5B
ARIH1	ARIH1
ARIH2	ARIH2
ARIH2OS	ARIH2OS
ARL1	ARL1
ARL10	ARL10
ARL11	ARL11
ARL13B	ARL13B
ARL14EP	ARL14EP
ARL15	ARL15
ARL16	ARL16
ARL17A	ARL17A
ARL17B	ARL17B
ARL2	ARL2
ARL2-SNX15	ARL2-SNX15
ARL2BP	ARL2BP
ARL3	ARL3
ARL4A	ARL4A
ARL4C	ARL4C
ARL4D	ARL4D
ARL5A	ARL5A
ARL5B	ARL5B
ARL6	ARL6
ARL6IP5	ARL6IP5
ARL6IP6	ARL6IP6
ARL8A	ARL8A
ARL8B	ARL8B
ARMC1	ARMC1
ARMC10	ARMC10
ARMC2	ARMC2
ARMC5	ARMC5
ARMC6	ARMC6
ARMC7	ARMC7
ARMC8	ARMC8
ARMC9	ARMC9
ARMCX1	ARMCX1
ARMCX3	ARMCX3
ARMCX4	ARMCX4
ARMCX5	ARMCX5
ARMCX6	ARMCX6
ARMH1	ARMH1
ARMH3	ARMH3
ARMH4	ARMH4
ARMT1	ARMT1
ARNT	ARNT
ARNTL	ARNTL
ARNTL2	ARNTL2
ARPC2	ARPC2
ARPC4	ARPC4
ARPC4-TTLL3	ARPC4-TTLL3
ARPC5	ARPC5
ARPC5L	ARPC5L
ARPIN-AP3S2	ARPIN-AP3S2
ARPP19	ARPP19
ARRB1	ARRB1
ARRB2	ARRB2
ARRDC1	ARRDC1
ARRDC2	ARRDC2
ARRDC3	ARRDC3
ARRDC3-AS1	ARRDC3-AS1
ARRDC4	ARRDC4
ARRDC5	ARRDC5
ARSA	ARSA
ARSB	ARSB
ARSD	ARSD
ARSG	ARSG
ARSK	ARSK
ARV1	ARV1
ASAH1	ASAH1
ASAP1	ASAP1
ASB1	ASB1
ASB13	ASB13
ASB14	ASB14
ASB15	ASB15
ASB2	ASB2
ASB3	ASB3
ASB6	ASB6
ASB7	ASB7
ASB8	ASB8
ASCC1	ASCC1
ASCC2	ASCC2
ASCC3	ASCC3
ASCL2	ASCL2
ASF1A	ASF1A
ASF1B	ASF1B
ASGR1	ASGR1
ASGR2	ASGR2
ASH1L	ASH1L
ASH2L	ASH2L
ASIC2	ASIC2
ASL	ASL
ASMTL	ASMTL
ASNA1	ASNA1
ASNSD1	ASNSD1
ASPH	ASPH
ASPHD2	ASPHD2
ASPSCR1	ASPSCR1
ASRGL1	ASRGL1
ASTE1	ASTE1
ASTN2	ASTN2
ASXL1	ASXL1
ASXL2	ASXL2
ATAD1	ATAD1
ATAD2	ATAD2
ATAD2B	ATAD2B
ATAD3A	ATAD3A
ATAD3B	ATAD3B
ATAD5	ATAD5
ATAT1	ATAT1
ATE1	ATE1
ATF1	ATF1
ATF2	ATF2
ATF3	ATF3
ATF4	ATF4
ATF5	ATF5
ATF6	ATF6
ATF6B	ATF6B
ATF7IP	ATF7IP
ATF7IP2	ATF7IP2
ATG10	ATG10
ATG101	ATG101
ATG12	ATG12
ATG13	ATG13
ATG14	ATG14
ATG16L1	ATG16L1
ATG16L2	ATG16L2
ATG2A	ATG2A
ATG2B	ATG2B
ATG3	ATG3
ATG4A	ATG4A
ATG4B	ATG4B
ATG4C	ATG4C
ATG4D	ATG4D
ATG5	ATG5
ATG7	ATG7
ATG9A	ATG9A
ATG9B	ATG9B
ATIC	ATIC
ATL1	ATL1
ATL2	ATL2
ATL3	ATL3
ATM	ATM
ATMIN	ATMIN
ATN1	ATN1
ATOX1	ATOX1
ATP10A	ATP10A
ATP10D	ATP10D
ATP11A	ATP11A
ATP11B	ATP11B
ATP11C	ATP11C
ATP13A1	ATP13A1
ATP13A2	ATP13A2
ATP13A3	ATP13A3
ATP1A1	ATP1A1
ATP1B1	ATP1B1
ATP1B3	ATP1B3
ATP23	ATP23
ATP2A2	ATP2A2
ATP2A3	ATP2A3
ATP2B1	ATP2B1
ATP2B1-AS1	ATP2B1-AS1
ATP2B4	ATP2B4
ATP2C1	ATP2C1
ATP5F1A	ATP5F1A
ATP5F1B	ATP5F1B
ATP5F1C	ATP5F1C
ATP5F1D	ATP5F1D
ATP5F1E	ATP5F1E
ATP5IF1	ATP5IF1
ATP5MC1	ATP5MC1
ATP5MC2	ATP5MC2
ATP5MC3	ATP5MC3
ATP5MD	ATP5MD
ATP5ME	ATP5ME
ATP5MG	ATP5MG
ATP5MPL	ATP5MPL
ATP5PB	ATP5PB
ATP5PD	ATP5PD
ATP5PF	ATP5PF
ATP6AP1	ATP6AP1
ATP6AP1L	ATP6AP1L
ATP6AP2	ATP6AP2
ATP6V0A1	ATP6V0A1
ATP6V0A2	ATP6V0A2
ATP6V0B	ATP6V0B
ATP6V0D1	ATP6V0D1
ATP6V0D2	ATP6V0D2
ATP6V0E1	ATP6V0E1
ATP6V0E2	ATP6V0E2
ATP6V1A	ATP6V1A
ATP6V1B2	ATP6V1B2
ATP6V1C1	ATP6V1C1
ATP6V1D	ATP6V1D
ATP6V1E1	ATP6V1E1
ATP6V1E2	ATP6V1E2
ATP6V1F	ATP6V1F
ATP6V1G1	ATP6V1G1
ATP6V1G2-DDX39B	ATP6V1G2-DDX39B
ATP6V1H	ATP6V1H
ATP7A	ATP7A
ATP8A1	ATP8A1
ATP8B1	ATP8B1
ATP8B2	ATP8B2
ATP8B3	ATP8B3
ATP8B4	ATP8B4
ATP9A	ATP9A
ATP9B	ATP9B
ATPAF1	ATPAF1
ATPAF2	ATPAF2
ATPSCKMT	ATPSCKMT
ATR	ATR
ATRAID	ATRAID
ATRIP	ATRIP
ATRN	ATRN
ATRX	ATRX
ATXN1	ATXN1
ATXN10	ATXN10
ATXN1L	ATXN1L
ATXN2	ATXN2
ATXN2L	ATXN2L
ATXN3	ATXN3
ATXN7	ATXN7
ATXN7L1	ATXN7L1
ATXN7L2	ATXN7L2
ATXN7L3	ATXN7L3
ATXN7L3B	ATXN7L3B
AUH	AUH
AUP1	AUP1
AURKA	AURKA
AURKAIP1	AURKAIP1
AUTS2	AUTS2
AVIL	AVIL
AVL9	AVL9
AVPI1	AVPI1
AXIN1	AXIN1
AXIN2	AXIN2
AXL	AXL
AZI2	AZI2
AZIN1	AZIN1
AZU1	AZU1
B2M	B2M
B3GALNT2	B3GALNT2
B3GALT4	B3GALT4
B3GALT6	B3GALT6
B3GAT1	B3GAT1
B3GAT2	B3GAT2
B3GAT3	B3GAT3
B3GLCT	B3GLCT
B3GNT10	B3GNT10
B3GNT2	B3GNT2
B3GNT5	B3GNT5
B3GNT7	B3GNT7
B3GNT8	B3GNT8
B3GNTL1	B3GNTL1
B4GALNT3	B4GALNT3
B4GALT1	B4GALT1
B4GALT3	B4GALT3
B4GALT4	B4GALT4
B4GALT5	B4GALT5
B4GALT7	B4GALT7
B4GAT1	B4GAT1
B9D2	B9D2
BABAM1	BABAM1
BABAM2	BABAM2
BACE1	BACE1
BACE2	BACE2
BACH1	BACH1
BACH2	BACH2
BAD	BAD
BAG1	BAG1
BAG2	BAG2
BAG3	BAG3
BAG4	BAG4
BAG5	BAG5
BAG6	BAG6
BAHD1	BAHD1
BAIAP2	BAIAP2
BAIAP2-DT	BAIAP2-DT
BAIAP2L1	BAIAP2L1
BAK1	BAK1
BANF1	BANF1
BANK1	BANK1
BANP	BANP
BAP1	BAP1
BARD1	BARD1
BASP1	BASP1
BATF	BATF
BATF3	BATF3
BAX	BAX
BAZ1A	BAZ1A
BAZ1B	BAZ1B
BAZ2A	BAZ2A
BAZ2B	BAZ2B
BBC3	BBC3
BBIP1	BBIP1
BBOF1	BBOF1
BBS2	BBS2
BBS4	BBS4
BBS7	BBS7
BBS9	BBS9
BBX	BBX
BCAP29	BCAP29
BCAP31	BCAP31
BCAR3	BCAR3
BCAS2	BCAS2
BCAS3	BCAS3
BCAS4	BCAS4
BCAT1	BCAT1
BCAT2	BCAT2
BCCIP	BCCIP
BCDIN3D	BCDIN3D
BCKDHB	BCKDHB
BCKDK	BCKDK
BCL10	BCL10
BCL11A	BCL11A
BCL11B	BCL11B
BCL2	BCL2
BCL2A1	BCL2A1
BCL2L1	BCL2L1
BCL2L11	BCL2L11
BCL2L12	BCL2L12
BCL2L13	BCL2L13
BCL2L14	BCL2L14
BCL2L2	BCL2L2
BCL2L2-PABPN1	BCL2L2-PABPN1
BCL3	BCL3
BCL6	BCL6
BCL7A	BCL7A
BCL7B	BCL7B
BCL7C	BCL7C
BCL9	BCL9
BCL9L	BCL9L
BCLAF1	BCLAF1
BCLAF3	BCLAF3
BCOR	BCOR
BCORL1	BCORL1
BCR	BCR
BCS1L	BCS1L
BDH1	BDH1
BDP1	BDP1
BECN1	BECN1
BEGAIN	BEGAIN
BEND6	BEND6
BEST1	BEST1
BET1	BET1
BET1L	BET1L
BEX1	BEX1
BEX2	BEX2
BEX3	BEX3
BEX4	BEX4
BEX5	BEX5
BFAR	BFAR
BHLHB9	BHLHB9
BHLHE40	BHLHE40
BICC1	BICC1
BICD1	BICD1
BICD2	BICD2
BICDL1	BICDL1
BICRAL	BICRAL
BID	BID
BIK	BIK
BIN1	BIN1
BIN2	BIN2
BIN3	BIN3
BIRC2	BIRC2
BIRC3	BIRC3
BIRC6	BIRC6
BISPR	BISPR
BIVM	BIVM
BIVM-ERCC5	BIVM-ERCC5
BLCAP	BLCAP
BLK	BLK
BLM	BLM
BLMH	BLMH
BLNK	BLNK
BLOC1S2	BLOC1S2
BLOC1S4	BLOC1S4
BLOC1S5-TXNDC5	BLOC1S5-TXNDC5
BLOC1S6	BLOC1S6
BLVRA	BLVRA
BLVRB	BLVRB
BLZF1	BLZF1
BMF	BMF
BMP2K	BMP2K
BMPR1A	BMPR1A
BMPR2	BMPR2
BMS1	BMS1
BMT2	BMT2
BNC2	BNC2
BNIP1	BNIP1
BNIP2	BNIP2
BNIP3	BNIP3
BNIP3L	BNIP3L
BNIPL	BNIPL
BOD1	BOD1
BOD1L1	BOD1L1
BOK	BOK
BOLA1	BOLA1
BOLA2	BOLA2
BOLA2B	BOLA2B
BOLA3	BOLA3
BOLL	BOLL
BOP1	BOP1
BORCS5	BORCS5
BORCS6	BORCS6
BORCS7	BORCS7
BORCS7-ASMT	BORCS7-ASMT
BORCS8-MEF2B	BORCS8-MEF2B
BPGM	BPGM
BPHL	BPHL
BPI	BPI
BPNT1	BPNT1
BPTF	BPTF
BRAF	BRAF
BRAP	BRAP
BRAT1	BRAT1
BRCA1	BRCA1
BRCA2	BRCA2
BRCC3	BRCC3
BRD1	BRD1
BRD2	BRD2
BRD3	BRD3
BRD3OS	BRD3OS
BRD4	BRD4
BRD7	BRD7
BRD8	BRD8
BRD9	BRD9
BRF1	BRF1
BRI3	BRI3
BRI3BP	BRI3BP
BRICD5	BRICD5
BRIP1	BRIP1
BRIX1	BRIX1
BRK1	BRK1
BRMS1	BRMS1
BRMS1L	BRMS1L
BROX	BROX
BRPF1	BRPF1
BRPF3	BRPF3
BRSK2	BRSK2
BRWD1	BRWD1
BRWD3	BRWD3
BSDC1	BSDC1
BSG	BSG
BST1	BST1
BST2	BST2
BTAF1	BTAF1
BTBD1	BTBD1
BTBD10	BTBD10
BTBD11	BTBD11
BTBD19	BTBD19
BTBD2	BTBD2
BTBD3	BTBD3
BTBD6	BTBD6
BTBD7	BTBD7
BTBD8	BTBD8
BTBD9	BTBD9
BTD	BTD
BTF3	BTF3
BTF3L4	BTF3L4
BTG1	BTG1
BTG2	BTG2
BTG3	BTG3
BTK	BTK
BTLA	BTLA
BTN2A1	BTN2A1
BTN2A2	BTN2A2
BTN3A1	BTN3A1
BTN3A2	BTN3A2
BTN3A3	BTN3A3
BTRC	BTRC
BUB1	BUB1
BUB3	BUB3
BUD13	BUD13
BUD23	BUD23
BUD31	BUD31
BYSL	BYSL
BZW1	BZW1
BZW2	BZW2
C10orf143	C10orf143
C10orf88	C10orf88
C11orf1	C11orf1
C11orf21	C11orf21
C11orf24	C11orf24
C11orf49	C11orf49
C11orf54	C11orf54
C11orf58	C11orf58
C11orf65	C11orf65
C11orf68	C11orf68
C11orf71	C11orf71
C11orf74	C11orf74
C11orf80	C11orf80
C11orf95	C11orf95
C12orf10	C12orf10
C12orf29	C12orf29
C12orf4	C12orf4
C12orf42	C12orf42
C12orf43	C12orf43
C12orf45	C12orf45
C12orf49	C12orf49
C12orf57	C12orf57
C12orf60	C12orf60
C12orf65	C12orf65
C12orf66	C12orf66
C12orf73	C12orf73
C12orf75	C12orf75
C12orf76	C12orf76
C14orf119	C14orf119
C14orf132	C14orf132
C14orf28	C14orf28
C14orf93	C14orf93
C15orf39	C15orf39
C15orf40	C15orf40
C15orf41	C15orf41
C15orf53	C15orf53
C15orf61	C15orf61
C16orf45	C16orf45
C16orf54	C16orf54
C16orf58	C16orf58
C16orf70	C16orf70
C16orf72	C16orf72
C16orf74	C16orf74
C16orf86	C16orf86
C16orf87	C16orf87
C16orf91	C16orf91
C16orf95	C16orf95
C17orf100	C17orf100
C17orf51	C17orf51
C17orf58	C17orf58
C17orf67	C17orf67
C17orf75	C17orf75
C17orf80	C17orf80
C17orf99	C17orf99
C18orf21	C18orf21
C18orf25	C18orf25
C18orf32	C18orf32
C18orf54	C18orf54
C19orf12	C19orf12
C19orf24	C19orf24
C19orf25	C19orf25
C19orf38	C19orf38
C19orf47	C19orf47
C19orf48	C19orf48
C19orf53	C19orf53
C19orf54	C19orf54
C19orf66	C19orf66
C19orf73	C19orf73
C1D	C1D
C1GALT1	C1GALT1
C1GALT1C1	C1GALT1C1
C1orf109	C1orf109
C1orf112	C1orf112
C1orf122	C1orf122
C1orf131	C1orf131
C1orf159	C1orf159
C1orf162	C1orf162
C1orf174	C1orf174
C1orf21	C1orf21
C1orf216	C1orf216
C1orf35	C1orf35
C1orf43	C1orf43
C1orf50	C1orf50
C1orf52	C1orf52
C1orf53	C1orf53
C1orf54	C1orf54
C1orf56	C1orf56
C1orf61	C1orf61
C1QA	C1QA
C1QBP	C1QBP
C1QTNF3-AMACR	C1QTNF3-AMACR
C1QTNF6	C1QTNF6
C1R	C1R
C1RL	C1RL
C20orf194	C20orf194
C20orf27	C20orf27
C20orf96	C20orf96
C21orf58	C21orf58
C21orf91	C21orf91
C21orf91-OT1	C21orf91-OT1
C22orf34	C22orf34
C22orf46	C22orf46
C2CD2	C2CD2
C2CD2L	C2CD2L
C2CD3	C2CD3
C2CD5	C2CD5
C2orf40	C2orf40
C2orf42	C2orf42
C2orf49	C2orf49
C2orf68	C2orf68
C2orf69	C2orf69
C2orf76	C2orf76
C2orf88	C2orf88
C2orf92	C2orf92
C3	C3
C3AR1	C3AR1
C3orf14	C3orf14
C3orf18	C3orf18
C3orf33	C3orf33
C3orf38	C3orf38
C3orf52	C3orf52
C3orf62	C3orf62
C4orf19	C4orf19
C4orf3	C4orf3
C4orf33	C4orf33
C4orf46	C4orf46
C4orf48	C4orf48
C5	C5
C5AR1	C5AR1
C5AR2	C5AR2
C5orf15	C5orf15
C5orf22	C5orf22
C5orf30	C5orf30
C5orf34	C5orf34
C5orf51	C5orf51
C5orf58	C5orf58
C5orf63	C5orf63
C6orf106	C6orf106
C6orf120	C6orf120
C6orf136	C6orf136
C6orf201	C6orf201
C6orf203	C6orf203
C6orf226	C6orf226
C6orf47	C6orf47
C6orf48	C6orf48
C6orf62	C6orf62
C6orf89	C6orf89
C6orf99	C6orf99
C7orf25	C7orf25
C7orf26	C7orf26
C7orf31	C7orf31
C7orf43	C7orf43
C7orf50	C7orf50
C8orf33	C8orf33
C8orf37	C8orf37
C8orf37-AS1	C8orf37-AS1
C8orf58	C8orf58
C8orf59	C8orf59
C8orf76	C8orf76
C9	C9
C9orf16	C9orf16
C9orf3	C9orf3
C9orf40	C9orf40
C9orf64	C9orf64
C9orf66	C9orf66
C9orf72	C9orf72
C9orf78	C9orf78
C9orf85	C9orf85
CA11	CA11
CA13	CA13
CA14	CA14
CA2	CA2
CA5B	CA5B
CA6	CA6
CAAP1	CAAP1
CAB39	CAB39
CAB39L	CAB39L
CABIN1	CABIN1
CABLES2	CABLES2
CABP4	CABP4
CACFD1	CACFD1
CACNA1A	CACNA1A
CACNA1I	CACNA1I
CACNA2D2	CACNA2D2
CACNA2D3	CACNA2D3
CACNA2D4	CACNA2D4
CACNB1	CACNB1
CACNB2	CACNB2
CACNB3	CACNB3
CACTIN	CACTIN
CACUL1	CACUL1
CACYBP	CACYBP
CAD	CAD
CADM1	CADM1
CADM2	CADM2
CAGE1	CAGE1
CAHM	CAHM
CALB1	CALB1
CALCOCO1	CALCOCO1
CALCOCO2	CALCOCO2
CALD1	CALD1
CALHM2	CALHM2
CALM1	CALM1
CALM3	CALM3
CALR	CALR
CALU	CALU
CAMK1	CAMK1
CAMK1D	CAMK1D
CAMK2D	CAMK2D
CAMK2G	CAMK2G
CAMK4	CAMK4
CAMKK1	CAMKK1
CAMKK2	CAMKK2
CAMKMT	CAMKMT
CAMLG	CAMLG
CAMSAP1	CAMSAP1
CAMSAP2	CAMSAP2
CAMTA1	CAMTA1
CAMTA2	CAMTA2
CAND1	CAND1
CANT1	CANT1
CANX	CANX
CAP1	CAP1
CAPG	CAPG
CAPN1	CAPN1
CAPN10	CAPN10
CAPN12	CAPN12
CAPN15	CAPN15
CAPN2	CAPN2
CAPN5	CAPN5
CAPN7	CAPN7
CAPNS1	CAPNS1
CAPRIN1	CAPRIN1
CAPRIN2	CAPRIN2
CAPS	CAPS
CAPZA1	CAPZA1
CAPZA2	CAPZA2
CAPZB	CAPZB
CARD11	CARD11
CARD16	CARD16
CARD19	CARD19
CARD6	CARD6
CARD8	CARD8
CARD9	CARD9
CARF	CARF
CARHSP1	CARHSP1
CARMIL1	CARMIL1
CARMIL2	CARMIL2
CARNMT1	CARNMT1
CARNS1	CARNS1
CARS	CARS
CARS2	CARS2
CASC3	CASC3
CASC4	CASC4
CASD1	CASD1
CASK	CASK
CASP1	CASP1
CASP10	CASP10
CASP2	CASP2
CASP3	CASP3
CASP4	CASP4
CASP5	CASP5
CASP6	CASP6
CASP7	CASP7
CASP8	CASP8
CASP8AP2	CASP8AP2
CASP9	CASP9
CASS4	CASS4
CAST	CAST
CASTOR1	CASTOR1
CASZ1	CASZ1
CAT	CAT
CATIP	CATIP
CATSPER1	CATSPER1
CATSPER2	CATSPER2
CATSPERB	CATSPERB
CATSPERG	CATSPERG
CAVIN2	CAVIN2
CBFA2T2	CBFA2T2
CBFA2T3	CBFA2T3
CBFB	CBFB
CBL	CBL
CBLB	CBLB
CBLL1	CBLL1
CBR1	CBR1
CBR4	CBR4
CBWD1	CBWD1
CBWD2	CBWD2
CBWD3	CBWD3
CBWD5	CBWD5
CBWD6	CBWD6
CBX1	CBX1
CBX3	CBX3
CBX4	CBX4
CBX5	CBX5
CBX6	CBX6
CBX7	CBX7
CBY1	CBY1
CC2D1A	CC2D1A
CC2D1B	CC2D1B
CC2D2A	CC2D2A
CC2D2B	CC2D2B
CCAR1	CCAR1
CCAR2	CCAR2
CCDC102A	CCDC102A
CCDC102B	CCDC102B
CCDC106	CCDC106
CCDC112	CCDC112
CCDC115	CCDC115
CCDC117	CCDC117
CCDC12	CCDC12
CCDC120	CCDC120
CCDC122	CCDC122
CCDC124	CCDC124
CCDC125	CCDC125
CCDC126	CCDC126
CCDC127	CCDC127
CCDC130	CCDC130
CCDC134	CCDC134
CCDC136	CCDC136
CCDC137	CCDC137
CCDC138	CCDC138
CCDC14	CCDC14
CCDC141	CCDC141
CCDC142	CCDC142
CCDC144A	CCDC144A
CCDC144NL	CCDC144NL
CCDC146	CCDC146
CCDC149	CCDC149
CCDC15	CCDC15
CCDC151	CCDC151
CCDC152	CCDC152
CCDC157	CCDC157
CCDC159	CCDC159
CCDC163	CCDC163
CCDC167	CCDC167
CCDC170	CCDC170
CCDC171	CCDC171
CCDC174	CCDC174
CCDC18	CCDC18
CCDC186	CCDC186
CCDC191	CCDC191
CCDC200	CCDC200
CCDC22	CCDC22
CCDC25	CCDC25
CCDC28A	CCDC28A
CCDC28B	CCDC28B
CCDC30	CCDC30
CCDC32	CCDC32
CCDC34	CCDC34
CCDC39	CCDC39
CCDC43	CCDC43
CCDC47	CCDC47
CCDC50	CCDC50
CCDC51	CCDC51
CCDC57	CCDC57
CCDC58	CCDC58
CCDC59	CCDC59
CCDC6	CCDC6
CCDC61	CCDC61
CCDC65	CCDC65
CCDC66	CCDC66
CCDC69	CCDC69
CCDC7	CCDC7
CCDC71	CCDC71
CCDC77	CCDC77
CCDC82	CCDC82
CCDC84	CCDC84
CCDC85B	CCDC85B
CCDC85C	CCDC85C
CCDC88A	CCDC88A
CCDC88B	CCDC88B
CCDC88C	CCDC88C
CCDC9	CCDC9
CCDC90B	CCDC90B
CCDC91	CCDC91
CCDC92	CCDC92
CCDC93	CCDC93
CCDC97	CCDC97
CCDC9B	CCDC9B
CCHCR1	CCHCR1
CCL28	CCL28
CCL3	CCL3
CCL3L1	CCL3L1
CCL4	CCL4
CCL4L2	CCL4L2
CCL5	CCL5
CCM2	CCM2
CCNA2	CCNA2
CCNB1	CCNB1
CCNB1IP1	CCNB1IP1
CCNB2	CCNB2
CCNC	CCNC
CCND1	CCND1
CCND2	CCND2
CCND3	CCND3
CCNDBP1	CCNDBP1
CCNE2	CCNE2
CCNF	CCNF
CCNG1	CCNG1
CCNG2	CCNG2
CCNH	CCNH
CCNI	CCNI
CCNJ	CCNJ
CCNK	CCNK
CCNL1	CCNL1
CCNL2	CCNL2
CCNQ	CCNQ
CCNT1	CCNT1
CCNT2	CCNT2
CCNY	CCNY
CCNYL1	CCNYL1
CCP110	CCP110
CCPG1	CCPG1
CCR1	CCR1
CCR10	CCR10
CCR2	CCR2
CCR4	CCR4
CCR5	CCR5
CCR7	CCR7
CCR9	CCR9
CCRL2	CCRL2
CCS	CCS
CCSAP	CCSAP
CCSER1	CCSER1
CCSER2	CCSER2
CCT2	CCT2
CCT3	CCT3
CCT4	CCT4
CCT5	CCT5
CCT6A	CCT6A
CCT6B	CCT6B
CCT7	CCT7
CCT8	CCT8
CCZ1	CCZ1
CCZ1B	CCZ1B
CD101	CD101
CD14	CD14
CD151	CD151
CD160	CD160
CD163	CD163
CD163L1	CD163L1
CD164	CD164
CD180	CD180
CD19	CD19
CD1C	CD1C
CD1D	CD1D
CD2	CD2
CD200	CD200
CD200R1	CD200R1
CD209	CD209
CD22	CD22
CD226	CD226
CD24	CD24
CD244	CD244
CD247	CD247
CD248	CD248
CD27	CD27
CD274	CD274
CD28	CD28
CD2AP	CD2AP
CD2BP2	CD2BP2
CD300A	CD300A
CD300C	CD300C
CD300E	CD300E
CD300LB	CD300LB
CD300LF	CD300LF
CD302	CD302
CD320	CD320
CD33	CD33
CD36	CD36
CD37	CD37
CD38	CD38
CD3D	CD3D
CD3E	CD3E
CD3G	CD3G
CD4	CD4
CD40	CD40
CD40LG	CD40LG
CD44	CD44
CD46	CD46
CD47	CD47
CD48	CD48
CD5	CD5
CD52	CD52
CD53	CD53
CD55	CD55
CD58	CD58
CD6	CD6
CD63	CD63
CD69	CD69
CD7	CD7
CD72	CD72
CD74	CD74
CD79A	CD79A
CD79B	CD79B
CD81	CD81
CD82	CD82
CD83	CD83
CD84	CD84
CD86	CD86
CD8A	CD8A
CD8B	CD8B
CD8B2	CD8B2
CD9	CD9
CD93	CD93
CD96	CD96
CD99	CD99
CD99L2	CD99L2
CDA	CDA
CDADC1	CDADC1
CDAN1	CDAN1
CDC123	CDC123
CDC14A	CDC14A
CDC14B	CDC14B
CDC16	CDC16
CDC23	CDC23
CDC25B	CDC25B
CDC26	CDC26
CDC27	CDC27
CDC34	CDC34
CDC37	CDC37
CDC37L1	CDC37L1
CDC37L1-DT	CDC37L1-DT
CDC40	CDC40
CDC42	CDC42
CDC42BPA	CDC42BPA
CDC42BPB	CDC42BPB
CDC42EP2	CDC42EP2
CDC42EP3	CDC42EP3
CDC42EP4	CDC42EP4
CDC42SE1	CDC42SE1
CDC42SE2	CDC42SE2
CDC5L	CDC5L
CDC7	CDC7
CDC73	CDC73
CDCA4	CDCA4
CDCA7	CDCA7
CDCA7L	CDCA7L
CDCA8	CDCA8
CDH1	CDH1
CDH13	CDH13
CDH18	CDH18
CDH23	CDH23
CDHR3	CDHR3
CDIP1	CDIP1
CDIPT	CDIPT
CDK10	CDK10
CDK11A	CDK11A
CDK11B	CDK11B
CDK12	CDK12
CDK13	CDK13
CDK14	CDK14
CDK16	CDK16
CDK17	CDK17
CDK19	CDK19
CDK2	CDK2
CDK2AP2	CDK2AP2
CDK5	CDK5
CDK5R1	CDK5R1
CDK5RAP1	CDK5RAP1
CDK5RAP2	CDK5RAP2
CDK6	CDK6
CDK7	CDK7
CDK8	CDK8
CDK9	CDK9
CDKAL1	CDKAL1
CDKL1	CDKL1
CDKL5	CDKL5
CDKN1A	CDKN1A
CDKN1B	CDKN1B
CDKN1C	CDKN1C
CDKN2A	CDKN2A
CDKN2AIP	CDKN2AIP
CDKN2AIPNL	CDKN2AIPNL
CDKN2B	CDKN2B
CDKN2C	CDKN2C
CDKN2D	CDKN2D
CDKN3	CDKN3
CDNF	CDNF
CDPF1	CDPF1
CDRT4	CDRT4
CDS2	CDS2
CDT1	CDT1
CDV3	CDV3
CDYL	CDYL
CDYL2	CDYL2
CEACAM1	CEACAM1
CEACAM19	CEACAM19
CEACAM21	CEACAM21
CEACAM4	CEACAM4
CEACAM8	CEACAM8
CEBPB	CEBPB
CEBPD	CEBPD
CEBPE	CEBPE
CEBPG	CEBPG
CEBPZ	CEBPZ
CEBPZOS	CEBPZOS
CECR2	CECR2
CELA1	CELA1
CELF1	CELF1
CELF2	CELF2
CELSR2	CELSR2
CELSR3	CELSR3
CEMIP2	CEMIP2
CENPB	CENPB
CENPBD1	CENPBD1
CENPC	CENPC
CENPE	CENPE
CENPF	CENPF
CENPH	CENPH
CENPJ	CENPJ
CENPK	CENPK
CENPL	CENPL
CENPM	CENPM
CENPN	CENPN
CENPO	CENPO
CENPP	CENPP
CENPQ	CENPQ
CENPS-CORT	CENPS-CORT
CENPT	CENPT
CENPU	CENPU
CENPV	CENPV
CENPW	CENPW
CENPX	CENPX
CEP104	CEP104
CEP120	CEP120
CEP126	CEP126
CEP128	CEP128
CEP131	CEP131
CEP135	CEP135
CEP152	CEP152
CEP162	CEP162
CEP164	CEP164
CEP170	CEP170
CEP19	CEP19
CEP192	CEP192
CEP250	CEP250
CEP290	CEP290
CEP295	CEP295
CEP350	CEP350
CEP41	CEP41
CEP44	CEP44
CEP57	CEP57
CEP57L1	CEP57L1
CEP63	CEP63
CEP68	CEP68
CEP70	CEP70
CEP72	CEP72
CEP76	CEP76
CEP78	CEP78
CEP83	CEP83
CEP85	CEP85
CEP85L	CEP85L
CEP89	CEP89
CEP95	CEP95
CEP97	CEP97
CEPT1	CEPT1
CERK	CERK
CERKL	CERKL
CERNA1	CERNA1
CERS2	CERS2
CERS4	CERS4
CERS5	CERS5
CERS6	CERS6
CES1	CES1
CES2	CES2
CES4A	CES4A
CETN2	CETN2
CETN3	CETN3
CFAP20	CFAP20
CFAP36	CFAP36
CFAP410	CFAP410
CFAP44	CFAP44
CFAP70	CFAP70
CFAP97	CFAP97
CFD	CFD
CFDP1	CFDP1
CFH	CFH
CFL1	CFL1
CFL2	CFL2
CFLAR	CFLAR
CFP	CFP
CGAS	CGAS
CGGBP1	CGGBP1
CGRRF1	CGRRF1
CHAC2	CHAC2
CHAF1A	CHAF1A
CHAF1B	CHAF1B
CHAMP1	CHAMP1
CHCHD1	CHCHD1
CHCHD10	CHCHD10
CHCHD2	CHCHD2
CHCHD3	CHCHD3
CHCHD4	CHCHD4
CHCHD5	CHCHD5
CHCHD6	CHCHD6
CHCHD7	CHCHD7
CHD1	CHD1
CHD1L	CHD1L
CHD2	CHD2
CHD3	CHD3
CHD4	CHD4
CHD6	CHD6
CHD7	CHD7
CHD8	CHD8
CHD9	CHD9
CHEK1	CHEK1
CHEK2	CHEK2
CHFR	CHFR
CHI3L2	CHI3L2
CHIC1	CHIC1
CHIC2	CHIC2
CHID1	CHID1
CHKA	CHKA
CHKB-CPT1B	CHKB-CPT1B
CHM	CHM
CHMP1A	CHMP1A
CHMP2A	CHMP2A
CHMP2B	CHMP2B
CHMP3	CHMP3
CHMP4B	CHMP4B
CHMP5	CHMP5
CHMP6	CHMP6
CHMP7	CHMP7
CHN1	CHN1
CHORDC1	CHORDC1
CHP1	CHP1
CHPF	CHPF
CHPF2	CHPF2
CHPT1	CHPT1
CHRAC1	CHRAC1
CHRNB1	CHRNB1
CHRNB4	CHRNB4
CHST11	CHST11
CHST12	CHST12
CHST13	CHST13
CHST14	CHST14
CHST15	CHST15
CHST2	CHST2
CHST7	CHST7
CHSY1	CHSY1
CHTF18	CHTF18
CHTF8	CHTF8
CHTOP	CHTOP
CHUK	CHUK
CHURC1	CHURC1
CHURC1-FNTB	CHURC1-FNTB
CIAO1	CIAO1
CIAO2A	CIAO2A
CIAO2B	CIAO2B
CIAO3	CIAO3
CIAPIN1	CIAPIN1
CIB1	CIB1
CIC	CIC
CIITA	CIITA
CINP	CINP
CIP2A	CIP2A
CIPC	CIPC
CIR1	CIR1
CIRBP	CIRBP
CISD1	CISD1
CISD2	CISD2
CISD3	CISD3
CISH	CISH
CITED2	CITED2
CITED4	CITED4
CIZ1	CIZ1
CKAP2	CKAP2
CKAP5	CKAP5
CKB	CKB
CKLF	CKLF
CKLF-CMTM1	CKLF-CMTM1
CKS1B	CKS1B
CKS2	CKS2
CLASP1	CLASP1
CLASP2	CLASP2
CLASRP	CLASRP
CLCN1	CLCN1
CLCN3	CLCN3
CLCN5	CLCN5
CLCN6	CLCN6
CLCN7	CLCN7
CLDN15	CLDN15
CLDN5	CLDN5
CLDND1	CLDND1
CLEC10A	CLEC10A
CLEC11A	CLEC11A
CLEC12A	CLEC12A
CLEC16A	CLEC16A
CLEC17A	CLEC17A
CLEC1B	CLEC1B
CLEC2B	CLEC2B
CLEC2D	CLEC2D
CLEC4C	CLEC4C
CLEC4D	CLEC4D
CLEC4E	CLEC4E
CLEC6A	CLEC6A
CLEC7A	CLEC7A
CLECL1	CLECL1
CLHC1	CLHC1
CLIC1	CLIC1
CLIC2	CLIC2
CLIC3	CLIC3
CLIC4	CLIC4
CLIC5	CLIC5
CLINT1	CLINT1
CLIP1	CLIP1
CLIP2	CLIP2
CLIP4	CLIP4
CLK1	CLK1
CLK2	CLK2
CLK3	CLK3
CLK4	CLK4
CLMN	CLMN
CLMP	CLMP
CLN5	CLN5
CLN8	CLN8
CLNK	CLNK
CLNS1A	CLNS1A
CLOCK	CLOCK
CLP1	CLP1
CLPB	CLPB
CLPP	CLPP
CLPTM1	CLPTM1
CLPTM1L	CLPTM1L
CLPX	CLPX
CLSPN	CLSPN
CLSTN1	CLSTN1
CLSTN3	CLSTN3
CLTA	CLTA
CLTB	CLTB
CLTC	CLTC
CLU	CLU
CLUAP1	CLUAP1
CLUH	CLUH
CLVS1	CLVS1
CLYBL	CLYBL
CMAS	CMAS
CMC1	CMC1
CMC2	CMC2
CMIP	CMIP
CMKLR1	CMKLR1
CMPK1	CMPK1
CMPK2	CMPK2
CMSS1	CMSS1
CMTM2	CMTM2
CMTM3	CMTM3
CMTM4	CMTM4
CMTM5	CMTM5
CMTM6	CMTM6
CMTM7	CMTM7
CMTM8	CMTM8
CMTR1	CMTR1
CMTR2	CMTR2
CNBP	CNBP
CNDP2	CNDP2
CNEP1R1	CNEP1R1
CNIH1	CNIH1
CNIH3	CNIH3
CNIH4	CNIH4
CNKSR1	CNKSR1
CNKSR2	CNKSR2
CNN2	CNN2
CNN3	CNN3
CNNM2	CNNM2
CNNM3	CNNM3
CNNM4	CNNM4
CNOT1	CNOT1
CNOT10	CNOT10
CNOT11	CNOT11
CNOT2	CNOT2
CNOT3	CNOT3
CNOT4	CNOT4
CNOT6	CNOT6
CNOT6L	CNOT6L
CNOT7	CNOT7
CNOT8	CNOT8
CNOT9	CNOT9
CNP	CNP
CNPPD1	CNPPD1
CNPY3	CNPY3
CNPY4	CNPY4
CNR2	CNR2
CNST	CNST
CNTD1	CNTD1
CNTLN	CNTLN
CNTNAP1	CNTNAP1
CNTNAP2	CNTNAP2
CNTRL	CNTRL
CNTROB	CNTROB
COA1	COA1
COA3	COA3
COA4	COA4
COA5	COA5
COA6	COA6
COA7	COA7
COASY	COASY
COBLL1	COBLL1
COG2	COG2
COG3	COG3
COG4	COG4
COG5	COG5
COG6	COG6
COG7	COG7
COG8	COG8
COIL	COIL
COL19A1	COL19A1
COL24A1	COL24A1
COL4A3BP	COL4A3BP
COL4A4	COL4A4
COL6A2	COL6A2
COL6A3	COL6A3
COL9A2	COL9A2
COLGALT1	COLGALT1
COMMD1	COMMD1
COMMD10	COMMD10
COMMD2	COMMD2
COMMD3	COMMD3
COMMD3-BMI1	COMMD3-BMI1
COMMD4	COMMD4
COMMD5	COMMD5
COMMD6	COMMD6
COMMD8	COMMD8
COMMD9	COMMD9
COMT	COMT
COMTD1	COMTD1
COP1	COP1
COPA	COPA
COPB1	COPB1
COPB2	COPB2
COPE	COPE
COPG1	COPG1
COPG2	COPG2
COPRS	COPRS
COPS2	COPS2
COPS3	COPS3
COPS4	COPS4
COPS5	COPS5
COPS6	COPS6
COPS7A	COPS7A
COPS7B	COPS7B
COPS8	COPS8
COPS9	COPS9
COPZ1	COPZ1
COPZ2	COPZ2
COQ10A	COQ10A
COQ10B	COQ10B
COQ2	COQ2
COQ3	COQ3
COQ4	COQ4
COQ5	COQ5
COQ6	COQ6
COQ7	COQ7
COQ8A	COQ8A
COQ8B	COQ8B
COQ9	COQ9
CORO1A	CORO1A
CORO1B	CORO1B
CORO1C	CORO1C
CORO2A	CORO2A
CORO7-PAM16	CORO7-PAM16
COTL1	COTL1
COX10	COX10
COX11	COX11
COX14	COX14
COX15	COX15
COX16	COX16
COX17	COX17
COX18	COX18
COX19	COX19
COX20	COX20
COX4I1	COX4I1
COX5A	COX5A
COX5B	COX5B
COX6A1	COX6A1
COX6B1	COX6B1
COX6C	COX6C
COX7A2	COX7A2
COX7A2L	COX7A2L
COX7B	COX7B
COX7C	COX7C
COX8A	COX8A
CPAMD8	CPAMD8
CPD	CPD
CPEB2	CPEB2
CPEB3	CPEB3
CPEB4	CPEB4
CPED1	CPED1
CPLANE1	CPLANE1
CPM	CPM
CPNE1	CPNE1
CPNE2	CPNE2
CPNE3	CPNE3
CPNE5	CPNE5
CPNE7	CPNE7
CPNE8	CPNE8
CPOX	CPOX
CPPED1	CPPED1
CPQ	CPQ
CPSF1	CPSF1
CPSF2	CPSF2
CPSF3	CPSF3
CPSF4	CPSF4
CPSF6	CPSF6
CPSF7	CPSF7
CPT1A	CPT1A
CPT1B	CPT1B
CPT2	CPT2
CPTP	CPTP
CPVL	CPVL
CR1	CR1
CR1L	CR1L
CRACR2A	CRACR2A
CRADD	CRADD
CRAMP1	CRAMP1
CRAT	CRAT
CRBN	CRBN
CREB1	CREB1
CREB3	CREB3
CREB3L2	CREB3L2
CREB3L4	CREB3L4
CREB5	CREB5
CREBBP	CREBBP
CREBL2	CREBL2
CREBRF	CREBRF
CREBZF	CREBZF
CREG1	CREG1
CRELD1	CRELD1
CRELD2	CRELD2
CREM	CREM
CRIM1	CRIM1
CRIP1	CRIP1
CRIP2	CRIP2
CRIP3	CRIP3
CRIPT	CRIPT
CRISPLD2	CRISPLD2
CRK	CRK
CRKL	CRKL
CRLF3	CRLF3
CRLS1	CRLS1
CRNKL1	CRNKL1
CROCC	CROCC
CROT	CROT
CRTAM	CRTAM
CRTAP	CRTAP
CRTC1	CRTC1
CRTC2	CRTC2
CRTC3	CRTC3
CRY1	CRY1
CRY2	CRY2
CRYBG1	CRYBG1
CRYBG2	CRYBG2
CRYBG3	CRYBG3
CRYGS	CRYGS
CRYL1	CRYL1
CRYZ	CRYZ
CS	CS
CSAD	CSAD
CSDE1	CSDE1
CSE1L	CSE1L
CSF1	CSF1
CSF1R	CSF1R
CSF2RA	CSF2RA
CSF2RB	CSF2RB
CSF3R	CSF3R
CSGALNACT1	CSGALNACT1
CSGALNACT2	CSGALNACT2
CSK	CSK
CSKMT	CSKMT
CSNK1A1	CSNK1A1
CSNK1A1L	CSNK1A1L
CSNK1D	CSNK1D
CSNK1E	CSNK1E
CSNK1G1	CSNK1G1
CSNK1G2	CSNK1G2
CSNK1G3	CSNK1G3
CSNK2A1	CSNK2A1
CSNK2A2	CSNK2A2
CSNK2B	CSNK2B
CSPP1	CSPP1
CSRNP1	CSRNP1
CSRNP2	CSRNP2
CSRP1	CSRP1
CSRP2	CSRP2
CST3	CST3
CST7	CST7
CSTA	CSTA
CSTB	CSTB
CSTF1	CSTF1
CSTF2	CSTF2
CSTF2T	CSTF2T
CSTF3	CSTF3
CTAGE1	CTAGE1
CTBP1	CTBP1
CTBP2	CTBP2
CTBS	CTBS
CTC1	CTC1
CTCF	CTCF
CTDNEP1	CTDNEP1
CTDP1	CTDP1
CTDSP1	CTDSP1
CTDSP2	CTDSP2
CTDSPL	CTDSPL
CTDSPL2	CTDSPL2
CTH	CTH
CTIF	CTIF
CTLA4	CTLA4
CTNNA1	CTNNA1
CTNNAL1	CTNNAL1
CTNNB1	CTNNB1
CTNNBIP1	CTNNBIP1
CTNNBL1	CTNNBL1
CTNND1	CTNND1
CTNS	CTNS
CTPS1	CTPS1
CTPS2	CTPS2
CTR9	CTR9
CTRL	CTRL
CTSA	CTSA
CTSB	CTSB
CTSC	CTSC
CTSF	CTSF
CTSH	CTSH
CTSK	CTSK
CTSL	CTSL
CTSO	CTSO
CTSS	CTSS
CTSW	CTSW
CTSZ	CTSZ
CTTN	CTTN
CTTNBP2NL	CTTNBP2NL
CTU2	CTU2
CUBN	CUBN
CUEDC1	CUEDC1
CUEDC2	CUEDC2
CUL1	CUL1
CUL2	CUL2
CUL3	CUL3
CUL4A	CUL4A
CUL4B	CUL4B
CUL5	CUL5
CUL7	CUL7
CUL9	CUL9
CUTA	CUTA
CUTC	CUTC
CUX1	CUX1
CUZD1	CUZD1
CWC15	CWC15
CWC22	CWC22
CWC25	CWC25
CWC27	CWC27
CWF19L1	CWF19L1
CWF19L2	CWF19L2
CX3CR1	CX3CR1
CXCL16	CXCL16
CXCL8	CXCL8
CXCR1	CXCR1
CXCR2	CXCR2
CXCR3	CXCR3
CXCR4	CXCR4
CXCR6	CXCR6
CXorf21	CXorf21
CXorf38	CXorf38
CXorf40A	CXorf40A
CXorf40B	CXorf40B
CXorf56	CXorf56
CXorf65	CXorf65
CXXC1	CXXC1
CXXC5	CXXC5
CYB561	CYB561
CYB561A3	CYB561A3
CYB561D1	CYB561D1
CYB561D2	CYB561D2
CYB5A	CYB5A
CYB5B	CYB5B
CYB5D1	CYB5D1
CYB5D2	CYB5D2
CYB5R1	CYB5R1
CYB5R3	CYB5R3
CYB5R4	CYB5R4
CYBA	CYBA
CYBC1	CYBC1
CYBRD1	CYBRD1
CYC1	CYC1
CYCS	CYCS
CYFIP1	CYFIP1
CYFIP2	CYFIP2
CYHR1	CYHR1
CYLD	CYLD
CYP1B1	CYP1B1
CYP20A1	CYP20A1
CYP27A1	CYP27A1
CYP27B1	CYP27B1
CYP2R1	CYP2R1
CYP2S1	CYP2S1
CYP2U1	CYP2U1
CYP3A5	CYP3A5
CYP4F3	CYP4F3
CYP4V2	CYP4V2
CYP51A1	CYP51A1
CYREN	CYREN
CYSLTR1	CYSLTR1
CYSLTR2	CYSLTR2
CYSTM1	CYSTM1
CYTH1	CYTH1
CYTH2	CYTH2
CYTH3	CYTH3
CYTH4	CYTH4
CYTIP	CYTIP
CYTOR	CYTOR
CZIB	CZIB
D2HGDH	D2HGDH
DAAM1	DAAM1
DAB1	DAB1
DAD1	DAD1
DAG1	DAG1
DAGLB	DAGLB
DALRD3	DALRD3
DAP	DAP
DAP3	DAP3
DAPK1	DAPK1
DAPK2	DAPK2
DAPK3	DAPK3
DAPP1	DAPP1
DARS	DARS
DARS2	DARS2
DAXX	DAXX
DAZAP1	DAZAP1
DAZAP2	DAZAP2
DBET	DBET
DBF4	DBF4
DBF4B	DBF4B
DBI	DBI
DBN1	DBN1
DBNDD1	DBNDD1
DBNL	DBNL
DBP	DBP
DBR1	DBR1
DBT	DBT
DCAF1	DCAF1
DCAF10	DCAF10
DCAF11	DCAF11
DCAF12	DCAF12
DCAF13	DCAF13
DCAF15	DCAF15
DCAF16	DCAF16
DCAF17	DCAF17
DCAF4	DCAF4
DCAF5	DCAF5
DCAF6	DCAF6
DCAF7	DCAF7
DCAF8	DCAF8
DCAKD	DCAKD
DCBLD1	DCBLD1
DCK	DCK
DCLRE1A	DCLRE1A
DCLRE1B	DCLRE1B
DCLRE1C	DCLRE1C
DCP1A	DCP1A
DCP1B	DCP1B
DCP2	DCP2
DCPS	DCPS
DCTD	DCTD
DCTN1	DCTN1
DCTN2	DCTN2
DCTN3	DCTN3
DCTN4	DCTN4
DCTN5	DCTN5
DCTN6	DCTN6
DCTPP1	DCTPP1
DCUN1D1	DCUN1D1
DCUN1D2	DCUN1D2
DCUN1D4	DCUN1D4
DCUN1D5	DCUN1D5
DCXR	DCXR
DDA1	DDA1
DDAH2	DDAH2
DDB1	DDB1
DDB2	DDB2
DDHD1	DDHD1
DDHD2	DDHD2
DDI2	DDI2
DDIAS	DDIAS
DDIT3	DDIT3
DDIT4	DDIT4
DDOST	DDOST
DDRGK1	DDRGK1
DDT	DDT
DDTL	DDTL
DDX1	DDX1
DDX10	DDX10
DDX11	DDX11
DDX17	DDX17
DDX18	DDX18
DDX19B	DDX19B
DDX20	DDX20
DDX21	DDX21
DDX23	DDX23
DDX24	DDX24
DDX27	DDX27
DDX28	DDX28
DDX31	DDX31
DDX39A	DDX39A
DDX3X	DDX3X
DDX3Y	DDX3Y
DDX41	DDX41
DDX42	DDX42
DDX43	DDX43
DDX46	DDX46
DDX49	DDX49
DDX5	DDX5
DDX50	DDX50
DDX51	DDX51
DDX52	DDX52
DDX54	DDX54
DDX55	DDX55
DDX56	DDX56
DDX58	DDX58
DDX59	DDX59
DDX6	DDX6
DDX60	DDX60
DDX60L	DDX60L
DEAF1	DEAF1
DECR1	DECR1
DECR2	DECR2
DEDD	DEDD
DEDD2	DEDD2
DEF6	DEF6
DEF8	DEF8
DEGS1	DEGS1
DEK	DEK
DELE1	DELE1
DENND1A	DENND1A
DENND1B	DENND1B
DENND1C	DENND1C
DENND2D	DENND2D
DENND3	DENND3
DENND4A	DENND4A
DENND4B	DENND4B
DENND4C	DENND4C
DENND5A	DENND5A
DENND5B	DENND5B
DENND6A	DENND6A
DENND6B	DENND6B
DENR	DENR
DEPDC4	DEPDC4
DEPDC5	DEPDC5
DERA	DERA
DERL1	DERL1
DERL2	DERL2
DESI1	DESI1
DESI2	DESI2
DET1	DET1
DEXI	DEXI
DFFA	DFFA
DFFB	DFFB
DGAT1	DGAT1
DGAT2	DGAT2
DGCR2	DGCR2
DGCR6	DGCR6
DGCR6L	DGCR6L
DGCR8	DGCR8
DGKA	DGKA
DGKD	DGKD
DGKE	DGKE
DGKG	DGKG
DGKH	DGKH
DGKQ	DGKQ
DGKZ	DGKZ
DGLUCY	DGLUCY
DGUOK	DGUOK
DHCR7	DHCR7
DHDDS	DHDDS
DHFR	DHFR
DHFR2	DHFR2
DHODH	DHODH
DHPS	DHPS
DHRS1	DHRS1
DHRS11	DHRS11
DHRS3	DHRS3
DHRS4	DHRS4
DHRS4L2	DHRS4L2
DHRS7	DHRS7
DHRS7B	DHRS7B
DHRSX	DHRSX
DHTKD1	DHTKD1
DHX15	DHX15
DHX16	DHX16
DHX29	DHX29
DHX30	DHX30
DHX32	DHX32
DHX33	DHX33
DHX34	DHX34
DHX35	DHX35
DHX36	DHX36
DHX37	DHX37
DHX38	DHX38
DHX40	DHX40
DHX57	DHX57
DHX58	DHX58
DHX8	DHX8
DHX9	DHX9
DIABLO	DIABLO
DIAPH1	DIAPH1
DIAPH2	DIAPH2
DICER1	DICER1
DIDO1	DIDO1
DIMT1	DIMT1
DIP2A	DIP2A
DIP2B	DIP2B
DIP2C	DIP2C
DIPK1A	DIPK1A
DIPK2A	DIPK2A
DIRC3	DIRC3
DIS3	DIS3
DIS3L	DIS3L
DIS3L2	DIS3L2
DISC1	DISC1
DKC1	DKC1
DLAT	DLAT
DLD	DLD
DLEC1	DLEC1
DLEU7	DLEU7
DLG1	DLG1
DLG2	DLG2
DLG3	DLG3
DLG4	DLG4
DLGAP3	DLGAP3
DLGAP4	DLGAP4
DLST	DLST
DMAC1	DMAC1
DMAC2	DMAC2
DMAC2L	DMAC2L
DMAP1	DMAP1
DMGDH	DMGDH
DMKN	DMKN
DMPK	DMPK
DMRTC1B	DMRTC1B
DMTF1	DMTF1
DMTN	DMTN
DMWD	DMWD
DMXL1	DMXL1
DMXL2	DMXL2
DNA2	DNA2
DNAAF2	DNAAF2
DNAAF5	DNAAF5
DNAH1	DNAH1
DNAH12	DNAH12
DNAH14	DNAH14
DNAH17	DNAH17
DNAH2	DNAH2
DNAH7	DNAH7
DNAJA1	DNAJA1
DNAJA2	DNAJA2
DNAJA3	DNAJA3
DNAJA4	DNAJA4
DNAJB1	DNAJB1
DNAJB11	DNAJB11
DNAJB12	DNAJB12
DNAJB14	DNAJB14
DNAJB2	DNAJB2
DNAJB4	DNAJB4
DNAJB6	DNAJB6
DNAJB7	DNAJB7
DNAJB9	DNAJB9
DNAJC1	DNAJC1
DNAJC10	DNAJC10
DNAJC11	DNAJC11
DNAJC13	DNAJC13
DNAJC14	DNAJC14
DNAJC15	DNAJC15
DNAJC16	DNAJC16
DNAJC17	DNAJC17
DNAJC18	DNAJC18
DNAJC19	DNAJC19
DNAJC2	DNAJC2
DNAJC21	DNAJC21
DNAJC24	DNAJC24
DNAJC25	DNAJC25
DNAJC25-GNG10	DNAJC25-GNG10
DNAJC27	DNAJC27
DNAJC3	DNAJC3
DNAJC3-DT	DNAJC3-DT
DNAJC30	DNAJC30
DNAJC4	DNAJC4
DNAJC5	DNAJC5
DNAJC7	DNAJC7
DNAJC8	DNAJC8
DNAJC9	DNAJC9
DNAL1	DNAL1
DNASE1	DNASE1
DNASE1L1	DNASE1L1
DNASE1L3	DNASE1L3
DNASE2	DNASE2
DNHD1	DNHD1
DNLZ	DNLZ
DNM1L	DNM1L
DNM2	DNM2
DNM3	DNM3
DNMBP	DNMBP
DNMT1	DNMT1
DNMT3A	DNMT3A
DNPEP	DNPEP
DNPH1	DNPH1
DNTTIP1	DNTTIP1
DNTTIP2	DNTTIP2
DOCK10	DOCK10
DOCK11	DOCK11
DOCK2	DOCK2
DOCK3	DOCK3
DOCK5	DOCK5
DOCK7	DOCK7
DOCK8	DOCK8
DOCK9	DOCK9
DOHH	DOHH
DOK1	DOK1
DOK2	DOK2
DOK3	DOK3
DOK6	DOK6
DOLK	DOLK
DOLPP1	DOLPP1
DONSON	DONSON
DOP1A	DOP1A
DOP1B	DOP1B
DOT1L	DOT1L
DPAGT1	DPAGT1
DPCD	DPCD
DPEP2	DPEP2
DPF2	DPF2
DPH1	DPH1
DPH2	DPH2
DPH3	DPH3
DPH5	DPH5
DPH6	DPH6
DPH7	DPH7
DPM1	DPM1
DPM2	DPM2
DPM3	DPM3
DPP3	DPP3
DPP4	DPP4
DPP7	DPP7
DPP8	DPP8
DPP9	DPP9
DPPA4	DPPA4
DPY19L1	DPY19L1
DPY19L3	DPY19L3
DPY19L4	DPY19L4
DPY30	DPY30
DPYD	DPYD
DPYSL2	DPYSL2
DR1	DR1
DRAIC	DRAIC
DRAM1	DRAM1
DRAM2	DRAM2
DRAP1	DRAP1
DRAXIN	DRAXIN
DRC3	DRC3
DRG1	DRG1
DRG2	DRG2
DROSHA	DROSHA
DSC1	DSC1
DSC2	DSC2
DSE	DSE
DSEL	DSEL
DSN1	DSN1
DSP	DSP
DST	DST
DSTN	DSTN
DSTYK	DSTYK
DTD1	DTD1
DTHD1	DTHD1
DTNB	DTNB
DTNBP1	DTNBP1
DTWD1	DTWD1
DTWD2	DTWD2
DTX1	DTX1
DTX2	DTX2
DTX3	DTX3
DTX3L	DTX3L
DTYMK	DTYMK
DUOX1	DUOX1
DUS1L	DUS1L
DUS2	DUS2
DUS3L	DUS3L
DUS4L	DUS4L
DUSP1	DUSP1
DUSP10	DUSP10
DUSP11	DUSP11
DUSP12	DUSP12
DUSP14	DUSP14
DUSP16	DUSP16
DUSP18	DUSP18
DUSP2	DUSP2
DUSP22	DUSP22
DUSP23	DUSP23
DUSP28	DUSP28
DUSP3	DUSP3
DUSP4	DUSP4
DUSP5	DUSP5
DUSP6	DUSP6
DUSP7	DUSP7
DUSP8	DUSP8
DUT	DUT
DVL1	DVL1
DVL2	DVL2
DVL3	DVL3
DXO	DXO
DYM	DYM
DYNC1H1	DYNC1H1
DYNC1I2	DYNC1I2
DYNC1LI1	DYNC1LI1
DYNC1LI2	DYNC1LI2
DYNC2H1	DYNC2H1
DYNC2LI1	DYNC2LI1
DYNLL1	DYNLL1
DYNLL2	DYNLL2
DYNLRB1	DYNLRB1
DYNLT1	DYNLT1
DYNLT3	DYNLT3
DYRK1A	DYRK1A
DYRK1B	DYRK1B
DYRK2	DYRK2
DYRK4	DYRK4
DYSF	DYSF
DZANK1	DZANK1
DZIP3	DZIP3
E2F2	E2F2
E2F3	E2F3
E2F4	E2F4
E2F5	E2F5
E2F6	E2F6
E4F1	E4F1
EAF1	EAF1
EAF2	EAF2
EAPP	EAPP
EARS2	EARS2
EBAG9	EBAG9
EBF1	EBF1
EBLN3P	EBLN3P
EBNA1BP2	EBNA1BP2
EBP	EBP
EBPL	EBPL
ECD	ECD
ECE1	ECE1
ECH1	ECH1
ECHDC1	ECHDC1
ECHDC2	ECHDC2
ECHDC3	ECHDC3
ECHS1	ECHS1
ECI1	ECI1
ECI2	ECI2
ECPAS	ECPAS
ECSIT	ECSIT
ECT2	ECT2
ECT2L	ECT2L
EDA	EDA
EDAR	EDAR
EDARADD	EDARADD
EDC3	EDC3
EDC4	EDC4
EDDM13	EDDM13
EDEM1	EDEM1
EDEM2	EDEM2
EDEM3	EDEM3
EDF1	EDF1
EDRF1	EDRF1
EEA1	EEA1
EED	EED
EEF1A1	EEF1A1
EEF1AKMT1	EEF1AKMT1
EEF1AKMT3	EEF1AKMT3
EEF1AKMT4	EEF1AKMT4
EEF1AKNMT	EEF1AKNMT
EEF1B2	EEF1B2
EEF1D	EEF1D
EEF1E1-BLOC1S5	EEF1E1-BLOC1S5
EEF1G	EEF1G
EEF2	EEF2
EEF2K	EEF2K
EEF2KMT	EEF2KMT
EEFSEC	EEFSEC
EEPD1	EEPD1
EFCAB10	EFCAB10
EFCAB13	EFCAB13
EFCAB14	EFCAB14
EFCAB3	EFCAB3
EFCAB5	EFCAB5
EFCAB7	EFCAB7
EFHC1	EFHC1
EFHC2	EFHC2
EFHD2	EFHD2
EFL1	EFL1
EFNA4	EFNA4
EFNA5	EFNA5
EFNB1	EFNB1
EFR3A	EFR3A
EFTUD2	EFTUD2
EGLN1	EGLN1
EGLN3	EGLN3
EGR1	EGR1
EGR2	EGR2
EHBP1	EHBP1
EHBP1L1	EHBP1L1
EHD1	EHD1
EHD3	EHD3
EHD4	EHD4
EHHADH	EHHADH
EHMT1	EHMT1
EHMT2	EHMT2
EI24	EI24
EID1	EID1
EID2	EID2
EID2B	EID2B
EIF1	EIF1
EIF1AD	EIF1AD
EIF1AX	EIF1AX
EIF1AY	EIF1AY
EIF1B	EIF1B
EIF2A	EIF2A
EIF2AK1	EIF2AK1
EIF2AK2	EIF2AK2
EIF2AK3	EIF2AK3
EIF2AK4	EIF2AK4
EIF2B1	EIF2B1
EIF2B2	EIF2B2
EIF2B3	EIF2B3
EIF2B4	EIF2B4
EIF2B5	EIF2B5
EIF2D	EIF2D
EIF2S1	EIF2S1
EIF2S2	EIF2S2
EIF2S3	EIF2S3
EIF2S3B	EIF2S3B
EIF3A	EIF3A
EIF3B	EIF3B
EIF3C	EIF3C
EIF3CL	EIF3CL
EIF3D	EIF3D
EIF3E	EIF3E
EIF3F	EIF3F
EIF3G	EIF3G
EIF3H	EIF3H
EIF3I	EIF3I
EIF3J	EIF3J
EIF3J-DT	EIF3J-DT
EIF3K	EIF3K
EIF3L	EIF3L
EIF3M	EIF3M
EIF4A2	EIF4A2
EIF4A3	EIF4A3
EIF4B	EIF4B
EIF4E	EIF4E
EIF4E2	EIF4E2
EIF4E3	EIF4E3
EIF4EBP1	EIF4EBP1
EIF4EBP2	EIF4EBP2
EIF4ENIF1	EIF4ENIF1
EIF4G1	EIF4G1
EIF4G2	EIF4G2
EIF4G3	EIF4G3
EIF4H	EIF4H
EIF5	EIF5
EIF5A	EIF5A
EIF5A2	EIF5A2
EIF5AL1	EIF5AL1
EIF5B	EIF5B
EIPR1	EIPR1
ELAC1	ELAC1
ELAC2	ELAC2
ELAVL1	ELAVL1
ELF1	ELF1
ELF2	ELF2
ELF3	ELF3
ELF4	ELF4
ELK1	ELK1
ELK3	ELK3
ELK4	ELK4
ELL	ELL
ELL2	ELL2
ELMO1	ELMO1
ELMO2	ELMO2
ELMO3	ELMO3
ELMOD2	ELMOD2
ELMOD3	ELMOD3
ELMSAN1	ELMSAN1
ELOA	ELOA
ELOB	ELOB
ELOC	ELOC
ELOF1	ELOF1
ELOVL1	ELOVL1
ELOVL4	ELOVL4
ELOVL5	ELOVL5
ELOVL6	ELOVL6
ELP1	ELP1
ELP2	ELP2
ELP3	ELP3
ELP4	ELP4
ELP5	ELP5
ELP6	ELP6
EMB	EMB
EMC1	EMC1
EMC10	EMC10
EMC2	EMC2
EMC3	EMC3
EMC4	EMC4
EMC7	EMC7
EMC8	EMC8
EMC9	EMC9
EMD	EMD
EME2	EME2
EMG1	EMG1
EMILIN2	EMILIN2
EML2	EML2
EML3	EML3
EML4	EML4
EMP1	EMP1
EMP3	EMP3
EMSY	EMSY
ENC1	ENC1
ENDOD1	ENDOD1
ENDOV	ENDOV
ENG	ENG
ENGASE	ENGASE
ENHO	ENHO
ENKD1	ENKD1
ENKUR	ENKUR
ENO1	ENO1
ENO2	ENO2
ENO3	ENO3
ENOPH1	ENOPH1
ENOSF1	ENOSF1
ENOX2	ENOX2
ENPP4	ENPP4
ENPP5	ENPP5
ENSA	ENSA
ENTPD1	ENTPD1
ENTPD4	ENTPD4
ENTPD5	ENTPD5
ENTPD6	ENTPD6
ENTPD7	ENTPD7
ENTR1	ENTR1
ENY2	ENY2
EOGT	EOGT
EOMES	EOMES
EP300	EP300
EP400	EP400
EPB41	EPB41
EPB41L2	EPB41L2
EPB41L3	EPB41L3
EPB41L4A	EPB41L4A
EPB41L4A-AS1	EPB41L4A-AS1
EPB41L5	EPB41L5
EPC1	EPC1
EPC2	EPC2
EPDR1	EPDR1
EPG5	EPG5
EPHA1	EPHA1
EPHA4	EPHA4
EPHB6	EPHB6
EPHX1	EPHX1
EPHX2	EPHX2
EPHX4	EPHX4
EPM2A	EPM2A
EPM2AIP1	EPM2AIP1
EPN1	EPN1
EPN2	EPN2
EPOR	EPOR
EPPK1	EPPK1
EPRS	EPRS
EPS15	EPS15
EPS15L1	EPS15L1
EPS8	EPS8
EPS8L1	EPS8L1
EPS8L2	EPS8L2
EPSTI1	EPSTI1
ERAL1	ERAL1
ERAP1	ERAP1
ERAP2	ERAP2
ERBB2	ERBB2
ERBIN	ERBIN
ERC1	ERC1
ERCC1	ERCC1
ERCC2	ERCC2
ERCC3	ERCC3
ERCC4	ERCC4
ERCC6	ERCC6
ERCC6L2	ERCC6L2
ERCC8	ERCC8
EREG	EREG
ERG28	ERG28
ERGIC1	ERGIC1
ERGIC2	ERGIC2
ERGIC3	ERGIC3
ERH	ERH
ERI1	ERI1
ERI2	ERI2
ERI3	ERI3
ERICH1	ERICH1
ERLEC1	ERLEC1
ERLIN1	ERLIN1
ERLIN2	ERLIN2
ERMAP	ERMAP
ERMARD	ERMARD
ERMN	ERMN
ERMP1	ERMP1
ERN1	ERN1
ERO1A	ERO1A
ERO1B	ERO1B
ERP27	ERP27
ERP29	ERP29
ERP44	ERP44
ERVMER61-1	ERVMER61-1
ESAM	ESAM
ESCO1	ESCO1
ESD	ESD
ESF1	ESF1
ESM1	ESM1
ESR1	ESR1
ESR2	ESR2
ESRP2	ESRP2
ESRRA	ESRRA
ESS2	ESS2
ESYT1	ESYT1
ESYT2	ESYT2
ETAA1	ETAA1
ETF1	ETF1
ETFA	ETFA
ETFB	ETFB
ETFBKMT	ETFBKMT
ETFDH	ETFDH
ETFRF1	ETFRF1
ETHE1	ETHE1
ETNK1	ETNK1
ETS1	ETS1
ETS2	ETS2
ETV2	ETV2
ETV3	ETV3
ETV6	ETV6
ETV7	ETV7
EVA1B	EVA1B
EVA1C	EVA1C
EVI2A	EVI2A
EVI2B	EVI2B
EVI5	EVI5
EVI5L	EVI5L
EVL	EVL
EWSR1	EWSR1
EXD2	EXD2
EXD3	EXD3
EXOC1	EXOC1
EXOC2	EXOC2
EXOC3	EXOC3
EXOC4	EXOC4
EXOC5	EXOC5
EXOC6	EXOC6
EXOC6B	EXOC6B
EXOC7	EXOC7
EXOC8	EXOC8
EXOG	EXOG
EXOSC1	EXOSC1
EXOSC10	EXOSC10
EXOSC2	EXOSC2
EXOSC4	EXOSC4
EXOSC5	EXOSC5
EXOSC6	EXOSC6
EXOSC7	EXOSC7
EXOSC8	EXOSC8
EXOSC9	EXOSC9
EXPH5	EXPH5
EXT1	EXT1
EXT2	EXT2
EXTL2	EXTL2
EXTL3	EXTL3
EYA3	EYA3
EYS	EYS
EZH1	EZH1
EZH2	EZH2
EZR	EZR
F11R	F11R
F13A1	F13A1
F2R	F2R
F2RL2	F2RL2
F5	F5
F8	F8
F8A1	F8A1
FAAH	FAAH
FAAH2	FAAH2
FAAP100	FAAP100
FAAP20	FAAP20
FAAP24	FAAP24
FABP5	FABP5
FADS1	FADS1
FADS3	FADS3
FAF1	FAF1
FAF2	FAF2
FAH	FAH
FAHD1	FAHD1
FAHD2A	FAHD2A
FAHD2B	FAHD2B
FAIM	FAIM
FAM102A	FAM102A
FAM102B	FAM102B
FAM104A	FAM104A
FAM104B	FAM104B
FAM107B	FAM107B
FAM110A	FAM110A
FAM110B	FAM110B
FAM111A	FAM111A
FAM111A-DT	FAM111A-DT
FAM114A1	FAM114A1
FAM114A2	FAM114A2
FAM117A	FAM117A
FAM117B	FAM117B
FAM118A	FAM118A
FAM118B	FAM118B
FAM120A	FAM120A
FAM120AOS	FAM120AOS
FAM120B	FAM120B
FAM120C	FAM120C
FAM122B	FAM122B
FAM122C	FAM122C
FAM126A	FAM126A
FAM126B	FAM126B
FAM129A	FAM129A
FAM129B	FAM129B
FAM129C	FAM129C
FAM131A	FAM131A
FAM133B	FAM133B
FAM135A	FAM135A
FAM136A	FAM136A
FAM13A	FAM13A
FAM13B	FAM13B
FAM149B1	FAM149B1
FAM151B	FAM151B
FAM153A	FAM153A
FAM153B	FAM153B
FAM153C	FAM153C
FAM156A	FAM156A
FAM157C	FAM157C
FAM160A2	FAM160A2
FAM160B1	FAM160B1
FAM160B2	FAM160B2
FAM161A	FAM161A
FAM161B	FAM161B
FAM162A	FAM162A
FAM168A	FAM168A
FAM168B	FAM168B
FAM169A	FAM169A
FAM172A	FAM172A
FAM173A	FAM173A
FAM174A	FAM174A
FAM174B	FAM174B
FAM177A1	FAM177A1
FAM177B	FAM177B
FAM184A	FAM184A
FAM185A	FAM185A
FAM189A1	FAM189A1
FAM189B	FAM189B
FAM192A	FAM192A
FAM193A	FAM193A
FAM193B	FAM193B
FAM199X	FAM199X
FAM19A1	FAM19A1
FAM19A2	FAM19A2
FAM200A	FAM200A
FAM200B	FAM200B
FAM204A	FAM204A
FAM206A	FAM206A
FAM207A	FAM207A
FAM20B	FAM20B
FAM20C	FAM20C
FAM210A	FAM210A
FAM210B	FAM210B
FAM214A	FAM214A
FAM214B	FAM214B
FAM216A	FAM216A
FAM217B	FAM217B
FAM219A	FAM219A
FAM219B	FAM219B
FAM220A	FAM220A
FAM221A	FAM221A
FAM222B	FAM222B
FAM223B	FAM223B
FAM227B	FAM227B
FAM228B	FAM228B
FAM229A	FAM229A
FAM229B	FAM229B
FAM234A	FAM234A
FAM234B	FAM234B
FAM241A	FAM241A
FAM241B	FAM241B
FAM30A	FAM30A
FAM32A	FAM32A
FAM3A	FAM3A
FAM3C	FAM3C
FAM41C	FAM41C
FAM43A	FAM43A
FAM45A	FAM45A
FAM47E-STBD1	FAM47E-STBD1
FAM49A	FAM49A
FAM49B	FAM49B
FAM50A	FAM50A
FAM53C	FAM53C
FAM71E1	FAM71E1
FAM71F2	FAM71F2
FAM72A	FAM72A
FAM72D	FAM72D
FAM76A	FAM76A
FAM76B	FAM76B
FAM78A	FAM78A
FAM81B	FAM81B
FAM83G	FAM83G
FAM84B	FAM84B
FAM86C1	FAM86C1
FAM89A	FAM89A
FAM8A1	FAM8A1
FAM91A1	FAM91A1
FAM92A	FAM92A
FAM98A	FAM98A
FAM98B	FAM98B
FAM98C	FAM98C
FAN1	FAN1
FANCA	FANCA
FANCB	FANCB
FANCC	FANCC
FANCD2	FANCD2
FANCE	FANCE
FANCF	FANCF
FANCG	FANCG
FANCI	FANCI
FANCL	FANCL
FANCM	FANCM
FANK1	FANK1
FAR1	FAR1
FAR2	FAR2
FARP2	FARP2
FARS2	FARS2
FARSA	FARSA
FARSB	FARSB
FAS	FAS
FASLG	FASLG
FASN	FASN
FASTK	FASTK
FASTKD1	FASTKD1
FASTKD2	FASTKD2
FASTKD3	FASTKD3
FAU	FAU
FAXDC2	FAXDC2
FBF1	FBF1
FBH1	FBH1
FBL	FBL
FBLN5	FBLN5
FBLN7	FBLN7
FBN2	FBN2
FBP1	FBP1
FBRS	FBRS
FBRSL1	FBRSL1
FBXL12	FBXL12
FBXL14	FBXL14
FBXL15	FBXL15
FBXL16	FBXL16
FBXL17	FBXL17
FBXL18	FBXL18
FBXL19	FBXL19
FBXL2	FBXL2
FBXL20	FBXL20
FBXL22	FBXL22
FBXL3	FBXL3
FBXL4	FBXL4
FBXL5	FBXL5
FBXL8	FBXL8
FBXO11	FBXO11
FBXO2	FBXO2
FBXO21	FBXO21
FBXO22	FBXO22
FBXO25	FBXO25
FBXO28	FBXO28
FBXO3	FBXO3
FBXO30	FBXO30
FBXO32	FBXO32
FBXO33	FBXO33
FBXO34	FBXO34
FBXO36	FBXO36
FBXO38	FBXO38
FBXO4	FBXO4
FBXO41	FBXO41
FBXO42	FBXO42
FBXO44	FBXO44
FBXO45	FBXO45
FBXO46	FBXO46
FBXO48	FBXO48
FBXO5	FBXO5
FBXO6	FBXO6
FBXO7	FBXO7
FBXO8	FBXO8
FBXO9	FBXO9
FBXW11	FBXW11
FBXW2	FBXW2
FBXW4	FBXW4
FBXW5	FBXW5
FBXW7	FBXW7
FBXW8	FBXW8
FCAR	FCAR
FCER1A	FCER1A
FCER1G	FCER1G
FCER2	FCER2
FCF1	FCF1
FCGBP	FCGBP
FCGR1A	FCGR1A
FCGR1B	FCGR1B
FCGR2A	FCGR2A
FCGR2B	FCGR2B
FCGR3A	FCGR3A
FCGR3B	FCGR3B
FCGRT	FCGRT
FCHO1	FCHO1
FCHO2	FCHO2
FCHSD1	FCHSD1
FCHSD2	FCHSD2
FCMR	FCMR
FCN1	FCN1
FCN2	FCN2
FCRL1	FCRL1
FCRL2	FCRL2
FCRL3	FCRL3
FCRL5	FCRL5
FCRL6	FCRL6
FCRLA	FCRLA
FCRLB	FCRLB
FDFT1	FDFT1
FDPS	FDPS
FDX1	FDX1
FDXR	FDXR
FECH	FECH
FEM1A	FEM1A
FEM1B	FEM1B
FEM1C	FEM1C
FEN1	FEN1
FER	FER
FERMT3	FERMT3
FES	FES
FEZ1	FEZ1
FEZ2	FEZ2
FFAR2	FFAR2
FGD2	FGD2
FGD3	FGD3
FGD4	FGD4
FGD6	FGD6
FGF14-AS2	FGF14-AS2
FGF7	FGF7
FGFBP2	FGFBP2
FGFBP3	FGFBP3
FGFR1	FGFR1
FGFR1OP	FGFR1OP
FGFR1OP2	FGFR1OP2
FGGY	FGGY
FGL2	FGL2
FGR	FGR
FH	FH
FHIT	FHIT
FHL1	FHL1
FHL2	FHL2
FHL3	FHL3
FHOD1	FHOD1
FIBP	FIBP
FICD	FICD
FIG4	FIG4
FIGNL1	FIGNL1
FILIP1	FILIP1
FILIP1L	FILIP1L
FIP1L1	FIP1L1
FIS1	FIS1
FITM2	FITM2
FIZ1	FIZ1
FKBP14	FKBP14
FKBP15	FKBP15
FKBP1C	FKBP1C
FKBP2	FKBP2
FKBP3	FKBP3
FKBP4	FKBP4
FKBP5	FKBP5
FKBP7	FKBP7
FKBP8	FKBP8
FKBPL	FKBPL
FKRP	FKRP
FKTN	FKTN
FLAD1	FLAD1
FLI1	FLI1
FLII	FLII
FLNA	FLNA
FLNB	FLNB
FLOT1	FLOT1
FLOT2	FLOT2
FLT3	FLT3
FLVCR1	FLVCR1
FLVCR1-DT	FLVCR1-DT
FLVCR2	FLVCR2
FLYWCH1	FLYWCH1
FLYWCH2	FLYWCH2
FMC1	FMC1
FMN1	FMN1
FMNL1	FMNL1
FMNL2	FMNL2
FMNL3	FMNL3
FMO1	FMO1
FMO4	FMO4
FMO5	FMO5
FMR1	FMR1
FN1	FN1
FN3K	FN3K
FN3KRP	FN3KRP
FNBP1	FNBP1
FNBP1L	FNBP1L
FNBP4	FNBP4
FNDC10	FNDC10
FNDC3A	FNDC3A
FNDC3B	FNDC3B
FNIP2	FNIP2
FNTA	FNTA
FOCAD	FOCAD
FOLR2	FOLR2
FOLR3	FOLR3
FOPNL	FOPNL
FOS	FOS
FOSB	FOSB
FOSL2	FOSL2
FOXJ2	FOXJ2
FOXJ3	FOXJ3
FOXK1	FOXK1
FOXK2	FOXK2
FOXN2	FOXN2
FOXN3	FOXN3
FOXO1	FOXO1
FOXO3	FOXO3
FOXO4	FOXO4
FOXP1	FOXP1
FOXP3	FOXP3
FOXP4	FOXP4
FOXRED1	FOXRED1
FOXRED2	FOXRED2
FPGS	FPGS
FPGT	FPGT
FPR1	FPR1
FPR2	FPR2
FRA10AC1	FRA10AC1
FRAT1	FRAT1
FRAT2	FRAT2
FRG1	FRG1
FRMD3	FRMD3
FRMD4B	FRMD4B
FRMD5	FRMD5
FRMD8	FRMD8
FRS2	FRS2
FRY	FRY
FRYL	FRYL
FSCN1	FSCN1
FSD1	FSD1
FSD1L	FSD1L
FSIP2	FSIP2
FTCDNL1	FTCDNL1
FTH1	FTH1
FTL	FTL
FTO	FTO
FTSJ1	FTSJ1
FTSJ3	FTSJ3
FTX	FTX
FUBP1	FUBP1
FUBP3	FUBP3
FUCA1	FUCA1
FUCA2	FUCA2
FUK	FUK
FUNDC1	FUNDC1
FUNDC2	FUNDC2
FUOM	FUOM
FURIN	FURIN
FUS	FUS
FUT10	FUT10
FUT11	FUT11
FUT7	FUT7
FUT8	FUT8
FUZ	FUZ
FXN	FXN
FXR1	FXR1
FXR2	FXR2
FXYD1	FXYD1
FXYD2	FXYD2
FXYD5	FXYD5
FXYD7	FXYD7
FYB1	FYB1
FYCO1	FYCO1
FYN	FYN
FYTTD1	FYTTD1
FZD1	FZD1
FZD2	FZD2
FZD3	FZD3
FZD6	FZD6
FZR1	FZR1
G0S2	G0S2
G2E3	G2E3
G3BP1	G3BP1
G3BP2	G3BP2
G6PC3	G6PC3
G6PD	G6PD
GAA	GAA
GAB1	GAB1
GAB2	GAB2
GAB3	GAB3
GABARAP	GABARAP
GABARAPL1	GABARAPL1
GABARAPL2	GABARAPL2
GABBR1	GABBR1
GABPA	GABPA
GABPB1	GABPB1
GABPB2	GABPB2
GADD45A	GADD45A
GADD45B	GADD45B
GADD45G	GADD45G
GADD45GIP1	GADD45GIP1
GAK	GAK
GAL3ST4	GAL3ST4
GALC	GALC
GALE	GALE
GALK1	GALK1
GALK2	GALK2
GALM	GALM
GALNS	GALNS
GALNT1	GALNT1
GALNT10	GALNT10
GALNT11	GALNT11
GALNT12	GALNT12
GALNT18	GALNT18
GALNT2	GALNT2
GALNT3	GALNT3
GALNT6	GALNT6
GALNT7	GALNT7
GALT	GALT
GAMT	GAMT
GAN	GAN
GANAB	GANAB
GANC	GANC
GAPDH	GAPDH
GAPT	GAPT
GAPVD1	GAPVD1
GAR1	GAR1
GAREM1	GAREM1
GARNL3	GARNL3
GARS	GARS
GART	GART
GAS2L1	GAS2L1
GAS6	GAS6
GAS7	GAS7
GAS8	GAS8
GASAL1	GASAL1
GASK1B	GASK1B
GATA3	GATA3
GATAD1	GATAD1
GATAD2A	GATAD2A
GATAD2B	GATAD2B
GATB	GATB
GATD1	GATD1
GATD3A	GATD3A
GATD3B	GATD3B
GBA	GBA
GBA2	GBA2
GBE1	GBE1
GBF1	GBF1
GBP1	GBP1
GBP2	GBP2
GBP3	GBP3
GBP4	GBP4
GBP5	GBP5
GCA	GCA
GCC1	GCC1
GCC2	GCC2
GCDH	GCDH
GCFC2	GCFC2
GCH1	GCH1
GCLC	GCLC
GCLM	GCLM
GCN1	GCN1
GCNA	GCNA
GCNT1	GCNT1
GCNT2	GCNT2
GCNT4	GCNT4
GCNT7	GCNT7
GCOM1	GCOM1
GCSAM	GCSAM
GDAP1	GDAP1
GDAP2	GDAP2
GDE1	GDE1
GDF11	GDF11
GDI1	GDI1
GDI2	GDI2
GDPD1	GDPD1
GDPD3	GDPD3
GDPD5	GDPD5
GDPGP1	GDPGP1
GEMIN2	GEMIN2
GEMIN4	GEMIN4
GEMIN5	GEMIN5
GEMIN6	GEMIN6
GEMIN7	GEMIN7
GEMIN8	GEMIN8
GEN1	GEN1
GFER	GFER
GFI1	GFI1
GFI1B	GFI1B
GFM1	GFM1
GFM2	GFM2
GFOD1	GFOD1
GFOD2	GFOD2
GFPT1	GFPT1
GGA1	GGA1
GGA2	GGA2
GGA3	GGA3
GGACT	GGACT
GGCT	GGCT
GGCX	GGCX
GGH	GGH
GGNBP2	GGNBP2
GGPS1	GGPS1
GGT1	GGT1
GGT7	GGT7
GGTLC3	GGTLC3
GHDC	GHDC
GHITM	GHITM
GHRL	GHRL
GID4	GID4
GID8	GID8
GIGYF1	GIGYF1
GIGYF2	GIGYF2
GIHCG	GIHCG
GIMAP1	GIMAP1
GIMAP1-GIMAP5	GIMAP1-GIMAP5
GIMAP2	GIMAP2
GIMAP4	GIMAP4
GIMAP6	GIMAP6
GIMAP7	GIMAP7
GIMAP8	GIMAP8
GIN1	GIN1
GINM1	GINM1
GINS2	GINS2
GINS3	GINS3
GINS4	GINS4
GIPC1	GIPC1
GIPR	GIPR
GIT1	GIT1
GIT2	GIT2
GJB7	GJB7
GK	GK
GK5	GK5
GKAP1	GKAP1
GLA	GLA
GLB1	GLB1
GLB1L	GLB1L
GLB1L3	GLB1L3
GLCCI1	GLCCI1
GLCE	GLCE
GLE1	GLE1
GLG1	GLG1
GLIDR	GLIDR
GLIPR1	GLIPR1
GLIPR1L2	GLIPR1L2
GLIPR2	GLIPR2
GLMN	GLMN
GLMP	GLMP
GLO1	GLO1
GLOD4	GLOD4
GLRX	GLRX
GLRX2	GLRX2
GLRX3	GLRX3
GLRX5	GLRX5
GLS	GLS
GLT1D1	GLT1D1
GLT8D1	GLT8D1
GLTP	GLTP
GLUD1	GLUD1
GLUD2	GLUD2
GLUL	GLUL
GLYCTK	GLYCTK
GLYR1	GLYR1
GM2A	GM2A
GMCL1	GMCL1
GMDS	GMDS
GMDS-DT	GMDS-DT
GMEB1	GMEB1
GMEB2	GMEB2
GMFB	GMFB
GMFG	GMFG
GMIP	GMIP
GMNN	GMNN
GMPPA	GMPPA
GMPPB	GMPPB
GMPR	GMPR
GMPR2	GMPR2
GMPS	GMPS
GNA12	GNA12
GNA13	GNA13
GNA15	GNA15
GNAI2	GNAI2
GNAI3	GNAI3
GNAL	GNAL
GNAO1	GNAO1
GNAQ	GNAQ
GNAS	GNAS
GNB1	GNB1
GNB1L	GNB1L
GNB2	GNB2
GNB4	GNB4
GNB5	GNB5
GNE	GNE
GNG11	GNG11
GNG2	GNG2
GNG5	GNG5
GNG7	GNG7
GNGT2	GNGT2
GNL1	GNL1
GNL2	GNL2
GNL3	GNL3
GNL3L	GNL3L
GNLY	GNLY
GNPAT	GNPAT
GNPDA1	GNPDA1
GNPDA2	GNPDA2
GNPNAT1	GNPNAT1
GNPTAB	GNPTAB
GNPTG	GNPTG
GNRH1	GNRH1
GNS	GNS
GOLGA1	GOLGA1
GOLGA2	GOLGA2
GOLGA3	GOLGA3
GOLGA4	GOLGA4
GOLGA5	GOLGA5
GOLGA6L10	GOLGA6L10
GOLGA6L4	GOLGA6L4
GOLGA7	GOLGA7
GOLGA7B	GOLGA7B
GOLGA8A	GOLGA8A
GOLGA8B	GOLGA8B
GOLGA8M	GOLGA8M
GOLGA8N	GOLGA8N
GOLGA8O	GOLGA8O
GOLGA8Q	GOLGA8Q
GOLGA8R	GOLGA8R
GOLGB1	GOLGB1
GOLIM4	GOLIM4
GOLM1	GOLM1
GOLPH3	GOLPH3
GOLPH3L	GOLPH3L
GOLT1B	GOLT1B
GON4L	GON4L
GON7	GON7
GOPC	GOPC
GORAB	GORAB
GORASP1	GORASP1
GORASP2	GORASP2
GOSR1	GOSR1
GOSR2	GOSR2
GOT1	GOT1
GOT2	GOT2
GP1BA	GP1BA
GP5	GP5
GP9	GP9
GPA33	GPA33
GPAA1	GPAA1
GPALPP1	GPALPP1
GPAM	GPAM
GPANK1	GPANK1
GPAT3	GPAT3
GPAT4	GPAT4
GPATCH1	GPATCH1
GPATCH11	GPATCH11
GPATCH2	GPATCH2
GPATCH2L	GPATCH2L
GPATCH3	GPATCH3
GPATCH4	GPATCH4
GPATCH8	GPATCH8
GPBAR1	GPBAR1
GPBP1	GPBP1
GPBP1L1	GPBP1L1
GPCPD1	GPCPD1
GPD1L	GPD1L
GPD2	GPD2
GPHN	GPHN
GPI	GPI
GPKOW	GPKOW
GPM6A	GPM6A
GPM6B	GPM6B
GPN1	GPN1
GPN2	GPN2
GPN3	GPN3
GPR107	GPR107
GPR108	GPR108
GPR132	GPR132
GPR137	GPR137
GPR137B	GPR137B
GPR141	GPR141
GPR155	GPR155
GPR157	GPR157
GPR160	GPR160
GPR162	GPR162
GPR171	GPR171
GPR174	GPR174
GPR18	GPR18
GPR180	GPR180
GPR183	GPR183
GPR19	GPR19
GPR22	GPR22
GPR27	GPR27
GPR3	GPR3
GPR34	GPR34
GPR35	GPR35
GPR55	GPR55
GPR65	GPR65
GPR68	GPR68
GPR82	GPR82
GPR89A	GPR89A
GPR89B	GPR89B
GPRIN3	GPRIN3
GPS1	GPS1
GPS2	GPS2
GPSM2	GPSM2
GPSM3	GPSM3
GPX4	GPX4
GPX7	GPX7
GPX8	GPX8
GRAMD1A	GRAMD1A
GRAMD1B	GRAMD1B
GRAMD2B	GRAMD2B
GRAMD4	GRAMD4
GRAP2	GRAP2
GRASP	GRASP
GRB2	GRB2
GREB1L	GREB1L
GREM1	GREM1
GREM2	GREM2
GRHPR	GRHPR
GRIK1	GRIK1
GRIN2C	GRIN2C
GRIN3A	GRIN3A
GRINA	GRINA
GRIPAP1	GRIPAP1
GRK2	GRK2
GRK3	GRK3
GRK4	GRK4
GRK5	GRK5
GRK6	GRK6
GRM7-AS3	GRM7-AS3
GRN	GRN
GRPEL1	GRPEL1
GRPEL2	GRPEL2
GRSF1	GRSF1
GRWD1	GRWD1
GSAP	GSAP
GSDMB	GSDMB
GSDMD	GSDMD
GSE1	GSE1
GSK3A	GSK3A
GSK3B	GSK3B
GSKIP	GSKIP
GSN	GSN
GSPT1	GSPT1
GSPT2	GSPT2
GSR	GSR
GSS	GSS
GSTA4	GSTA4
GSTCD	GSTCD
GSTK1	GSTK1
GSTM2	GSTM2
GSTM3	GSTM3
GSTM4	GSTM4
GSTO1	GSTO1
GSTO2	GSTO2
GSTP1	GSTP1
GSTZ1	GSTZ1
GTDC1	GTDC1
GTF2A1	GTF2A1
GTF2A2	GTF2A2
GTF2B	GTF2B
GTF2E1	GTF2E1
GTF2E2	GTF2E2
GTF2F1	GTF2F1
GTF2F2	GTF2F2
GTF2H1	GTF2H1
GTF2H2	GTF2H2
GTF2H2C	GTF2H2C
GTF2H3	GTF2H3
GTF2H4	GTF2H4
GTF2H5	GTF2H5
GTF2I	GTF2I
GTF2IRD2	GTF2IRD2
GTF2IRD2B	GTF2IRD2B
GTF3A	GTF3A
GTF3C1	GTF3C1
GTF3C2	GTF3C2
GTF3C3	GTF3C3
GTF3C4	GTF3C4
GTF3C5	GTF3C5
GTF3C6	GTF3C6
GTPBP1	GTPBP1
GTPBP10	GTPBP10
GTPBP2	GTPBP2
GTPBP3	GTPBP3
GTPBP4	GTPBP4
GTPBP6	GTPBP6
GTPBP8	GTPBP8
GTSCR1	GTSCR1
GTSF1	GTSF1
GUCD1	GUCD1
GUCY1A2	GUCY1A2
GUF1	GUF1
GUK1	GUK1
GUSB	GUSB
GVQW3	GVQW3
GXYLT1	GXYLT1
GXYLT2	GXYLT2
GYG1	GYG1
GYPC	GYPC
GYS1	GYS1
GZF1	GZF1
GZMA	GZMA
GZMB	GZMB
GZMH	GZMH
GZMK	GZMK
GZMM	GZMM
H1F0	H1F0
H1FX	H1FX
H2AFJ	H2AFJ
H2AFV	H2AFV
H2AFX	H2AFX
H2AFY	H2AFY
H2AFY2	H2AFY2
H2AFZ	H2AFZ
H3F3A	H3F3A
H3F3B	H3F3B
H3F3C	H3F3C
H6PD	H6PD
HAAO	HAAO
HABP4	HABP4
HACD1	HACD1
HACD2	HACD2
HACD3	HACD3
HACD4	HACD4
HACE1	HACE1
HACL1	HACL1
HADH	HADH
HADHA	HADHA
HADHB	HADHB
HAGH	HAGH
HAGHL	HAGHL
HAL	HAL
HAPLN3	HAPLN3
HAR1A	HAR1A
HAR1B	HAR1B
HARBI1	HARBI1
HARS	HARS
HARS2	HARS2
HAT1	HAT1
HAUS1	HAUS1
HAUS2	HAUS2
HAUS4	HAUS4
HAUS5	HAUS5
HAUS6	HAUS6
HAUS8	HAUS8
HAVCR2	HAVCR2
HAX1	HAX1
HBA1	HBA1
HBA2	HBA2
HBB	HBB
HBEGF	HBEGF
HBG1	HBG1
HBP1	HBP1
HBS1L	HBS1L
HCAR2	HCAR2
HCCS	HCCS
HCFC1	HCFC1
HCFC1R1	HCFC1R1
HCFC2	HCFC2
HCG11	HCG11
HCG17	HCG17
HCG27	HCG27
HCK	HCK
HCLS1	HCLS1
HCST	HCST
HDAC1	HDAC1
HDAC10	HDAC10
HDAC11	HDAC11
HDAC2	HDAC2
HDAC3	HDAC3
HDAC4	HDAC4
HDAC5	HDAC5
HDAC6	HDAC6
HDAC7	HDAC7
HDAC8	HDAC8
HDAC9	HDAC9
HDDC2	HDDC2
HDDC3	HDDC3
HDGF	HDGF
HDGFL2	HDGFL2
HDGFL3	HDGFL3
HDHD2	HDHD2
HDHD3	HDHD3
HDHD5	HDHD5
HDLBP	HDLBP
HDX	HDX
HEATR1	HEATR1
HEATR3	HEATR3
HEATR4	HEATR4
HEATR5A	HEATR5A
HEATR5B	HEATR5B
HEATR6	HEATR6
HEATR9	HEATR9
HEBP1	HEBP1
HEBP2	HEBP2
HECA	HECA
HECTD1	HECTD1
HECTD2	HECTD2
HECTD3	HECTD3
HECTD4	HECTD4
HECW2	HECW2
HEG1	HEG1
HEIH	HEIH
HELB	HELB
HELLS	HELLS
HELQ	HELQ
HELZ	HELZ
HELZ2	HELZ2
HEMGN	HEMGN
HEMK1	HEMK1
HENMT1	HENMT1
HERC1	HERC1
HERC2	HERC2
HERC3	HERC3
HERC4	HERC4
HERC5	HERC5
HERC6	HERC6
HERPUD1	HERPUD1
HERPUD2	HERPUD2
HES6	HES6
HEXB	HEXB
HEXD	HEXD
HEXIM1	HEXIM1
HEXIM2	HEXIM2
HFE	HFE
HGF	HGF
HGH1	HGH1
HGS	HGS
HGSNAT	HGSNAT
HHAT	HHAT
HHEX	HHEX
HHLA3	HHLA3
HIBADH	HIBADH
HIBCH	HIBCH
HIC1	HIC1
HIC2	HIC2
HIF1A	HIF1A
HIF1A-AS2	HIF1A-AS2
HIF1AN	HIF1AN
HIKESHI	HIKESHI
HINFP	HINFP
HINT1	HINT1
HINT2	HINT2
HINT3	HINT3
HIP1	HIP1
HIP1R	HIP1R
HIPK1	HIPK1
HIPK2	HIPK2
HIPK3	HIPK3
HIRA	HIRA
HIRIP3	HIRIP3
HIST1H1A	HIST1H1A
HIST1H1B	HIST1H1B
HIST1H1C	HIST1H1C
HIST1H1D	HIST1H1D
HIST1H1E	HIST1H1E
HIST1H2AC	HIST1H2AC
HIST1H2AE	HIST1H2AE
HIST1H2AG	HIST1H2AG
HIST1H2AI	HIST1H2AI
HIST1H2BC	HIST1H2BC
HIST1H2BD	HIST1H2BD
HIST1H2BF	HIST1H2BF
HIST1H2BG	HIST1H2BG
HIST1H2BJ	HIST1H2BJ
HIST1H2BN	HIST1H2BN
HIST1H3A	HIST1H3A
HIST1H3H	HIST1H3H
HIST1H3J	HIST1H3J
HIST1H4A	HIST1H4A
HIST1H4C	HIST1H4C
HIST1H4E	HIST1H4E
HIST1H4H	HIST1H4H
HIST1H4I	HIST1H4I
HIST1H4K	HIST1H4K
HIST2H2AA3	HIST2H2AA3
HIST2H2AA4	HIST2H2AA4
HIST2H2AB	HIST2H2AB
HIST2H2AC	HIST2H2AC
HIST2H2BE	HIST2H2BE
HIST2H2BF	HIST2H2BF
HIST2H4A	HIST2H4A
HIST3H2A	HIST3H2A
HIST3H2BB	HIST3H2BB
HIST4H4	HIST4H4
HIVEP1	HIVEP1
HIVEP2	HIVEP2
HIVEP3	HIVEP3
HK1	HK1
HK2	HK2
HK3	HK3
HKDC1	HKDC1
HKR1	HKR1
HLA-A	HLA-A
HLA-B	HLA-B
HLA-C	HLA-C
HLA-DMB	HLA-DMB
HLA-DOA	HLA-DOA
HLA-DOB	HLA-DOB
HLA-DPA1	HLA-DPA1
HLA-DPB1	HLA-DPB1
HLA-DQA1	HLA-DQA1
HLA-DQA2	HLA-DQA2
HLA-DQB1	HLA-DQB1
HLA-DQB2	HLA-DQB2
HLA-DRA	HLA-DRA
HLA-DRB1	HLA-DRB1
HLA-DRB5	HLA-DRB5
HLA-E	HLA-E
HLA-F	HLA-F
HLA-G	HLA-G
HLCS	HLCS
HLTF	HLTF
HLX	HLX
HM13	HM13
HMBOX1	HMBOX1
HMBS	HMBS
HMCES	HMCES
HMG20A	HMG20A
HMG20B	HMG20B
HMGA1	HMGA1
HMGB1	HMGB1
HMGB2	HMGB2
HMGB3	HMGB3
HMGCL	HMGCL
HMGCR	HMGCR
HMGCS1	HMGCS1
HMGN1	HMGN1
HMGN2	HMGN2
HMGN3	HMGN3
HMGN4	HMGN4
HMGN5	HMGN5
HMGXB3	HMGXB3
HMGXB4	HMGXB4
HMOX1	HMOX1
HMOX2	HMOX2
HMSD	HMSD
HNMT	HNMT
HNRNPA0	HNRNPA0
HNRNPA1P48	HNRNPA1P48
HNRNPA2B1	HNRNPA2B1
HNRNPA3	HNRNPA3
HNRNPAB	HNRNPAB
HNRNPC	HNRNPC
HNRNPD	HNRNPD
HNRNPDL	HNRNPDL
HNRNPF	HNRNPF
HNRNPH1	HNRNPH1
HNRNPH3	HNRNPH3
HNRNPK	HNRNPK
HNRNPL	HNRNPL
HNRNPLL	HNRNPLL
HNRNPM	HNRNPM
HNRNPR	HNRNPR
HNRNPU	HNRNPU
HNRNPUL1	HNRNPUL1
HNRNPUL2-BSCL2	HNRNPUL2-BSCL2
HOMER1	HOMER1
HOMER2	HOMER2
HOMEZ	HOMEZ
HOOK1	HOOK1
HOOK2	HOOK2
HOOK3	HOOK3
HOPX	HOPX
HORMAD1	HORMAD1
HOXB2	HOXB2
HOXB3	HOXB3
HOXB7	HOXB7
HP	HP
HP1BP3	HP1BP3
HPCAL1	HPCAL1
HPCAL4	HPCAL4
HPF1	HPF1
HPGD	HPGD
HPRT1	HPRT1
HPS1	HPS1
HPS3	HPS3
HPS4	HPS4
HPS5	HPS5
HPS6	HPS6
HPSE	HPSE
HRAS	HRAS
HRASLS2	HRASLS2
HRH2	HRH2
HS1BP3	HS1BP3
HS2ST1	HS2ST1
HS3ST1	HS3ST1
HS3ST3B1	HS3ST3B1
HS6ST1	HS6ST1
HSBP1	HSBP1
HSBP1L1	HSBP1L1
HSCB	HSCB
HSD17B10	HSD17B10
HSD17B11	HSD17B11
HSD17B12	HSD17B12
HSD17B4	HSD17B4
HSD17B7	HSD17B7
HSD17B8	HSD17B8
HSDL1	HSDL1
HSDL2	HSDL2
HSF1	HSF1
HSF2	HSF2
HSF5	HSF5
HSH2D	HSH2D
HSP90AA1	HSP90AA1
HSP90AB1	HSP90AB1
HSP90B1	HSP90B1
HSPA13	HSPA13
HSPA14	HSPA14
HSPA1A	HSPA1A
HSPA1B	HSPA1B
HSPA1L	HSPA1L
HSPA4	HSPA4
HSPA4L	HSPA4L
HSPA5	HSPA5
HSPA8	HSPA8
HSPA9	HSPA9
HSPB1	HSPB1
HSPB11	HSPB11
HSPB8	HSPB8
HSPBAP1	HSPBAP1
HSPBP1	HSPBP1
HSPD1	HSPD1
HSPE1	HSPE1
HSPE1-MOB4	HSPE1-MOB4
HSPH1	HSPH1
HTATIP2	HTATIP2
HTATSF1	HTATSF1
HTR2B	HTR2B
HTRA2	HTRA2
HTT	HTT
HUS1	HUS1
HUWE1	HUWE1
HVCN1	HVCN1
HYAL2	HYAL2
HYAL3	HYAL3
HYKK	HYKK
HYLS1	HYLS1
HYOU1	HYOU1
IAH1	IAH1
IARS	IARS
IARS2	IARS2
IATPR	IATPR
IBA57	IBA57
IBTK	IBTK
ICA1	ICA1
ICA1L	ICA1L
ICAM1	ICAM1
ICAM2	ICAM2
ICE1	ICE1
ICE2	ICE2
ICK	ICK
ICMT	ICMT
ICOS	ICOS
ICOSLG	ICOSLG
ID1	ID1
ID2	ID2
ID3	ID3
IDE	IDE
IDH1	IDH1
IDH2	IDH2
IDH3A	IDH3A
IDH3B	IDH3B
IDH3G	IDH3G
IDI1	IDI1
IDNK	IDNK
IDS	IDS
IER2	IER2
IER3	IER3
IER5	IER5
IFFO1	IFFO1
IFI16	IFI16
IFI27L1	IFI27L1
IFI27L2	IFI27L2
IFI35	IFI35
IFI44	IFI44
IFI44L	IFI44L
IFI6	IFI6
IFIH1	IFIH1
IFIT1	IFIT1
IFIT2	IFIT2
IFIT3	IFIT3
IFIT5	IFIT5
IFITM2	IFITM2
IFITM3	IFITM3
IFNAR1	IFNAR1
IFNG	IFNG
IFNGR1	IFNGR1
IFNGR2	IFNGR2
IFNLR1	IFNLR1
IFRD1	IFRD1
IFRD2	IFRD2
IFT122	IFT122
IFT140	IFT140
IFT172	IFT172
IFT20	IFT20
IFT22	IFT22
IFT27	IFT27
IFT43	IFT43
IFT46	IFT46
IFT52	IFT52
IFT57	IFT57
IFT74	IFT74
IFT81	IFT81
IFT88	IFT88
IGBP1	IGBP1
IGF1R	IGF1R
IGF2BP2	IGF2BP2
IGF2BP3	IGF2BP3
IGF2R	IGF2R
IGFBP3	IGFBP3
IGFBP4	IGFBP4
IGFBP6	IGFBP6
IGFBP7	IGFBP7
IGFLR1	IGFLR1
IGHMBP2	IGHMBP2
IGIP	IGIP
IGLL5	IGLL5
IGSF22	IGSF22
IGSF6	IGSF6
IGSF8	IGSF8
IK	IK
IKBIP	IKBIP
IKBKB	IKBKB
IKBKE	IKBKE
IKBKG	IKBKG
IKZF1	IKZF1
IKZF2	IKZF2
IKZF3	IKZF3
IKZF4	IKZF4
IKZF5	IKZF5
IL10RA	IL10RA
IL11RA	IL11RA
IL12RB1	IL12RB1
IL12RB2	IL12RB2
IL13RA1	IL13RA1
IL15	IL15
IL15RA	IL15RA
IL16	IL16
IL17RA	IL17RA
IL17RC	IL17RC
IL18	IL18
IL18BP	IL18BP
IL18R1	IL18R1
IL18RAP	IL18RAP
IL1B	IL1B
IL1RAP	IL1RAP
IL1RN	IL1RN
IL21R	IL21R
IL23A	IL23A
IL23R	IL23R
IL24	IL24
IL27RA	IL27RA
IL2RA	IL2RA
IL2RB	IL2RB
IL32	IL32
IL3RA	IL3RA
IL4I1	IL4I1
IL4R	IL4R
IL6R	IL6R
IL6ST	IL6ST
IL7	IL7
IL7R	IL7R
ILF2	ILF2
ILF3	ILF3
ILF3-DT	ILF3-DT
ILK	ILK
ILKAP	ILKAP
ILVBL	ILVBL
IMMP1L	IMMP1L
IMMP2L	IMMP2L
IMMT	IMMT
IMP3	IMP3
IMP4	IMP4
IMPA1	IMPA1
IMPA2	IMPA2
IMPACT	IMPACT
IMPAD1	IMPAD1
IMPDH1	IMPDH1
IMPDH2	IMPDH2
INAFM1	INAFM1
INAFM2	INAFM2
INCENP	INCENP
INF2	INF2
ING1	ING1
ING2	ING2
ING3	ING3
ING4	ING4
ING5	ING5
INIP	INIP
INKA2	INKA2
INO80	INO80
INO80B	INO80B
INO80B-WBP1	INO80B-WBP1
INO80D	INO80D
INO80E	INO80E
INPP1	INPP1
INPP4A	INPP4A
INPP4B	INPP4B
INPP5A	INPP5A
INPP5B	INPP5B
INPP5D	INPP5D
INPP5E	INPP5E
INPP5F	INPP5F
INPP5K	INPP5K
INPPL1	INPPL1
INSIG1	INSIG1
INSIG2	INSIG2
INSL3	INSL3
INSL6	INSL6
INSR	INSR
INTS1	INTS1
INTS10	INTS10
INTS11	INTS11
INTS12	INTS12
INTS13	INTS13
INTS14	INTS14
INTS2	INTS2
INTS3	INTS3
INTS4	INTS4
INTS5	INTS5
INTS6	INTS6
INTS6L	INTS6L
INTS7	INTS7
INTS8	INTS8
INTS9	INTS9
INVS	INVS
IP6K1	IP6K1
IP6K2	IP6K2
IPCEF1	IPCEF1
IPMK	IPMK
IPO11	IPO11
IPO13	IPO13
IPO4	IPO4
IPO5	IPO5
IPO7	IPO7
IPO8	IPO8
IPO9	IPO9
IPP	IPP
IQCB1	IQCB1
IQCE	IQCE
IQCG	IQCG
IQCH-AS1	IQCH-AS1
IQCN	IQCN
IQGAP1	IQGAP1
IQGAP2	IQGAP2
IQSEC1	IQSEC1
IQSEC2	IQSEC2
IRAK1	IRAK1
IRAK1BP1	IRAK1BP1
IRAK2	IRAK2
IRAK3	IRAK3
IRAK4	IRAK4
IREB2	IREB2
IRF1	IRF1
IRF2	IRF2
IRF2BP1	IRF2BP1
IRF2BP2	IRF2BP2
IRF2BPL	IRF2BPL
IRF3	IRF3
IRF4	IRF4
IRF5	IRF5
IRF7	IRF7
IRF8	IRF8
IRS1	IRS1
IRS2	IRS2
ISCA1	ISCA1
ISCA2	ISCA2
ISCU	ISCU
ISG15	ISG15
ISG20	ISG20
ISG20L2	ISG20L2
ISM1	ISM1
ISOC1	ISOC1
ISOC2	ISOC2
ISPD	ISPD
IST1	IST1
ISY1-RAB43	ISY1-RAB43
ISYNA1	ISYNA1
ITCH	ITCH
ITFG1	ITFG1
ITFG2	ITFG2
ITGA1	ITGA1
ITGA10	ITGA10
ITGA2B	ITGA2B
ITGA3	ITGA3
ITGA4	ITGA4
ITGA5	ITGA5
ITGA6	ITGA6
ITGA9	ITGA9
ITGAE	ITGAE
ITGAL	ITGAL
ITGAM	ITGAM
ITGAV	ITGAV
ITGAX	ITGAX
ITGB1	ITGB1
ITGB1BP1	ITGB1BP1
ITGB2	ITGB2
ITGB3	ITGB3
ITGB3BP	ITGB3BP
ITGB7	ITGB7
ITIH4	ITIH4
ITK	ITK
ITM2A	ITM2A
ITM2B	ITM2B
ITM2C	ITM2C
ITPA	ITPA
ITPK1	ITPK1
ITPKB	ITPKB
ITPKC	ITPKC
ITPR1	ITPR1
ITPR2	ITPR2
ITPR3	ITPR3
ITPRID2	ITPRID2
ITPRIP	ITPRIP
ITPRIPL1	ITPRIPL1
ITPRIPL2	ITPRIPL2
ITSN1	ITSN1
ITSN2	ITSN2
IVD	IVD
IVNS1ABP	IVNS1ABP
IWS1	IWS1
IZUMO4	IZUMO4
JADE1	JADE1
JADE2	JADE2
JAG1	JAG1
JAGN1	JAGN1
JAK1	JAK1
JAK2	JAK2
JAK3	JAK3
JAKMIP1	JAKMIP1
JAKMIP2	JAKMIP2
JAM3	JAM3
JAML	JAML
JARID2	JARID2
JAZF1	JAZF1
JCHAIN	JCHAIN
JDP2	JDP2
JHY	JHY
JKAMP	JKAMP
JMJD1C	JMJD1C
JMJD4	JMJD4
JMJD6	JMJD6
JMJD7	JMJD7
JMJD7-PLA2G4B	JMJD7-PLA2G4B
JMJD8	JMJD8
JMY	JMY
JOSD1	JOSD1
JOSD2	JOSD2
JPT1	JPT1
JPT2	JPT2
JPX	JPX
JRK	JRK
JRKL	JRKL
JTB	JTB
JUN	JUN
JUNB	JUNB
JUND	JUND
JUP	JUP
KALRN	KALRN
KANK1	KANK1
KANK3	KANK3
KANSL1	KANSL1
KANSL1L	KANSL1L
KANSL2	KANSL2
KANSL3	KANSL3
KANTR	KANTR
KARS	KARS
KAT14	KAT14
KAT2A	KAT2A
KAT2B	KAT2B
KAT6A	KAT6A
KAT6B	KAT6B
KAT7	KAT7
KAT8	KAT8
KATNA1	KATNA1
KATNAL1	KATNAL1
KATNAL2	KATNAL2
KATNB1	KATNB1
KATNBL1	KATNBL1
KBTBD11	KBTBD11
KBTBD2	KBTBD2
KBTBD3	KBTBD3
KBTBD4	KBTBD4
KBTBD6	KBTBD6
KBTBD7	KBTBD7
KBTBD8	KBTBD8
KCMF1	KCMF1
KCNA3	KCNA3
KCNAB1	KCNAB1
KCNAB2	KCNAB2
KCNAB3	KCNAB3
KCNC1	KCNC1
KCNC3	KCNC3
KCNC4	KCNC4
KCNE1	KCNE1
KCNE3	KCNE3
KCNJ10	KCNJ10
KCNJ14	KCNJ14
KCNJ3	KCNJ3
KCNK6	KCNK6
KCNMB1	KCNMB1
KCNMB3	KCNMB3
KCNN4	KCNN4
KCNQ1	KCNQ1
KCNQ5	KCNQ5
KCTD10	KCTD10
KCTD12	KCTD12
KCTD13	KCTD13
KCTD15	KCTD15
KCTD17	KCTD17
KCTD18	KCTD18
KCTD2	KCTD2
KCTD20	KCTD20
KCTD3	KCTD3
KCTD5	KCTD5
KCTD6	KCTD6
KCTD7	KCTD7
KCTD9	KCTD9
KDELC2	KDELC2
KDELR1	KDELR1
KDM1A	KDM1A
KDM1B	KDM1B
KDM2A	KDM2A
KDM2B	KDM2B
KDM3A	KDM3A
KDM3B	KDM3B
KDM4B	KDM4B
KDM4C	KDM4C
KDM4D	KDM4D
KDM5A	KDM5A
KDM5B	KDM5B
KDM5C	KDM5C
KDM5D	KDM5D
KDM6A	KDM6A
KDM6B	KDM6B
KDM7A	KDM7A
KDM8	KDM8
KDSR	KDSR
KEAP1	KEAP1
KHDC4	KHDC4
KHDRBS1	KHDRBS1
KHDRBS2	KHDRBS2
KHNYN	KHNYN
KHSRP	KHSRP
KIAA0040	KIAA0040
KIAA0100	KIAA0100
KIAA0232	KIAA0232
KIAA0319L	KIAA0319L
KIAA0355	KIAA0355
KIAA0391	KIAA0391
KIAA0513	KIAA0513
KIAA0556	KIAA0556
KIAA0586	KIAA0586
KIAA0753	KIAA0753
KIAA0825	KIAA0825
KIAA0930	KIAA0930
KIAA1109	KIAA1109
KIAA1143	KIAA1143
KIAA1191	KIAA1191
KIAA1324	KIAA1324
KIAA1324L	KIAA1324L
KIAA1328	KIAA1328
KIAA1586	KIAA1586
KIAA1671	KIAA1671
KIAA1841	KIAA1841
KIAA1958	KIAA1958
KIAA2013	KIAA2013
KIAA2026	KIAA2026
KIDINS220	KIDINS220
KIF11	KIF11
KIF13A	KIF13A
KIF13B	KIF13B
KIF15	KIF15
KIF16B	KIF16B
KIF19	KIF19
KIF1B	KIF1B
KIF1BP	KIF1BP
KIF1C	KIF1C
KIF20B	KIF20B
KIF21A	KIF21A
KIF21B	KIF21B
KIF22	KIF22
KIF27	KIF27
KIF2A	KIF2A
KIF3A	KIF3A
KIF3B	KIF3B
KIF3C	KIF3C
KIF5B	KIF5B
KIF5C	KIF5C
KIF9	KIF9
KIFAP3	KIFAP3
KIFC3	KIFC3
KIN	KIN
KIR3DL1	KIR3DL1
KIR3DL2	KIR3DL2
KIZ	KIZ
KLB	KLB
KLC1	KLC1
KLC2	KLC2
KLC4	KLC4
KLF10	KLF10
KLF11	KLF11
KLF12	KLF12
KLF13	KLF13
KLF15	KLF15
KLF16	KLF16
KLF2	KLF2
KLF3	KLF3
KLF4	KLF4
KLF6	KLF6
KLF7	KLF7
KLF8	KLF8
KLF9	KLF9
KLHDC1	KLHDC1
KLHDC10	KLHDC10
KLHDC2	KLHDC2
KLHDC3	KLHDC3
KLHDC4	KLHDC4
KLHDC7B	KLHDC7B
KLHDC8B	KLHDC8B
KLHL11	KLHL11
KLHL12	KLHL12
KLHL14	KLHL14
KLHL15	KLHL15
KLHL17	KLHL17
KLHL18	KLHL18
KLHL2	KLHL2
KLHL20	KLHL20
KLHL21	KLHL21
KLHL22	KLHL22
KLHL24	KLHL24
KLHL26	KLHL26
KLHL28	KLHL28
KLHL3	KLHL3
KLHL32	KLHL32
KLHL36	KLHL36
KLHL42	KLHL42
KLHL5	KLHL5
KLHL6	KLHL6
KLHL7	KLHL7
KLHL8	KLHL8
KLHL9	KLHL9
KLRB1	KLRB1
KLRC1	KLRC1
KLRC4-KLRK1	KLRC4-KLRK1
KLRD1	KLRD1
KLRF1	KLRF1
KLRG1	KLRG1
KMO	KMO
KMT2A	KMT2A
KMT2B	KMT2B
KMT2C	KMT2C
KMT2D	KMT2D
KMT2E	KMT2E
KMT5A	KMT5A
KMT5B	KMT5B
KMT5C	KMT5C
KNDC1	KNDC1
KNL1	KNL1
KNOP1	KNOP1
KNSTRN	KNSTRN
KNTC1	KNTC1
KPNA1	KPNA1
KPNA2	KPNA2
KPNA3	KPNA3
KPNA4	KPNA4
KPNA5	KPNA5
KPNA6	KPNA6
KPNB1	KPNB1
KPTN	KPTN
KRAS	KRAS
KRBA1	KRBA1
KRBA2	KRBA2
KRBOX4	KRBOX4
KRCC1	KRCC1
KRI1	KRI1
KRIT1	KRIT1
KRR1	KRR1
KRT1	KRT1
KRT10	KRT10
KRT18	KRT18
KRT2	KRT2
KRT72	KRT72
KRTCAP2	KRTCAP2
KRTCAP3	KRTCAP3
KSR1	KSR1
KTN1	KTN1
KXD1	KXD1
KYAT1	KYAT1
KYAT3	KYAT3
KYNU	KYNU
L1TD1	L1TD1
L2HGDH	L2HGDH
L3HYPDH	L3HYPDH
L3MBTL1	L3MBTL1
L3MBTL2	L3MBTL2
L3MBTL3	L3MBTL3
L3MBTL4	L3MBTL4
LACC1	LACC1
LACTB	LACTB
LACTB2	LACTB2
LAG3	LAG3
LAGE3	LAGE3
LAIR1	LAIR1
LAIR2	LAIR2
LAMA2	LAMA2
LAMB1	LAMB1
LAMP1	LAMP1
LAMP2	LAMP2
LAMP5	LAMP5
LAMTOR1	LAMTOR1
LAMTOR2	LAMTOR2
LAMTOR3	LAMTOR3
LAMTOR4	LAMTOR4
LAMTOR5	LAMTOR5
LANCL1	LANCL1
LANCL2	LANCL2
LAP3	LAP3
LAPTM4A	LAPTM4A
LAPTM4B	LAPTM4B
LAPTM5	LAPTM5
LARP1	LARP1
LARP1B	LARP1B
LARP4	LARP4
LARP4B	LARP4B
LARP7	LARP7
LARS	LARS
LARS2	LARS2
LAS1L	LAS1L
LASP1	LASP1
LAT2	LAT2
LATS1	LATS1
LATS2	LATS2
LAX1	LAX1
LBH	LBH
LBR	LBR
LCAT	LCAT
LCK	LCK
LCLAT1	LCLAT1
LCMT1	LCMT1
LCMT2	LCMT2
LCN8	LCN8
LCNL1	LCNL1
LCOR	LCOR
LCORL	LCORL
LCP1	LCP1
LCP2	LCP2
LDAH	LDAH
LDB1	LDB1
LDB2	LDB2
LDHA	LDHA
LDHAL6A	LDHAL6A
LDHB	LDHB
LDHC	LDHC
LDLR	LDLR
LDLRAD3	LDLRAD3
LDLRAD4	LDLRAD4
LDLRAP1	LDLRAP1
LDOC1	LDOC1
LEAP2	LEAP2
LEF1	LEF1
LEKR1	LEKR1
LEMD2	LEMD2
LEMD3	LEMD3
LENG1	LENG1
LENG8	LENG8
LEO1	LEO1
LEPR	LEPR
LEPROT	LEPROT
LEPROTL1	LEPROTL1
LETM1	LETM1
LETM2	LETM2
LETMD1	LETMD1
LFNG	LFNG
LGALS1	LGALS1
LGALS12	LGALS12
LGALS2	LGALS2
LGALS3	LGALS3
LGALS3BP	LGALS3BP
LGALS8	LGALS8
LGALS9	LGALS9
LGALS9B	LGALS9B
LGALS9C	LGALS9C
LGALSL	LGALSL
LGMN	LGMN
LGR6	LGR6
LHFPL2	LHFPL2
LHFPL3	LHFPL3
LHFPL4	LHFPL4
LHPP	LHPP
LHX4	LHX4
LIAS	LIAS
LIG1	LIG1
LIG3	LIG3
LIG4	LIG4
LILRA1	LILRA1
LILRA2	LILRA2
LILRA5	LILRA5
LILRA6	LILRA6
LILRB1	LILRB1
LILRB2	LILRB2
LILRB3	LILRB3
LILRB4	LILRB4
LILRB5	LILRB5
LIM2	LIM2
LIMA1	LIMA1
LIMD1	LIMD1
LIMK1	LIMK1
LIMK2	LIMK2
LIMS1	LIMS1
LIMS2	LIMS2
LIMS3	LIMS3
LIN52	LIN52
LIN54	LIN54
LIN7A	LIN7A
LIN7B	LIN7B
LIN7C	LIN7C
LIN9	LIN9
LINC00106	LINC00106
LINC00167	LINC00167
LINC00239	LINC00239
LINC00243	LINC00243
LINC002481	LINC002481
LINC00265	LINC00265
LINC00278	LINC00278
LINC00299	LINC00299
LINC00309	LINC00309
LINC00324	LINC00324
LINC00342	LINC00342
LINC00402	LINC00402
LINC00426	LINC00426
LINC00467	LINC00467
LINC00470	LINC00470
LINC00476	LINC00476
LINC00482	LINC00482
LINC00513	LINC00513
LINC00528	LINC00528
LINC00539	LINC00539
LINC00544	LINC00544
LINC00623	LINC00623
LINC00630	LINC00630
LINC00653	LINC00653
LINC00662	LINC00662
LINC00663	LINC00663
LINC00665	LINC00665
LINC00667	LINC00667
LINC00672	LINC00672
LINC00847	LINC00847
LINC00861	LINC00861
LINC00877	LINC00877
LINC00886	LINC00886
LINC00891	LINC00891
LINC00909	LINC00909
LINC00910	LINC00910
LINC00920	LINC00920
LINC00921	LINC00921
LINC00926	LINC00926
LINC00937	LINC00937
LINC00944	LINC00944
LINC00954	LINC00954
LINC00957	LINC00957
LINC00987	LINC00987
LINC00996	LINC00996
LINC01001	LINC01001
LINC01003	LINC01003
LINC01006	LINC01006
LINC01011	LINC01011
LINC01023	LINC01023
LINC01126	LINC01126
LINC01136	LINC01136
LINC01146	LINC01146
LINC01184	LINC01184
LINC01215	LINC01215
LINC01220	LINC01220
LINC01242	LINC01242
LINC01252	LINC01252
LINC01291	LINC01291
LINC01303	LINC01303
LINC01353	LINC01353
LINC01355	LINC01355
LINC01410	LINC01410
LINC01422	LINC01422
LINC01431	LINC01431
LINC01465	LINC01465
LINC01473	LINC01473
LINC01503	LINC01503
LINC01504	LINC01504
LINC01505	LINC01505
LINC01506	LINC01506
LINC01521	LINC01521
LINC01534	LINC01534
LINC01550	LINC01550
LINC01560	LINC01560
LINC01569	LINC01569
LINC01588	LINC01588
LINC01597	LINC01597
LINC01637	LINC01637
LINC01678	LINC01678
LINC01679	LINC01679
LINC01684	LINC01684
LINC01715	LINC01715
LINC01719	LINC01719
LINC01725	LINC01725
LINC01727	LINC01727
LINC01772	LINC01772
LINC01781	LINC01781
LINC01792	LINC01792
LINC01806	LINC01806
LINC01841	LINC01841
LINC01857	LINC01857
LINC01871	LINC01871
LINC01891	LINC01891
LINC01934	LINC01934
LINC01943	LINC01943
LINC01963	LINC01963
LINC02001	LINC02001
LINC02019	LINC02019
LINC02035	LINC02035
LINC02062	LINC02062
LINC02067	LINC02067
LINC02076	LINC02076
LINC02084	LINC02084
LINC02085	LINC02085
LINC02207	LINC02207
LINC02211	LINC02211
LINC02256	LINC02256
LINC02265	LINC02265
LINC02273	LINC02273
LINC02284	LINC02284
LINC02285	LINC02285
LINC02307	LINC02307
LINC02328	LINC02328
LINC02345	LINC02345
LINC02352	LINC02352
LINC02361	LINC02361
LINC02384	LINC02384
LINC02422	LINC02422
LINC02432	LINC02432
LINC02446	LINC02446
LINC02447	LINC02447
LINC02482	LINC02482
LINC02536	LINC02536
LINC02604	LINC02604
LINC02611	LINC02611
LINC02637	LINC02637
LINC02648	LINC02648
LINC02649	LINC02649
LINGO3	LINGO3
LINS1	LINS1
LIPA	LIPA
LIPE	LIPE
LIPN	LIPN
LIPT2	LIPT2
LITAF	LITAF
LIX1	LIX1
LIX1L	LIX1L
LKAAEAR1	LKAAEAR1
LLGL2	LLGL2
LLPH	LLPH
LMAN1	LMAN1
LMAN2	LMAN2
LMAN2L	LMAN2L
LMBR1	LMBR1
LMBR1L	LMBR1L
LMBRD1	LMBRD1
LMBRD2	LMBRD2
LMF1	LMF1
LMF2	LMF2
LMLN	LMLN
LMNA	LMNA
LMNB1	LMNB1
LMNB2	LMNB2
LMO2	LMO2
LMO4	LMO4
LMO7	LMO7
LMOD3	LMOD3
LMTK2	LMTK2
LNPEP	LNPEP
LNPK	LNPK
LNX2	LNX2
LOH12CR2	LOH12CR2
LONP1	LONP1
LONP2	LONP2
LONRF1	LONRF1
LONRF3	LONRF3
LOXL2	LOXL2
LPAR2	LPAR2
LPAR5	LPAR5
LPAR6	LPAR6
LPCAT1	LPCAT1
LPCAT2	LPCAT2
LPCAT3	LPCAT3
LPCAT4	LPCAT4
LPGAT1	LPGAT1
LPIN1	LPIN1
LPIN2	LPIN2
LPL	LPL
LPP	LPP
LPXN	LPXN
LRBA	LRBA
LRCH1	LRCH1
LRCH3	LRCH3
LRFN1	LRFN1
LRFN3	LRFN3
LRIF1	LRIF1
LRIG1	LRIG1
LRIG2	LRIG2
LRMDA	LRMDA
LRMP	LRMP
LRP1	LRP1
LRP10	LRP10
LRP2BP	LRP2BP
LRP3	LRP3
LRP5L	LRP5L
LRP6	LRP6
LRP8	LRP8
LRPAP1	LRPAP1
LRPPRC	LRPPRC
LRR1	LRR1
LRRC1	LRRC1
LRRC10B	LRRC10B
LRRC14	LRRC14
LRRC23	LRRC23
LRRC25	LRRC25
LRRC27	LRRC27
LRRC28	LRRC28
LRRC29	LRRC29
LRRC34	LRRC34
LRRC37A	LRRC37A
LRRC37A2	LRRC37A2
LRRC37A3	LRRC37A3
LRRC37B	LRRC37B
LRRC39	LRRC39
LRRC4	LRRC4
LRRC40	LRRC40
LRRC41	LRRC41
LRRC42	LRRC42
LRRC45	LRRC45
LRRC47	LRRC47
LRRC56	LRRC56
LRRC57	LRRC57
LRRC58	LRRC58
LRRC59	LRRC59
LRRC6	LRRC6
LRRC61	LRRC61
LRRC69	LRRC69
LRRC7	LRRC7
LRRC8A	LRRC8A
LRRC8B	LRRC8B
LRRC8C	LRRC8C
LRRCC1	LRRCC1
LRRFIP1	LRRFIP1
LRRFIP2	LRRFIP2
LRRK1	LRRK1
LRRK2	LRRK2
LRRN3	LRRN3
LRRTM2	LRRTM2
LRSAM1	LRSAM1
LRTOMT	LRTOMT
LRWD1	LRWD1
LSAMP	LSAMP
LSG1	LSG1
LSM1	LSM1
LSM10	LSM10
LSM11	LSM11
LSM12	LSM12
LSM14A	LSM14A
LSM14B	LSM14B
LSM2	LSM2
LSM3	LSM3
LSM5	LSM5
LSM6	LSM6
LSM7	LSM7
LSM8	LSM8
LSP1	LSP1
LSR	LSR
LSS	LSS
LST1	LST1
LTA	LTA
LTA4H	LTA4H
LTB	LTB
LTB4R	LTB4R
LTBP1	LTBP1
LTBP3	LTBP3
LTBP4	LTBP4
LTBR	LTBR
LTK	LTK
LTN1	LTN1
LTO1	LTO1
LTV1	LTV1
LUC7L	LUC7L
LUC7L2	LUC7L2
LUC7L3	LUC7L3
LUZP1	LUZP1
LXN	LXN
LY6E	LY6E
LY6G5C	LY6G5C
LY75-CD302	LY75-CD302
LY86	LY86
LY9	LY9
LY96	LY96
LYAR	LYAR
LYG2	LYG2
LYL1	LYL1
LYN	LYN
LYNX1-SLURP2	LYNX1-SLURP2
LYPD3	LYPD3
LYPLA1	LYPLA1
LYPLA2	LYPLA2
LYPLAL1	LYPLAL1
LYRM1	LYRM1
LYRM2	LYRM2
LYRM4	LYRM4
LYRM7	LYRM7
LYSMD1	LYSMD1
LYSMD2	LYSMD2
LYSMD3	LYSMD3
LYSMD4	LYSMD4
LYST	LYST
LYVE1	LYVE1
LYZ	LYZ
LZIC	LZIC
LZTFL1	LZTFL1
LZTS2	LZTS2
M6PR	M6PR
MACF1	MACF1
MACO1	MACO1
MACROD1	MACROD1
MACROD2	MACROD2
MAD1L1	MAD1L1
MAD2L1	MAD2L1
MAD2L1BP	MAD2L1BP
MAD2L2	MAD2L2
MADD	MADD
MAEA	MAEA
MAF	MAF
MAF1	MAF1
MAFB	MAFB
MAFF	MAFF
MAGED1	MAGED1
MAGED2	MAGED2
MAGEE1	MAGEE1
MAGEF1	MAGEF1
MAGEH1	MAGEH1
MAGI3	MAGI3
MAGIX	MAGIX
MAGOH	MAGOH
MAGOHB	MAGOHB
MAGT1	MAGT1
MAIP1	MAIP1
MAK	MAK
MAK16	MAK16
MAL	MAL
MALAT1	MALAT1
MALSU1	MALSU1
MALT1	MALT1
MAMDC2	MAMDC2
MAML1	MAML1
MAML2	MAML2
MAML3	MAML3
MAN1A1	MAN1A1
MAN1A2	MAN1A2
MAN1B1	MAN1B1
MAN1C1	MAN1C1
MAN2A1	MAN2A1
MAN2A2	MAN2A2
MAN2B1	MAN2B1
MAN2B2	MAN2B2
MAN2C1	MAN2C1
MANBA	MANBA
MANBAL	MANBAL
MANEA	MANEA
MANF	MANF
MAP10	MAP10
MAP1A	MAP1A
MAP1B	MAP1B
MAP1LC3A	MAP1LC3A
MAP1LC3B	MAP1LC3B
MAP1LC3B2	MAP1LC3B2
MAP1S	MAP1S
MAP2K1	MAP2K1
MAP2K2	MAP2K2
MAP2K3	MAP2K3
MAP2K4	MAP2K4
MAP2K5	MAP2K5
MAP2K6	MAP2K6
MAP2K7	MAP2K7
MAP3K1	MAP3K1
MAP3K10	MAP3K10
MAP3K11	MAP3K11
MAP3K12	MAP3K12
MAP3K13	MAP3K13
MAP3K14	MAP3K14
MAP3K15	MAP3K15
MAP3K2	MAP3K2
MAP3K2-DT	MAP3K2-DT
MAP3K20	MAP3K20
MAP3K21	MAP3K21
MAP3K3	MAP3K3
MAP3K4	MAP3K4
MAP3K5	MAP3K5
MAP3K6	MAP3K6
MAP3K7	MAP3K7
MAP3K7CL	MAP3K7CL
MAP3K8	MAP3K8
MAP3K9	MAP3K9
MAP4	MAP4
MAP4K1	MAP4K1
MAP4K2	MAP4K2
MAP4K3	MAP4K3
MAP4K4	MAP4K4
MAP4K5	MAP4K5
MAP7	MAP7
MAP7D1	MAP7D1
MAP7D3	MAP7D3
MAP9	MAP9
MAPK1	MAPK1
MAPK10	MAPK10
MAPK13	MAPK13
MAPK14	MAPK14
MAPK1IP1L	MAPK1IP1L
MAPK3	MAPK3
MAPK6	MAPK6
MAPK7	MAPK7
MAPK8	MAPK8
MAPK8IP3	MAPK8IP3
MAPK9	MAPK9
MAPKAP1	MAPKAP1
MAPKAPK2	MAPKAPK2
MAPKAPK3	MAPKAPK3
MAPKAPK5	MAPKAPK5
MAPKAPK5-AS1	MAPKAPK5-AS1
MAPKBP1	MAPKBP1
MAPRE1	MAPRE1
MAPRE2	MAPRE2
MAPRE3	MAPRE3
MARC1	MARC1
MARCH1	MARCH1
MARCH2	MARCH2
MARCH3	MARCH3
MARCH5	MARCH5
MARCH6	MARCH6
MARCH7	MARCH7
MARCH8	MARCH8
MARCH9	MARCH9
MARCKS	MARCKS
MARCKSL1	MARCKSL1
MARCO	MARCO
MARF1	MARF1
MARK2	MARK2
MARK3	MARK3
MARK4	MARK4
MARS	MARS
MARVELD1	MARVELD1
MAST2	MAST2
MAST3	MAST3
MAST4	MAST4
MASTL	MASTL
MAT2A	MAT2A
MAT2B	MAT2B
MATK	MATK
MAU2	MAU2
MAVS	MAVS
MAX	MAX
MB21D2	MB21D2
MBD1	MBD1
MBD2	MBD2
MBD3	MBD3
MBD4	MBD4
MBD5	MBD5
MBD6	MBD6
MBIP	MBIP
MBLAC1	MBLAC1
MBLAC2	MBLAC2
MBNL1	MBNL1
MBNL2	MBNL2
MBNL3	MBNL3
MBOAT1	MBOAT1
MBOAT2	MBOAT2
MBOAT4	MBOAT4
MBOAT7	MBOAT7
MBP	MBP
MBTD1	MBTD1
MBTPS1	MBTPS1
MBTPS2	MBTPS2
MCAT	MCAT
MCC	MCC
MCCC1	MCCC1
MCCC2	MCCC2
MCEE	MCEE
MCEMP1	MCEMP1
MCF2L	MCF2L
MCF2L2	MCF2L2
MCFD2	MCFD2
MCL1	MCL1
MCM3	MCM3
MCM3AP	MCM3AP
MCM4	MCM4
MCM5	MCM5
MCM6	MCM6
MCM7	MCM7
MCM8	MCM8
MCM9	MCM9
MCMBP	MCMBP
MCOLN1	MCOLN1
MCOLN2	MCOLN2
MCPH1	MCPH1
MCRIP1	MCRIP1
MCRIP2	MCRIP2
MCRS1	MCRS1
MCTP1	MCTP1
MCTP2	MCTP2
MCTS1	MCTS1
MCU	MCU
MCUB	MCUB
MCUR1	MCUR1
MDC1	MDC1
MDFIC	MDFIC
MDGA2	MDGA2
MDH1	MDH1
MDH2	MDH2
MDM1	MDM1
MDM2	MDM2
MDM4	MDM4
MDN1	MDN1
MDS2	MDS2
ME1	ME1
ME2	ME2
MEA1	MEA1
MEAF6	MEAF6
MEAK7	MEAK7
MECOM	MECOM
MECP2	MECP2
MECR	MECR
MED1	MED1
MED10	MED10
MED11	MED11
MED12	MED12
MED12L	MED12L
MED13	MED13
MED13L	MED13L
MED14	MED14
MED15	MED15
MED16	MED16
MED18	MED18
MED19	MED19
MED20	MED20
MED21	MED21
MED22	MED22
MED23	MED23
MED24	MED24
MED25	MED25
MED27	MED27
MED28	MED28
MED29	MED29
MED30	MED30
MED31	MED31
MED4	MED4
MED6	MED6
MED8	MED8
MED9	MED9
MEF2A	MEF2A
MEF2C	MEF2C
MEF2D	MEF2D
MEFV	MEFV
MEGF6	MEGF6
MEGF8	MEGF8
MEGF9	MEGF9
MEI1	MEI1
MEIOC	MEIOC
MEMO1	MEMO1
MEN1	MEN1
MEOX1	MEOX1
MEPCE	MEPCE
MERTK	MERTK
MESD	MESD
MEST	MEST
METAP1	METAP1
METAP1D	METAP1D
METAP2	METAP2
METRN	METRN
METRNL	METRNL
METTL14	METTL14
METTL15	METTL15
METTL16	METTL16
METTL17	METTL17
METTL18	METTL18
METTL21A	METTL21A
METTL22	METTL22
METTL23	METTL23
METTL25	METTL25
METTL26	METTL26
METTL2A	METTL2A
METTL2B	METTL2B
METTL3	METTL3
METTL4	METTL4
METTL5	METTL5
METTL6	METTL6
METTL7A	METTL7A
METTL8	METTL8
METTL9	METTL9
MEX3C	MEX3C
MFAP1	MFAP1
MFAP3	MFAP3
MFF	MFF
MFGE8	MFGE8
MFHAS1	MFHAS1
MFN1	MFN1
MFN2	MFN2
MFNG	MFNG
MFSD1	MFSD1
MFSD10	MFSD10
MFSD11	MFSD11
MFSD12	MFSD12
MFSD13A	MFSD13A
MFSD14B	MFSD14B
MFSD14C	MFSD14C
MFSD2A	MFSD2A
MFSD2B	MFSD2B
MFSD3	MFSD3
MFSD4A	MFSD4A
MFSD4B	MFSD4B
MFSD5	MFSD5
MFSD6	MFSD6
MFSD8	MFSD8
MFSD9	MFSD9
MGA	MGA
MGAT1	MGAT1
MGAT4A	MGAT4A
MGAT4B	MGAT4B
MGAT5	MGAT5
MGLL	MGLL
MGME1	MGME1
MGMT	MGMT
MGP	MGP
MGRN1	MGRN1
MGST1	MGST1
MGST2	MGST2
MGST3	MGST3
MIA-RAB4B	MIA-RAB4B
MIA2	MIA2
MIA3	MIA3
MIAT	MIAT
MIATNB	MIATNB
MIB1	MIB1
MIB2	MIB2
MICA	MICA
MICAL1	MICAL1
MICAL2	MICAL2
MICAL3	MICAL3
MICALL1	MICALL1
MICB	MICB
MICOS10	MICOS10
MICOS13	MICOS13
MICU1	MICU1
MICU2	MICU2
MICU3	MICU3
MID1IP1	MID1IP1
MIDN	MIDN
MIEF1	MIEF1
MIEF2	MIEF2
MIEN1	MIEN1
MIER1	MIER1
MIER2	MIER2
MIER3	MIER3
MIF4GD	MIF4GD
MIGA1	MIGA1
MIGA2	MIGA2
MIIP	MIIP
MILR1	MILR1
MINDY1	MINDY1
MINDY2	MINDY2
MINDY3	MINDY3
MINK1	MINK1
MINPP1	MINPP1
MIOS	MIOS
MIPEP	MIPEP
MIR1244-2	MIR1244-2
MIR155HG	MIR155HG
MIR181A1HG	MIR181A1HG
MIR222HG	MIR222HG
MIR22HG	MIR22HG
MIR29B2CHG	MIR29B2CHG
MIR3615	MIR3615
MIR3945HG	MIR3945HG
MIR4435-2HG	MIR4435-2HG
MIR4458HG	MIR4458HG
MIR646HG	MIR646HG
MIRLET7BHG	MIRLET7BHG
MIS12	MIS12
MIS18A	MIS18A
MIS18BP1	MIS18BP1
MISP3	MISP3
MITD1	MITD1
MITF	MITF
MKI67	MKI67
MKKS	MKKS
MKLN1	MKLN1
MKNK1	MKNK1
MKNK2	MKNK2
MKRN1	MKRN1
MKRN2	MKRN2
MKS1	MKS1
MLC1	MLC1
MLEC	MLEC
MLF1	MLF1
MLF2	MLF2
MLH1	MLH1
MLH3	MLH3
MLKL	MLKL
MLLT1	MLLT1
MLLT10	MLLT10
MLLT11	MLLT11
MLLT3	MLLT3
MLLT6	MLLT6
MLST8	MLST8
MLX	MLX
MLXIP	MLXIP
MLYCD	MLYCD
MMAA	MMAA
MMAB	MMAB
MMACHC	MMACHC
MMADHC	MMADHC
MMD	MMD
MMGT1	MMGT1
MMP17	MMP17
MMP23B	MMP23B
MMP24OS	MMP24OS
MMP25	MMP25
MMP28	MMP28
MMRN1	MMRN1
MMRN2	MMRN2
MMS19	MMS19
MMS22L	MMS22L
MMUT	MMUT
MNAT1	MNAT1
MNDA	MNDA
MNT	MNT
MOAP1	MOAP1
MOB1A	MOB1A
MOB1B	MOB1B
MOB2	MOB2
MOB3A	MOB3A
MOB3B	MOB3B
MOCS2	MOCS2
MOCS3	MOCS3
MOGS	MOGS
MON1A	MON1A
MON1B	MON1B
MON2	MON2
MORC2	MORC2
MORC3	MORC3
MORC4	MORC4
MORF4L1	MORF4L1
MORF4L2	MORF4L2
MORN1	MORN1
MORN2	MORN2
MORN3	MORN3
MOSMO	MOSMO
MOSPD1	MOSPD1
MOSPD2	MOSPD2
MOSPD3	MOSPD3
MOV10	MOV10
MPC1	MPC1
MPC2	MPC2
MPDU1	MPDU1
MPEG1	MPEG1
MPG	MPG
MPHOSPH10	MPHOSPH10
MPHOSPH6	MPHOSPH6
MPHOSPH8	MPHOSPH8
MPHOSPH9	MPHOSPH9
MPI	MPI
MPIG6B	MPIG6B
MPLKIP	MPLKIP
MPND	MPND
MPO	MPO
MPP1	MPP1
MPP5	MPP5
MPP6	MPP6
MPP7	MPP7
MPP7-DT	MPP7-DT
MPPE1	MPPE1
MPPED2	MPPED2
MPRIP	MPRIP
MPST	MPST
MPV17	MPV17
MPV17L2	MPV17L2
MPZ	MPZ
MPZL1	MPZL1
MPZL2	MPZL2
MPZL3	MPZL3
MR1	MR1
MRAS	MRAS
MRE11	MRE11
MREG	MREG
MRFAP1	MRFAP1
MRFAP1L1	MRFAP1L1
MRGBP	MRGBP
MRI1	MRI1
MRM1	MRM1
MRM2	MRM2
MRM3	MRM3
MRNIP	MRNIP
MROH1	MROH1
MROH6	MROH6
MROH7-TTC4	MROH7-TTC4
MROH8	MROH8
MRRF	MRRF
MRS2	MRS2
MRTFA	MRTFA
MRTFB	MRTFB
MRTO4	MRTO4
MS4A1	MS4A1
MS4A4A	MS4A4A
MS4A6A	MS4A6A
MS4A6E	MS4A6E
MSANTD2	MSANTD2
MSANTD3	MSANTD3
MSANTD4	MSANTD4
MSH2	MSH2
MSH3	MSH3
MSH5	MSH5
MSH6	MSH6
MSI2	MSI2
MSL1	MSL1
MSL2	MSL2
MSL3	MSL3
MSMO1	MSMO1
MSN	MSN
MSR1	MSR1
MSRA	MSRA
MSRB1	MSRB1
MSRB2	MSRB2
MSS51	MSS51
MSTO1	MSTO1
MT-ATP6	MT-ATP6
MT-ATP8	MT-ATP8
MT-CO1	MT-CO1
MT-CO2	MT-CO2
MT-CYB	MT-CYB
MT-ND1	MT-ND1
MT-ND2	MT-ND2
MT-ND3	MT-ND3
MT-ND4L	MT-ND4L
MT-ND5	MT-ND5
MT-ND6	MT-ND6
MT1A	MT1A
MT1E	MT1E
MT1F	MT1F
MT1X	MT1X
MT2A	MT2A
MTA1	MTA1
MTA2	MTA2
MTA3	MTA3
MTAP	MTAP
MTBP	MTBP
MTCH1	MTCH1
MTCH2	MTCH2
MTCP1	MTCP1
MTDH	MTDH
MTERF1	MTERF1
MTERF2	MTERF2
MTERF3	MTERF3
MTERF4	MTERF4
MTF1	MTF1
MTF2	MTF2
MTFMT	MTFMT
MTFR1	MTFR1
MTFR1L	MTFR1L
MTG2	MTG2
MTHFD1	MTHFD1
MTHFD1L	MTHFD1L
MTHFD2	MTHFD2
MTHFD2L	MTHFD2L
MTHFR	MTHFR
MTHFS	MTHFS
MTHFSD	MTHFSD
MTIF2	MTIF2
MTIF3	MTIF3
MTLN	MTLN
MTM1	MTM1
MTMR1	MTMR1
MTMR10	MTMR10
MTMR11	MTMR11
MTMR12	MTMR12
MTMR14	MTMR14
MTMR2	MTMR2
MTMR3	MTMR3
MTMR4	MTMR4
MTMR6	MTMR6
MTMR7	MTMR7
MTMR8	MTMR8
MTMR9	MTMR9
MTO1	MTO1
MTOR	MTOR
MTPAP	MTPAP
MTPN	MTPN
MTR	MTR
MTREX	MTREX
MTRF1	MTRF1
MTRF1L	MTRF1L
MTRNR2L1	MTRNR2L1
MTRNR2L10	MTRNR2L10
MTRNR2L12	MTRNR2L12
MTRNR2L6	MTRNR2L6
MTRNR2L8	MTRNR2L8
MTRR	MTRR
MTSS1	MTSS1
MTURN	MTURN
MTUS1	MTUS1
MTX1	MTX1
MTX2	MTX2
MTX3	MTX3
MUC20-OT1	MUC20-OT1
MUC6	MUC6
MUL1	MUL1
MUS81	MUS81
MUTYH	MUTYH
MVB12A	MVB12A
MVB12B	MVB12B
MVD	MVD
MVK	MVK
MVP	MVP
MX1	MX1
MX2	MX2
MXD1	MXD1
MXD3	MXD3
MXD4	MXD4
MXI1	MXI1
MXRA7	MXRA7
MYADM	MYADM
MYB	MYB
MYBBP1A	MYBBP1A
MYBL1	MYBL1
MYBL2	MYBL2
MYC	MYC
MYCBP2	MYCBP2
MYCBPAP	MYCBPAP
MYCL	MYCL
MYD88	MYD88
MYDGF	MYDGF
MYEF2	MYEF2
MYH10	MYH10
MYH11	MYH11
MYH3	MYH3
MYH9	MYH9
MYL12A	MYL12A
MYL12B	MYL12B
MYL4	MYL4
MYL5	MYL5
MYL6	MYL6
MYL6B	MYL6B
MYL9	MYL9
MYLIP	MYLIP
MYLK	MYLK
MYNN	MYNN
MYO10	MYO10
MYO15B	MYO15B
MYO18A	MYO18A
MYO19	MYO19
MYO1C	MYO1C
MYO1D	MYO1D
MYO1E	MYO1E
MYO1F	MYO1F
MYO1G	MYO1G
MYO5A	MYO5A
MYO6	MYO6
MYO7A	MYO7A
MYO9A	MYO9A
MYO9B	MYO9B
MYOF	MYOF
MYOM1	MYOM1
MYOM2	MYOM2
MYPOP	MYPOP
MYSM1	MYSM1
MZB1	MZB1
MZF1	MZF1
MZT1	MZT1
MZT2A	MZT2A
MZT2B	MZT2B
N4BP2	N4BP2
N4BP2L1	N4BP2L1
N4BP2L2	N4BP2L2
N4BP3	N4BP3
N6AMT1	N6AMT1
NAA15	NAA15
NAA16	NAA16
NAA20	NAA20
NAA25	NAA25
NAA30	NAA30
NAA35	NAA35
NAA38	NAA38
NAA40	NAA40
NAA50	NAA50
NAA60	NAA60
NAAA	NAAA
NAALAD2	NAALAD2
NAALADL1	NAALADL1
NAB1	NAB1
NAB2	NAB2
NABP1	NABP1
NABP2	NABP2
NACA	NACA
NACA2	NACA2
NACC1	NACC1
NACC2	NACC2
NADK	NADK
NADK2	NADK2
NADSYN1	NADSYN1
NAE1	NAE1
NAF1	NAF1
NAGA	NAGA
NAGK	NAGK
NAGLU	NAGLU
NAGPA	NAGPA
NAIF1	NAIF1
NAIP	NAIP
NAMPT	NAMPT
NANP	NANP
NANS	NANS
NAP1L1	NAP1L1
NAP1L2	NAP1L2
NAP1L3	NAP1L3
NAP1L4	NAP1L4
NAP1L5	NAP1L5
NAPA	NAPA
NAPB	NAPB
NAPEPLD	NAPEPLD
NAPG	NAPG
NAPRT	NAPRT
NARF	NARF
NARS	NARS
NARS2	NARS2
NASP	NASP
NAT1	NAT1
NAT10	NAT10
NAT14	NAT14
NAT9	NAT9
NATD1	NATD1
NAV1	NAV1
NAXD	NAXD
NAXE	NAXE
NBAS	NBAS
NBDY	NBDY
NBEA	NBEA
NBEAL1	NBEAL1
NBEAL2	NBEAL2
NBN	NBN
NBPF1	NBPF1
NBPF10	NBPF10
NBPF11	NBPF11
NBPF12	NBPF12
NBPF14	NBPF14
NBPF15	NBPF15
NBPF19	NBPF19
NBPF20	NBPF20
NBPF26	NBPF26
NBPF3	NBPF3
NBPF9	NBPF9
NBR1	NBR1
NCALD	NCALD
NCAM1	NCAM1
NCAPD2	NCAPD2
NCAPD3	NCAPD3
NCAPG	NCAPG
NCAPG2	NCAPG2
NCAPH2	NCAPH2
NCBP1	NCBP1
NCBP2	NCBP2
NCBP2-AS2	NCBP2-AS2
NCBP3	NCBP3
NCEH1	NCEH1
NCF1	NCF1
NCF2	NCF2
NCF4	NCF4
NCK1	NCK1
NCK2	NCK2
NCKAP1	NCKAP1
NCKAP1L	NCKAP1L
NCKAP5L	NCKAP5L
NCKIPSD	NCKIPSD
NCL	NCL
NCLN	NCLN
NCOA1	NCOA1
NCOA2	NCOA2
NCOA3	NCOA3
NCOA4	NCOA4
NCOA5	NCOA5
NCOA6	NCOA6
NCOA7	NCOA7
NCOR1	NCOR1
NCOR2	NCOR2
NCR1	NCR1
NCR3	NCR3
NCSTN	NCSTN
NDC1	NDC1
NDC80	NDC80
NDE1	NDE1
NDEL1	NDEL1
NDFIP1	NDFIP1
NDFIP2	NDFIP2
NDOR1	NDOR1
NDRG1	NDRG1
NDRG2	NDRG2
NDRG3	NDRG3
NDST1	NDST1
NDUFA1	NDUFA1
NDUFA10	NDUFA10
NDUFA12	NDUFA12
NDUFA13	NDUFA13
NDUFA2	NDUFA2
NDUFA3	NDUFA3
NDUFA4	NDUFA4
NDUFA5	NDUFA5
NDUFA6	NDUFA6
NDUFA8	NDUFA8
NDUFA9	NDUFA9
NDUFAB1	NDUFAB1
NDUFAF1	NDUFAF1
NDUFAF2	NDUFAF2
NDUFAF3	NDUFAF3
NDUFAF4	NDUFAF4
NDUFAF5	NDUFAF5
NDUFAF6	NDUFAF6
NDUFAF7	NDUFAF7
NDUFAF8	NDUFAF8
NDUFB1	NDUFB1
NDUFB10	NDUFB10
NDUFB11	NDUFB11
NDUFB2	NDUFB2
NDUFB3	NDUFB3
NDUFB4	NDUFB4
NDUFB5	NDUFB5
NDUFB6	NDUFB6
NDUFB7	NDUFB7
NDUFB9	NDUFB9
NDUFC1	NDUFC1
NDUFC2-KCTD14	NDUFC2-KCTD14
NDUFS1	NDUFS1
NDUFS2	NDUFS2
NDUFS3	NDUFS3
NDUFS4	NDUFS4
NDUFS5	NDUFS5
NDUFS6	NDUFS6
NDUFS7	NDUFS7
NDUFS8	NDUFS8
NDUFV1	NDUFV1
NDUFV2	NDUFV2
NDUFV3	NDUFV3
NEAT1	NEAT1
NEB	NEB
NECAB3	NECAB3
NECAP1	NECAP1
NECAP2	NECAP2
NECTIN1	NECTIN1
NECTIN3	NECTIN3
NEDD1	NEDD1
NEDD4	NEDD4
NEDD4L	NEDD4L
NEDD8-MDP1	NEDD8-MDP1
NEDD9	NEDD9
NEFH	NEFH
NEFL	NEFL
NEIL1	NEIL1
NEIL2	NEIL2
NEK1	NEK1
NEK11	NEK11
NEK3	NEK3
NEK4	NEK4
NEK5	NEK5
NEK6	NEK6
NEK7	NEK7
NEK9	NEK9
NELFA	NELFA
NELFB	NELFB
NELFCD	NELFCD
NELFE	NELFE
NELL2	NELL2
NEMF	NEMF
NEMP1	NEMP1
NEMP2	NEMP2
NENF	NENF
NEO1	NEO1
NEPRO	NEPRO
NET1	NET1
NETO2	NETO2
NEU1	NEU1
NEU3	NEU3
NEURL1	NEURL1
NEXN	NEXN
NF1	NF1
NF2	NF2
NFAM1	NFAM1
NFAT5	NFAT5
NFATC1	NFATC1
NFATC2	NFATC2
NFATC2IP	NFATC2IP
NFATC3	NFATC3
NFE2	NFE2
NFE2L1	NFE2L1
NFE2L2	NFE2L2
NFE2L3	NFE2L3
NFIA	NFIA
NFIC	NFIC
NFIL3	NFIL3
NFIX	NFIX
NFKB1	NFKB1
NFKB2	NFKB2
NFKBIA	NFKBIA
NFKBIB	NFKBIB
NFKBIE	NFKBIE
NFKBIL1	NFKBIL1
NFKBIZ	NFKBIZ
NFRKB	NFRKB
NFS1	NFS1
NFU1	NFU1
NFX1	NFX1
NFXL1	NFXL1
NFYA	NFYA
NFYB	NFYB
NFYC	NFYC
NGDN	NGDN
NGLY1	NGLY1
NHEJ1	NHEJ1
NHLRC2	NHLRC2
NHLRC3	NHLRC3
NHP2	NHP2
NHS	NHS
NHSL1	NHSL1
NHSL2	NHSL2
NID1	NID1
NID2	NID2
NIF3L1	NIF3L1
NIFK	NIFK
NIN	NIN
NINJ1	NINJ1
NINJ2	NINJ2
NINL	NINL
NIP7	NIP7
NIPA1	NIPA1
NIPA2	NIPA2
NIPAL2	NIPAL2
NIPAL3	NIPAL3
NIPBL	NIPBL
NIPSNAP1	NIPSNAP1
NIPSNAP2	NIPSNAP2
NIPSNAP3A	NIPSNAP3A
NISCH	NISCH
NIT1	NIT1
NIT2	NIT2
NKAP	NKAP
NKAPD1	NKAPD1
NKD1	NKD1
NKG7	NKG7
NKIRAS1	NKIRAS1
NKIRAS2	NKIRAS2
NKRF	NKRF
NKTR	NKTR
NLE1	NLE1
NLK	NLK
NLN	NLN
NLRC3	NLRC3
NLRC4	NLRC4
NLRC5	NLRC5
NLRP1	NLRP1
NLRP12	NLRP12
NLRP2	NLRP2
NLRP3	NLRP3
NLRP7	NLRP7
NLRX1	NLRX1
NMB	NMB
NMD3	NMD3
NME1	NME1
NME1-NME2	NME1-NME2
NME3	NME3
NME4	NME4
NME6	NME6
NME7	NME7
NME9	NME9
NMI	NMI
NMNAT1	NMNAT1
NMNAT3	NMNAT3
NMRAL1	NMRAL1
NMRK1	NMRK1
NMT1	NMT1
NMT2	NMT2
NMUR1	NMUR1
NNT	NNT
NOA1	NOA1
NOB1	NOB1
NOC2L	NOC2L
NOC3L	NOC3L
NOC4L	NOC4L
NOCT	NOCT
NOD1	NOD1
NOD2	NOD2
NOG	NOG
NOL10	NOL10
NOL11	NOL11
NOL12	NOL12
NOL4L	NOL4L
NOL6	NOL6
NOL7	NOL7
NOL8	NOL8
NOL9	NOL9
NOLC1	NOLC1
NOM1	NOM1
NOMO1	NOMO1
NOMO2	NOMO2
NOMO3	NOMO3
NONO	NONO
NOP10	NOP10
NOP14	NOP14
NOP16	NOP16
NOP2	NOP2
NOP53	NOP53
NOP56	NOP56
NOP58	NOP58
NOP9	NOP9
NORAD	NORAD
NOSIP	NOSIP
NOTCH1	NOTCH1
NOTCH2	NOTCH2
NOTCH3	NOTCH3
NOTCH4	NOTCH4
NOXA1	NOXA1
NPAT	NPAT
NPC1	NPC1
NPC2	NPC2
NPEPPS	NPEPPS
NPHP3-ACAD11	NPHP3-ACAD11
NPHP4	NPHP4
NPIPA1	NPIPA1
NPIPA2	NPIPA2
NPIPA3	NPIPA3
NPIPA7	NPIPA7
NPIPA8	NPIPA8
NPIPB11	NPIPB11
NPIPB12	NPIPB12
NPIPB13	NPIPB13
NPIPB15	NPIPB15
NPIPB2	NPIPB2
NPIPB3	NPIPB3
NPIPB4	NPIPB4
NPIPB5	NPIPB5
NPIPB6	NPIPB6
NPIPB8	NPIPB8
NPIPB9	NPIPB9
NPL	NPL
NPLOC4	NPLOC4
NPM1	NPM1
NPM3	NPM3
NPRL2	NPRL2
NPRL3	NPRL3
NPTN	NPTN
NQO1	NQO1
NQO2	NQO2
NR1D1	NR1D1
NR1D2	NR1D2
NR1H3	NR1H3
NR2C1	NR2C1
NR2C2	NR2C2
NR2C2AP	NR2C2AP
NR2F6	NR2F6
NR3C1	NR3C1
NR3C2	NR3C2
NR4A1	NR4A1
NR4A2	NR4A2
NR4A3	NR4A3
NR6A1	NR6A1
NRAS	NRAS
NRBF2	NRBF2
NRBP1	NRBP1
NRDC	NRDC
NRDE2	NRDE2
NREP	NREP
NRF1	NRF1
NRG1	NRG1
NRGN	NRGN
NRIP2	NRIP2
NRM	NRM
NRP1	NRP1
NRROS	NRROS
NSA2	NSA2
NSD1	NSD1
NSD2	NSD2
NSD3	NSD3
NSDHL	NSDHL
NSF	NSF
NSFL1C	NSFL1C
NSG1	NSG1
NSL1	NSL1
NSMAF	NSMAF
NSMCE1	NSMCE1
NSMCE2	NSMCE2
NSMCE4A	NSMCE4A
NSMF	NSMF
NSRP1	NSRP1
NSUN2	NSUN2
NSUN3	NSUN3
NSUN4	NSUN4
NSUN5	NSUN5
NSUN6	NSUN6
NSUN7	NSUN7
NT5C	NT5C
NT5C1B-RDH14	NT5C1B-RDH14
NT5C2	NT5C2
NT5C3A	NT5C3A
NT5C3B	NT5C3B
NT5DC1	NT5DC1
NT5DC3	NT5DC3
NT5E	NT5E
NTAN1	NTAN1
NTHL1	NTHL1
NTMT1	NTMT1
NTNG2	NTNG2
NTPCR	NTPCR
NUAK2	NUAK2
NUB1	NUB1
NUBP1	NUBP1
NUBP2	NUBP2
NUBPL	NUBPL
NUCB1	NUCB1
NUCB2	NUCB2
NUCKS1	NUCKS1
NUDC	NUDC
NUDCD1	NUDCD1
NUDCD2	NUDCD2
NUDCD3	NUDCD3
NUDT1	NUDT1
NUDT12	NUDT12
NUDT13	NUDT13
NUDT15	NUDT15
NUDT16	NUDT16
NUDT16L1	NUDT16L1
NUDT18	NUDT18
NUDT19	NUDT19
NUDT2	NUDT2
NUDT21	NUDT21
NUDT22	NUDT22
NUDT3	NUDT3
NUDT4	NUDT4
NUDT4B	NUDT4B
NUDT5	NUDT5
NUDT9	NUDT9
NUF2	NUF2
NUFIP1	NUFIP1
NUFIP2	NUFIP2
NUGGC	NUGGC
NUMA1	NUMA1
NUMB	NUMB
NUP107	NUP107
NUP133	NUP133
NUP153	NUP153
NUP155	NUP155
NUP160	NUP160
NUP188	NUP188
NUP205	NUP205
NUP210	NUP210
NUP210L	NUP210L
NUP214	NUP214
NUP35	NUP35
NUP37	NUP37
NUP43	NUP43
NUP50	NUP50
NUP50-DT	NUP50-DT
NUP54	NUP54
NUP58	NUP58
NUP85	NUP85
NUP88	NUP88
NUP93	NUP93
NUP98	NUP98
NUPL2	NUPL2
NUPR2	NUPR2
NUS1	NUS1
NUSAP1	NUSAP1
NUTF2	NUTF2
NVL	NVL
NXF1	NXF1
NXPE3	NXPE3
NXT1	NXT1
NXT2	NXT2
OAF	OAF
OARD1	OARD1
OAS1	OAS1
OAS2	OAS2
OAS3	OAS3
OASL	OASL
OAT	OAT
OAZ1	OAZ1
OAZ2	OAZ2
OAZ3	OAZ3
OBSCN	OBSCN
OCEL1	OCEL1
OCIAD1	OCIAD1
OCIAD2	OCIAD2
OCLN	OCLN
OCM	OCM
OCRL	OCRL
ODC1	ODC1
ODF2	ODF2
ODF2L	ODF2L
ODF3B	ODF3B
ODR4	ODR4
OFD1	OFD1
OGA	OGA
OGDH	OGDH
OGFOD1	OGFOD1
OGFOD3	OGFOD3
OGFR	OGFR
OGFRL1	OGFRL1
OGG1	OGG1
OGT	OGT
OIP5	OIP5
OLA1	OLA1
OLFM1	OLFM1
OLIG1	OLIG1
OLMALINC	OLMALINC
OMG	OMG
OOEP	OOEP
OPA1	OPA1
OPA3	OPA3
OPHN1	OPHN1
OPN3	OPN3
OPRL1	OPRL1
OPTN	OPTN
OR2B11	OR2B11
OR4D1	OR4D1
OR7C1	OR7C1
ORAI1	ORAI1
ORAI2	ORAI2
ORC2	ORC2
ORC3	ORC3
ORC4	ORC4
ORC5	ORC5
ORC6	ORC6
ORMDL1	ORMDL1
ORMDL2	ORMDL2
ORMDL3	ORMDL3
OS9	OS9
OSBP	OSBP
OSBP2	OSBP2
OSBPL10	OSBPL10
OSBPL11	OSBPL11
OSBPL1A	OSBPL1A
OSBPL2	OSBPL2
OSBPL3	OSBPL3
OSBPL5	OSBPL5
OSBPL8	OSBPL8
OSBPL9	OSBPL9
OSCAR	OSCAR
OSER1	OSER1
OSER1-DT	OSER1-DT
OSGEP	OSGEP
OSGEPL1	OSGEPL1
OSGIN2	OSGIN2
OSM	OSM
OST4	OST4
OSTC	OSTC
OSTF1	OSTF1
OSTM1	OSTM1
OTUB1	OTUB1
OTUD1	OTUD1
OTUD3	OTUD3
OTUD4	OTUD4
OTUD5	OTUD5
OTUD6B	OTUD6B
OTUD7A	OTUD7A
OTUD7B	OTUD7B
OTULIN	OTULIN
OTULINL	OTULINL
OTX2-AS1	OTX2-AS1
OXA1L	OXA1L
OXCT1	OXCT1
OXLD1	OXLD1
OXNAD1	OXNAD1
OXR1	OXR1
OXSM	OXSM
OXSR1	OXSR1
P2RX1	P2RX1
P2RX4	P2RX4
P2RX5-TAX1BP3	P2RX5-TAX1BP3
P2RX7	P2RX7
P2RY10	P2RY10
P2RY13	P2RY13
P2RY14	P2RY14
P2RY2	P2RY2
P2RY8	P2RY8
P3H1	P3H1
P3H4	P3H4
P4HA1	P4HA1
P4HA3	P4HA3
P4HB	P4HB
P4HTM	P4HTM
PA2G4	PA2G4
PAAF1	PAAF1
PABPC1	PABPC1
PABPC1L	PABPC1L
PABPC3	PABPC3
PABPC4	PABPC4
PACRGL	PACRGL
PACS1	PACS1
PACS2	PACS2
PACSIN1	PACSIN1
PACSIN2	PACSIN2
PADI2	PADI2
PADI4	PADI4
PAF1	PAF1
PAFAH1B1	PAFAH1B1
PAFAH1B2	PAFAH1B2
PAFAH1B3	PAFAH1B3
PAFAH2	PAFAH2
PAG1	PAG1
PAICS	PAICS
PAIP1	PAIP1
PAIP2	PAIP2
PAIP2B	PAIP2B
PAK1	PAK1
PAK1IP1	PAK1IP1
PAK2	PAK2
PAK4	PAK4
PALB2	PALB2
PALLD	PALLD
PALM2-AKAP2	PALM2-AKAP2
PAM	PAM
PAM16	PAM16
PAN2	PAN2
PAN3	PAN3
PANK2	PANK2
PANK3	PANK3
PANK4	PANK4
PANX1	PANX1
PAOX	PAOX
PAPLN	PAPLN
PAPOLA	PAPOLA
PAPOLG	PAPOLG
PAPSS1	PAPSS1
PAPSS2	PAPSS2
PAQR3	PAQR3
PAQR7	PAQR7
PAQR8	PAQR8
PARD6A	PARD6A
PARD6B	PARD6B
PARG	PARG
PARK7	PARK7
PARN	PARN
PARP1	PARP1
PARP10	PARP10
PARP11	PARP11
PARP12	PARP12
PARP14	PARP14
PARP15	PARP15
PARP16	PARP16
PARP2	PARP2
PARP3	PARP3
PARP4	PARP4
PARP6	PARP6
PARP8	PARP8
PARP9	PARP9
PARPBP	PARPBP
PARVB	PARVB
PARVG	PARVG
PASK	PASK
PATJ	PATJ
PATL1	PATL1
PATL2	PATL2
PATZ1	PATZ1
PAWR	PAWR
PAX5	PAX5
PAX8	PAX8
PAXBP1	PAXBP1
PAXIP1	PAXIP1
PAXIP1-AS1	PAXIP1-AS1
PAXX	PAXX
PBDC1	PBDC1
PBLD	PBLD
PBRM1	PBRM1
PBX1	PBX1
PBX2	PBX2
PBX3	PBX3
PBX4	PBX4
PBXIP1	PBXIP1
PCBD1	PCBD1
PCBD2	PCBD2
PCBP1	PCBP1
PCBP2	PCBP2
PCBP4	PCBP4
PCCA	PCCA
PCCB	PCCB
PCDH12	PCDH12
PCDH9	PCDH9
PCDHGA1	PCDHGA1
PCED1A	PCED1A
PCED1B	PCED1B
PCF11	PCF11
PCGF1	PCGF1
PCGF3	PCGF3
PCGF5	PCGF5
PCGF6	PCGF6
PCID2	PCID2
PCIF1	PCIF1
PCK2	PCK2
PCM1	PCM1
PCMT1	PCMT1
PCMTD1	PCMTD1
PCMTD2	PCMTD2
PCNA	PCNA
PCNP	PCNP
PCNT	PCNT
PCNX1	PCNX1
PCNX2	PCNX2
PCNX3	PCNX3
PCNX4	PCNX4
PCOLCE	PCOLCE
PCOLCE2	PCOLCE2
PCSK1N	PCSK1N
PCSK5	PCSK5
PCSK7	PCSK7
PCTP	PCTP
PCYOX1	PCYOX1
PCYOX1L	PCYOX1L
PCYT1A	PCYT1A
PCYT2	PCYT2
PDAP1	PDAP1
PDCD1	PDCD1
PDCD10	PDCD10
PDCD11	PDCD11
PDCD2	PDCD2
PDCD2L	PDCD2L
PDCD4	PDCD4
PDCD5	PDCD5
PDCD6	PDCD6
PDCD6IP	PDCD6IP
PDCD7	PDCD7
PDCL	PDCL
PDCL3	PDCL3
PDE12	PDE12
PDE1B	PDE1B
PDE3B	PDE3B
PDE4B	PDE4B
PDE4D	PDE4D
PDE4DIP	PDE4DIP
PDE5A	PDE5A
PDE6A	PDE6A
PDE6B	PDE6B
PDE6C	PDE6C
PDE6D	PDE6D
PDE7A	PDE7A
PDE7B	PDE7B
PDE8A	PDE8A
PDE9A	PDE9A
PDGFA	PDGFA
PDGFB	PDGFB
PDGFC	PDGFC
PDGFD	PDGFD
PDHA1	PDHA1
PDHB	PDHB
PDHX	PDHX
PDIA3	PDIA3
PDIA4	PDIA4
PDIA5	PDIA5
PDIA6	PDIA6
PDIK1L	PDIK1L
PDK1	PDK1
PDK2	PDK2
PDK3	PDK3
PDK4	PDK4
PDLIM1	PDLIM1
PDLIM2	PDLIM2
PDLIM5	PDLIM5
PDLIM7	PDLIM7
PDP1	PDP1
PDP2	PDP2
PDPK1	PDPK1
PDPR	PDPR
PDRG1	PDRG1
PDS5A	PDS5A
PDS5B	PDS5B
PDSS1	PDSS1
PDSS2	PDSS2
PDXDC1	PDXDC1
PDXK	PDXK
PDZD11	PDZD11
PDZD2	PDZD2
PDZD4	PDZD4
PDZD7	PDZD7
PDZD8	PDZD8
PDZK1	PDZK1
PDZK1IP1	PDZK1IP1
PEA15	PEA15
PEAK1	PEAK1
PEAK3	PEAK3
PEBP1	PEBP1
PECAM1	PECAM1
PECR	PECR
PEF1	PEF1
PEG10	PEG10
PELI1	PELI1
PELI2	PELI2
PELI3	PELI3
PELP1	PELP1
PEMT	PEMT
PEPD	PEPD
PER2	PER2
PER3	PER3
PERP	PERP
PES1	PES1
PET100	PET100
PET117	PET117
PEX1	PEX1
PEX11A	PEX11A
PEX11B	PEX11B
PEX11G	PEX11G
PEX13	PEX13
PEX14	PEX14
PEX16	PEX16
PEX2	PEX2
PEX26	PEX26
PEX3	PEX3
PEX5	PEX5
PEX6	PEX6
PEX7	PEX7
PF4	PF4
PF4V1	PF4V1
PFAS	PFAS
PFDN1	PFDN1
PFDN2	PFDN2
PFDN4	PFDN4
PFDN5	PFDN5
PFDN6	PFDN6
PFKFB2	PFKFB2
PFKFB3	PFKFB3
PFKFB4	PFKFB4
PFKL	PFKL
PFKM	PFKM
PFKP	PFKP
PFN1	PFN1
PFN2	PFN2
PGA3	PGA3
PGAM1	PGAM1
PGAM4	PGAM4
PGAM5	PGAM5
PGAP1	PGAP1
PGAP2	PGAP2
PGAP3	PGAP3
PGBD2	PGBD2
PGBD4	PGBD4
PGD	PGD
PGGHG	PGGHG
PGGT1B	PGGT1B
PGK1	PGK1
PGM1	PGM1
PGM2	PGM2
PGM2L1	PGM2L1
PGM3	PGM3
PGP	PGP
PGPEP1	PGPEP1
PGRMC1	PGRMC1
PGRMC2	PGRMC2
PGS1	PGS1
PHACTR1	PHACTR1
PHACTR2	PHACTR2
PHACTR4	PHACTR4
PHAX	PHAX
PHB	PHB
PHB2	PHB2
PHC1	PHC1
PHC2	PHC2
PHC3	PHC3
PHETA1	PHETA1
PHETA2	PHETA2
PHEX	PHEX
PHF1	PHF1
PHF10	PHF10
PHF11	PHF11
PHF12	PHF12
PHF13	PHF13
PHF14	PHF14
PHF19	PHF19
PHF2	PHF2
PHF20	PHF20
PHF20L1	PHF20L1
PHF21A	PHF21A
PHF23	PHF23
PHF3	PHF3
PHF5A	PHF5A
PHF6	PHF6
PHF7	PHF7
PHF8	PHF8
PHGDH	PHGDH
PHIP	PHIP
PHKA2	PHKA2
PHKB	PHKB
PHKG2	PHKG2
PHLDA1	PHLDA1
PHLDA2	PHLDA2
PHLDB2	PHLDB2
PHLDB3	PHLDB3
PHLPP1	PHLPP1
PHLPP2	PHLPP2
PHOSPHO2	PHOSPHO2
PHPT1	PHPT1
PHRF1	PHRF1
PHTF1	PHTF1
PHTF2	PHTF2
PHYH	PHYH
PHYKPL	PHYKPL
PI16	PI16
PI4KA	PI4KA
PI4KB	PI4KB
PIAS1	PIAS1
PIAS2	PIAS2
PIAS3	PIAS3
PIAS4	PIAS4
PIBF1	PIBF1
PICALM	PICALM
PICK1	PICK1
PID1	PID1
PIDD1	PIDD1
PIEZO1	PIEZO1
PIGA	PIGA
PIGB	PIGB
PIGC	PIGC
PIGF	PIGF
PIGG	PIGG
PIGH	PIGH
PIGK	PIGK
PIGL	PIGL
PIGN	PIGN
PIGO	PIGO
PIGP	PIGP
PIGQ	PIGQ
PIGT	PIGT
PIGU	PIGU
PIGV	PIGV
PIGW	PIGW
PIGX	PIGX
PIGZ	PIGZ
PIH1D1	PIH1D1
PIK3AP1	PIK3AP1
PIK3C2A	PIK3C2A
PIK3C2B	PIK3C2B
PIK3C3	PIK3C3
PIK3CA	PIK3CA
PIK3CB	PIK3CB
PIK3CD	PIK3CD
PIK3CG	PIK3CG
PIK3IP1	PIK3IP1
PIK3R1	PIK3R1
PIK3R2	PIK3R2
PIK3R3	PIK3R3
PIK3R4	PIK3R4
PIK3R5	PIK3R5
PIK3R6	PIK3R6
PIKFYVE	PIKFYVE
PILRA	PILRA
PIM1	PIM1
PIM2	PIM2
PIM3	PIM3
PIN1	PIN1
PIN4	PIN4
PIP4K2A	PIP4K2A
PIP4K2B	PIP4K2B
PIP4K2C	PIP4K2C
PIP4P1	PIP4P1
PIP4P2	PIP4P2
PIP5K1A	PIP5K1A
PIP5K1B	PIP5K1B
PIP5K1C	PIP5K1C
PISD	PISD
PITHD1	PITHD1
PITPNA	PITPNA
PITPNB	PITPNB
PITPNC1	PITPNC1
PITPNM1	PITPNM1
PITPNM2	PITPNM2
PITRM1	PITRM1
PIWIL4	PIWIL4
PJA1	PJA1
PJA2	PJA2
PJVK	PJVK
PKD2	PKD2
PKD2L2	PKD2L2
PKHD1L1	PKHD1L1
PKIA	PKIA
PKIA-AS1	PKIA-AS1
PKIB	PKIB
PKIG	PKIG
PKM	PKM
PKN1	PKN1
PKN2	PKN2
PKN3	PKN3
PKNOX1	PKNOX1
PKP4	PKP4
PLA2G12A	PLA2G12A
PLA2G15	PLA2G15
PLA2G16	PLA2G16
PLA2G6	PLA2G6
PLA2G7	PLA2G7
PLAA	PLAA
PLAC8	PLAC8
PLAG1	PLAG1
PLAGL1	PLAGL1
PLAGL2	PLAGL2
PLAUR	PLAUR
PLB1	PLB1
PLBD1	PLBD1
PLBD2	PLBD2
PLCB1	PLCB1
PLCB2	PLCB2
PLCB3	PLCB3
PLCD1	PLCD1
PLCD3	PLCD3
PLCE1	PLCE1
PLCG1	PLCG1
PLCG2	PLCG2
PLCH2	PLCH2
PLCL1	PLCL1
PLCL2	PLCL2
PLCXD1	PLCXD1
PLCXD2	PLCXD2
PLD1	PLD1
PLD2	PLD2
PLD3	PLD3
PLD4	PLD4
PLD6	PLD6
PLEC	PLEC
PLEK	PLEK
PLEKHA1	PLEKHA1
PLEKHA2	PLEKHA2
PLEKHA3	PLEKHA3
PLEKHA5	PLEKHA5
PLEKHA6	PLEKHA6
PLEKHA7	PLEKHA7
PLEKHA8	PLEKHA8
PLEKHB1	PLEKHB1
PLEKHB2	PLEKHB2
PLEKHD1	PLEKHD1
PLEKHF1	PLEKHF1
PLEKHF2	PLEKHF2
PLEKHG1	PLEKHG1
PLEKHG2	PLEKHG2
PLEKHG3	PLEKHG3
PLEKHG4	PLEKHG4
PLEKHH2	PLEKHH2
PLEKHJ1	PLEKHJ1
PLEKHM1	PLEKHM1
PLEKHM2	PLEKHM2
PLEKHM3	PLEKHM3
PLEKHO1	PLEKHO1
PLG	PLG
PLGLB1	PLGLB1
PLGRKT	PLGRKT
PLIN2	PLIN2
PLIN3	PLIN3
PLIN5	PLIN5
PLK2	PLK2
PLK3	PLK3
PLLP	PLLP
PLN	PLN
PLOD1	PLOD1
PLOD3	PLOD3
PLP2	PLP2
PLPBP	PLPBP
PLPP1	PLPP1
PLPP2	PLPP2
PLPP3	PLPP3
PLPP5	PLPP5
PLPP6	PLPP6
PLPPR2	PLPPR2
PLRG1	PLRG1
PLSCR1	PLSCR1
PLSCR3	PLSCR3
PLXDC1	PLXDC1
PLXDC2	PLXDC2
PLXNA1	PLXNA1
PLXNA3	PLXNA3
PLXNA4	PLXNA4
PLXNB2	PLXNB2
PLXNC1	PLXNC1
PLXND1	PLXND1
PM20D2	PM20D2
PMAIP1	PMAIP1
PMEL	PMEL
PMEPA1	PMEPA1
PMF1-BGLAP	PMF1-BGLAP
PML	PML
PMM1	PMM1
PMM2	PMM2
PMPCA	PMPCA
PMPCB	PMPCB
PMS1	PMS1
PMS2	PMS2
PMVK	PMVK
PNISR	PNISR
PNKD	PNKD
PNKP	PNKP
PNMA1	PNMA1
PNMA3	PNMA3
PNMA5	PNMA5
PNN	PNN
PNO1	PNO1
PNOC	PNOC
PNP	PNP
PNPLA2	PNPLA2
PNPLA3	PNPLA3
PNPLA4	PNPLA4
PNPLA6	PNPLA6
PNPLA7	PNPLA7
PNPLA8	PNPLA8
PNPO	PNPO
PNPT1	PNPT1
PNRC1	PNRC1
PNRC2	PNRC2
POC1B	POC1B
POC5	POC5
PODXL	PODXL
PODXL2	PODXL2
POFUT1	POFUT1
POFUT2	POFUT2
POGK	POGK
POGLUT1	POGLUT1
POGZ	POGZ
POLA1	POLA1
POLA2	POLA2
POLB	POLB
POLD1	POLD1
POLD2	POLD2
POLD3	POLD3
POLD4	POLD4
POLDIP2	POLDIP2
POLDIP3	POLDIP3
POLE	POLE
POLE3	POLE3
POLE4	POLE4
POLG	POLG
POLG2	POLG2
POLH	POLH
POLI	POLI
POLK	POLK
POLL	POLL
POLM	POLM
POLN	POLN
POLR1A	POLR1A
POLR1B	POLR1B
POLR1C	POLR1C
POLR1D	POLR1D
POLR1E	POLR1E
POLR2A	POLR2A
POLR2B	POLR2B
POLR2C	POLR2C
POLR2D	POLR2D
POLR2E	POLR2E
POLR2F	POLR2F
POLR2G	POLR2G
POLR2H	POLR2H
POLR2I	POLR2I
POLR2J	POLR2J
POLR2J3	POLR2J3
POLR2K	POLR2K
POLR2L	POLR2L
POLR3A	POLR3A
POLR3B	POLR3B
POLR3C	POLR3C
POLR3D	POLR3D
POLR3E	POLR3E
POLR3F	POLR3F
POLR3G	POLR3G
POLR3H	POLR3H
POLR3K	POLR3K
POLRMT	POLRMT
POM121	POM121
POM121C	POM121C
POMC	POMC
POMGNT1	POMGNT1
POMGNT2	POMGNT2
POMK	POMK
POMP	POMP
POMT1	POMT1
POMT2	POMT2
POMZP3	POMZP3
PON2	PON2
POP1	POP1
POP4	POP4
POP5	POP5
POP7	POP7
POPDC2	POPDC2
POR	POR
PORCN	PORCN
POT1	POT1
POU2AF1	POU2AF1
POU2F1	POU2F1
POU2F2	POU2F2
PPA1	PPA1
PPA2	PPA2
PPAN-P2RY11	PPAN-P2RY11
PPARA	PPARA
PPARD	PPARD
PPARGC1B	PPARGC1B
PPAT	PPAT
PPBP	PPBP
PPCDC	PPCDC
PPCS	PPCS
PPDPF	PPDPF
PPFIA1	PPFIA1
PPFIBP1	PPFIBP1
PPFIBP2	PPFIBP2
PPHLN1	PPHLN1
PPIA	PPIA
PPIAL4C	PPIAL4C
PPIB	PPIB
PPID	PPID
PPIE	PPIE
PPIF	PPIF
PPIG	PPIG
PPIH	PPIH
PPIL1	PPIL1
PPIL2	PPIL2
PPIL3	PPIL3
PPIL4	PPIL4
PPIP5K1	PPIP5K1
PPIP5K2	PPIP5K2
PPM1A	PPM1A
PPM1B	PPM1B
PPM1D	PPM1D
PPM1F	PPM1F
PPM1G	PPM1G
PPM1K	PPM1K
PPM1L	PPM1L
PPM1M	PPM1M
PPM1N	PPM1N
PPME1	PPME1
PPOX	PPOX
PPP1CA	PPP1CA
PPP1CB	PPP1CB
PPP1CC	PPP1CC
PPP1R10	PPP1R10
PPP1R11	PPP1R11
PPP1R12A	PPP1R12A
PPP1R12B	PPP1R12B
PPP1R12C	PPP1R12C
PPP1R13B	PPP1R13B
PPP1R13L	PPP1R13L
PPP1R14A	PPP1R14A
PPP1R14B	PPP1R14B
PPP1R15A	PPP1R15A
PPP1R15B	PPP1R15B
PPP1R16A	PPP1R16A
PPP1R16B	PPP1R16B
PPP1R17	PPP1R17
PPP1R18	PPP1R18
PPP1R2	PPP1R2
PPP1R21	PPP1R21
PPP1R2B	PPP1R2B
PPP1R32	PPP1R32
PPP1R35	PPP1R35
PPP1R3B	PPP1R3B
PPP1R3D	PPP1R3D
PPP1R3E	PPP1R3E
PPP1R3F	PPP1R3F
PPP1R42	PPP1R42
PPP1R7	PPP1R7
PPP1R8	PPP1R8
PPP1R9A	PPP1R9A
PPP1R9B	PPP1R9B
PPP2CB	PPP2CB
PPP2R1A	PPP2R1A
PPP2R1B	PPP2R1B
PPP2R2A	PPP2R2A
PPP2R2B	PPP2R2B
PPP2R2D	PPP2R2D
PPP2R3A	PPP2R3A
PPP2R3B	PPP2R3B
PPP2R3C	PPP2R3C
PPP2R5A	PPP2R5A
PPP2R5B	PPP2R5B
PPP2R5C	PPP2R5C
PPP2R5D	PPP2R5D
PPP2R5E	PPP2R5E
PPP3CA	PPP3CA
PPP3CB	PPP3CB
PPP3CC	PPP3CC
PPP4C	PPP4C
PPP4R1	PPP4R1
PPP4R2	PPP4R2
PPP4R3A	PPP4R3A
PPP4R3B	PPP4R3B
PPP5C	PPP5C
PPP5D1	PPP5D1
PPP6C	PPP6C
PPP6R1	PPP6R1
PPP6R2	PPP6R2
PPP6R3	PPP6R3
PPRC1	PPRC1
PPT1	PPT1
PPT2-EGFL8	PPT2-EGFL8
PPTC7	PPTC7
PPWD1	PPWD1
PQBP1	PQBP1
PQLC1	PQLC1
PQLC2	PQLC2
PQLC3	PQLC3
PRADC1	PRADC1
PRAF2	PRAF2
PRAG1	PRAG1
PRAM1	PRAM1
PRC1	PRC1
PRCC	PRCC
PRCD	PRCD
PRCP	PRCP
PRDM1	PRDM1
PRDM10	PRDM10
PRDM15	PRDM15
PRDM2	PRDM2
PRDM4	PRDM4
PRDM8	PRDM8
PRDX1	PRDX1
PRDX3	PRDX3
PRDX4	PRDX4
PRDX5	PRDX5
PRDX6	PRDX6
PREB	PREB
PRELID1	PRELID1
PRELID2	PRELID2
PRELID3B	PRELID3B
PREP	PREP
PREPL	PREPL
PREX1	PREX1
PRF1	PRF1
PRH1	PRH1
PRICKLE1	PRICKLE1
PRICKLE3	PRICKLE3
PRIM1	PRIM1
PRIM2	PRIM2
PRIMPOL	PRIMPOL
PRKAA1	PRKAA1
PRKAB1	PRKAB1
PRKAB2	PRKAB2
PRKACA	PRKACA
PRKACB	PRKACB
PRKAG1	PRKAG1
PRKAG2	PRKAG2
PRKAR1A	PRKAR1A
PRKAR1B	PRKAR1B
PRKAR2A	PRKAR2A
PRKAR2B	PRKAR2B
PRKCA	PRKCA
PRKCB	PRKCB
PRKCD	PRKCD
PRKCE	PRKCE
PRKCH	PRKCH
PRKCI	PRKCI
PRKCQ	PRKCQ
PRKCSH	PRKCSH
PRKD2	PRKD2
PRKD3	PRKD3
PRKDC	PRKDC
PRKN	PRKN
PRKRA	PRKRA
PRKRIP1	PRKRIP1
PRKX	PRKX
PRKY	PRKY
PRMT1	PRMT1
PRMT2	PRMT2
PRMT3	PRMT3
PRMT5	PRMT5
PRMT6	PRMT6
PRMT7	PRMT7
PRMT9	PRMT9
PRNP	PRNP
PROCA1	PROCA1
PROCR	PROCR
PROK2	PROK2
PROSER1	PROSER1
PROSER2	PROSER2
PROSER3	PROSER3
PRPF18	PRPF18
PRPF19	PRPF19
PRPF3	PRPF3
PRPF31	PRPF31
PRPF38A	PRPF38A
PRPF38B	PRPF38B
PRPF39	PRPF39
PRPF4	PRPF4
PRPF40A	PRPF40A
PRPF40B	PRPF40B
PRPF4B	PRPF4B
PRPF6	PRPF6
PRPF8	PRPF8
PRPS1	PRPS1
PRPS2	PRPS2
PRPSAP1	PRPSAP1
PRPSAP2	PRPSAP2
PRR11	PRR11
PRR12	PRR12
PRR13	PRR13
PRR14	PRR14
PRR14L	PRR14L
PRR20C	PRR20C
PRR29	PRR29
PRR3	PRR3
PRR5	PRR5
PRR5L	PRR5L
PRR7	PRR7
PRRC1	PRRC1
PRRC2A	PRRC2A
PRRC2B	PRRC2B
PRRC2C	PRRC2C
PRRG2	PRRG2
PRRG3	PRRG3
PRRG4	PRRG4
PRRT1	PRRT1
PRRT2	PRRT2
PRRT3	PRRT3
PRSS12	PRSS12
PRSS16	PRSS16
PRSS21	PRSS21
PRSS23	PRSS23
PRSS36	PRSS36
PRSS57	PRSS57
PRUNE1	PRUNE1
PRXL2A	PRXL2A
PRXL2B	PRXL2B
PRXL2C	PRXL2C
PSAP	PSAP
PSAT1	PSAT1
PSD	PSD
PSD4	PSD4
PSEN1	PSEN1
PSEN2	PSEN2
PSENEN	PSENEN
PSIP1	PSIP1
PSKH1	PSKH1
PSMA1	PSMA1
PSMA3	PSMA3
PSMA4	PSMA4
PSMA5	PSMA5
PSMA7	PSMA7
PSMB1	PSMB1
PSMB2	PSMB2
PSMB3	PSMB3
PSMB4	PSMB4
PSMB5	PSMB5
PSMB6	PSMB6
PSMB7	PSMB7
PSMB8	PSMB8
PSMB8-AS1	PSMB8-AS1
PSMB9	PSMB9
PSMC1	PSMC1
PSMC2	PSMC2
PSMC3	PSMC3
PSMC4	PSMC4
PSMC5	PSMC5
PSMC6	PSMC6
PSMD1	PSMD1
PSMD10	PSMD10
PSMD11	PSMD11
PSMD12	PSMD12
PSMD13	PSMD13
PSMD14	PSMD14
PSMD2	PSMD2
PSMD3	PSMD3
PSMD4	PSMD4
PSMD5	PSMD5
PSMD6	PSMD6
PSMD7	PSMD7
PSMD8	PSMD8
PSMD9	PSMD9
PSME1	PSME1
PSME2	PSME2
PSME3	PSME3
PSME4	PSME4
PSMF1	PSMF1
PSMG1	PSMG1
PSMG2	PSMG2
PSMG3	PSMG3
PSMG3-AS1	PSMG3-AS1
PSMG4	PSMG4
PSPC1	PSPC1
PSPH	PSPH
PSPN	PSPN
PSRC1	PSRC1
PSTK	PSTK
PSTPIP1	PSTPIP1
PSTPIP2	PSTPIP2
PTAFR	PTAFR
PTAR1	PTAR1
PTBP1	PTBP1
PTBP2	PTBP2
PTBP3	PTBP3
PTCD1	PTCD1
PTCD2	PTCD2
PTCD3	PTCD3
PTCH1	PTCH1
PTCH2	PTCH2
PTCRA	PTCRA
PTDSS1	PTDSS1
PTDSS2	PTDSS2
PTEN	PTEN
PTER	PTER
PTGDR	PTGDR
PTGDS	PTGDS
PTGER2	PTGER2
PTGER4	PTGER4
PTGES2	PTGES2
PTGES3	PTGES3
PTGES3L-AARSD1	PTGES3L-AARSD1
PTGIR	PTGIR
PTGR2	PTGR2
PTGS1	PTGS1
PTGS2	PTGS2
PTK2	PTK2
PTK2B	PTK2B
PTK6	PTK6
PTMA	PTMA
PTMS	PTMS
PTOV1	PTOV1
PTP4A1	PTP4A1
PTP4A2	PTP4A2
PTP4A3	PTP4A3
PTPA	PTPA
PTPDC1	PTPDC1
PTPN1	PTPN1
PTPN11	PTPN11
PTPN12	PTPN12
PTPN13	PTPN13
PTPN18	PTPN18
PTPN2	PTPN2
PTPN22	PTPN22
PTPN23	PTPN23
PTPN4	PTPN4
PTPN6	PTPN6
PTPN7	PTPN7
PTPN9	PTPN9
PTPRA	PTPRA
PTPRC	PTPRC
PTPRE	PTPRE
PTPRJ	PTPRJ
PTPRK	PTPRK
PTPRM	PTPRM
PTPRN2	PTPRN2
PTPRO	PTPRO
PTRH2	PTRH2
PTRHD1	PTRHD1
PTS	PTS
PTTG1	PTTG1
PTTG1IP	PTTG1IP
PTX3	PTX3
PUDP	PUDP
PUF60	PUF60
PUM1	PUM1
PUM2	PUM2
PUM3	PUM3
PURA	PURA
PURB	PURB
PUS1	PUS1
PUS10	PUS10
PUS3	PUS3
PUS7	PUS7
PUS7L	PUS7L
PUSL1	PUSL1
PVR	PVR
PVT1	PVT1
PWP1	PWP1
PWP2	PWP2
PWWP2A	PWWP2A
PWWP2B	PWWP2B
PWWP3A	PWWP3A
PXK	PXK
PXMP2	PXMP2
PXMP4	PXMP4
PXN	PXN
PXYLP1	PXYLP1
PYCARD	PYCARD
PYCR3	PYCR3
PYGB	PYGB
PYGL	PYGL
PYGM	PYGM
PYGO2	PYGO2
PYHIN1	PYHIN1
PYM1	PYM1
PYROXD1	PYROXD1
PYROXD2	PYROXD2
PYURF	PYURF
PZP	PZP
QARS	QARS
QDPR	QDPR
QKI	QKI
QPCT	QPCT
QPCTL	QPCTL
QPRT	QPRT
QRICH1	QRICH1
QRSL1	QRSL1
QSER1	QSER1
QSOX1	QSOX1
QSOX2	QSOX2
QTRT1	QTRT1
QTRT2	QTRT2
R3HCC1	R3HCC1
R3HCC1L	R3HCC1L
R3HDM1	R3HDM1
R3HDM2	R3HDM2
R3HDM4	R3HDM4
RAB10	RAB10
RAB11A	RAB11A
RAB11B	RAB11B
RAB11FIP1	RAB11FIP1
RAB11FIP2	RAB11FIP2
RAB11FIP3	RAB11FIP3
RAB11FIP4	RAB11FIP4
RAB12	RAB12
RAB13	RAB13
RAB14	RAB14
RAB15	RAB15
RAB18	RAB18
RAB1A	RAB1A
RAB1B	RAB1B
RAB20	RAB20
RAB21	RAB21
RAB22A	RAB22A
RAB24	RAB24
RAB27A	RAB27A
RAB27B	RAB27B
RAB28	RAB28
RAB29	RAB29
RAB2A	RAB2A
RAB2B	RAB2B
RAB30-AS1	RAB30-AS1
RAB31	RAB31
RAB32	RAB32
RAB33A	RAB33A
RAB33B	RAB33B
RAB34	RAB34
RAB35	RAB35
RAB37	RAB37
RAB38	RAB38
RAB39A	RAB39A
RAB39B	RAB39B
RAB3D	RAB3D
RAB3GAP1	RAB3GAP1
RAB3GAP2	RAB3GAP2
RAB3IP	RAB3IP
RAB40B	RAB40B
RAB40C	RAB40C
RAB43	RAB43
RAB4A	RAB4A
RAB4B-EGLN2	RAB4B-EGLN2
RAB5A	RAB5A
RAB5B	RAB5B
RAB6A	RAB6A
RAB6C	RAB6C
RAB6D	RAB6D
RAB7A	RAB7A
RAB8A	RAB8A
RAB8B	RAB8B
RAB9A	RAB9A
RABAC1	RABAC1
RABEP1	RABEP1
RABEP2	RABEP2
RABEPK	RABEPK
RABGAP1	RABGAP1
RABGAP1L	RABGAP1L
RABGGTA	RABGGTA
RABGGTB	RABGGTB
RABIF	RABIF
RABL2A	RABL2A
RABL2B	RABL2B
RABL3	RABL3
RABL6	RABL6
RAC1	RAC1
RAC2	RAC2
RACGAP1	RACGAP1
RACK1	RACK1
RAD1	RAD1
RAD17	RAD17
RAD18	RAD18
RAD21	RAD21
RAD23A	RAD23A
RAD23B	RAD23B
RAD51AP1	RAD51AP1
RAD51B	RAD51B
RAD51C	RAD51C
RAD52	RAD52
RAD54B	RAD54B
RAD54L2	RAD54L2
RAD9A	RAD9A
RAD9B	RAD9B
RADIL	RADIL
RADX	RADX
RAE1	RAE1
RAF1	RAF1
RAI1	RAI1
RALA	RALA
RALB	RALB
RALBP1	RALBP1
RALGAPA1	RALGAPA1
RALGAPA2	RALGAPA2
RALGAPB	RALGAPB
RALGDS	RALGDS
RALGPS1	RALGPS1
RALGPS2	RALGPS2
RALY	RALY
RALY-AS1	RALY-AS1
RAMP1	RAMP1
RAN	RAN
RANBP1	RANBP1
RANBP10	RANBP10
RANBP2	RANBP2
RANBP3	RANBP3
RANBP6	RANBP6
RANBP9	RANBP9
RANGAP1	RANGAP1
RANGRF	RANGRF
RAP1A	RAP1A
RAP1B	RAP1B
RAP1GAP2	RAP1GAP2
RAP1GDS1	RAP1GDS1
RAP2A	RAP2A
RAP2B	RAP2B
RAP2C	RAP2C
RAPGEF1	RAPGEF1
RAPGEF2	RAPGEF2
RAPGEF6	RAPGEF6
RAPH1	RAPH1
RARA	RARA
RARB	RARB
RARG	RARG
RARRES3	RARRES3
RARS	RARS
RARS2	RARS2
RASA1	RASA1
RASA2	RASA2
RASA3	RASA3
RASA4	RASA4
RASA4B	RASA4B
RASAL2	RASAL2
RASAL3	RASAL3
RASGEF1A	RASGEF1A
RASGEF1B	RASGEF1B
RASGRF2	RASGRF2
RASGRP1	RASGRP1
RASGRP2	RASGRP2
RASGRP3	RASGRP3
RASGRP4	RASGRP4
RASL11A	RASL11A
RASSF1	RASSF1
RASSF2	RASSF2
RASSF3	RASSF3
RASSF4	RASSF4
RASSF5	RASSF5
RASSF7	RASSF7
RAVER1	RAVER1
RAVER2	RAVER2
RB1	RB1
RB1-DT	RB1-DT
RB1CC1	RB1CC1
RBAK-RBAKDN	RBAK-RBAKDN
RBBP4	RBBP4
RBBP5	RBBP5
RBBP6	RBBP6
RBBP7	RBBP7
RBBP8	RBBP8
RBBP9	RBBP9
RBCK1	RBCK1
RBFOX3	RBFOX3
RBKS	RBKS
RBL1	RBL1
RBL2	RBL2
RBM10	RBM10
RBM11	RBM11
RBM12B	RBM12B
RBM14	RBM14
RBM14-RBM4	RBM14-RBM4
RBM15	RBM15
RBM15B	RBM15B
RBM17	RBM17
RBM18	RBM18
RBM19	RBM19
RBM22	RBM22
RBM23	RBM23
RBM25	RBM25
RBM26	RBM26
RBM28	RBM28
RBM3	RBM3
RBM33	RBM33
RBM34	RBM34
RBM38	RBM38
RBM39	RBM39
RBM4	RBM4
RBM41	RBM41
RBM42	RBM42
RBM43	RBM43
RBM44	RBM44
RBM45	RBM45
RBM47	RBM47
RBM48	RBM48
RBM4B	RBM4B
RBM5	RBM5
RBM6	RBM6
RBM7	RBM7
RBM8A	RBM8A
RBMS1	RBMS1
RBMS2	RBMS2
RBMX	RBMX
RBMX2	RBMX2
RBP5	RBP5
RBP7	RBP7
RBPJ	RBPJ
RBPMS	RBPMS
RBSN	RBSN
RBX1	RBX1
RC3H1	RC3H1
RC3H2	RC3H2
RCAN1	RCAN1
RCAN3	RCAN3
RCBTB1	RCBTB1
RCBTB2	RCBTB2
RCC1	RCC1
RCC1L	RCC1L
RCC2	RCC2
RCCD1	RCCD1
RCE1	RCE1
RCHY1	RCHY1
RCL1	RCL1
RCN2	RCN2
RCN3	RCN3
RCOR1	RCOR1
RCOR3	RCOR3
RCSD1	RCSD1
RDH10	RDH10
RDH14	RDH14
RDX	RDX
REC8	REC8
RECK	RECK
RECQL	RECQL
RECQL5	RECQL5
REEP3	REEP3
REEP4	REEP4
REEP5	REEP5
REEP6	REEP6
REL	REL
RELA	RELA
RELB	RELB
RELCH	RELCH
RELL1	RELL1
RELL2	RELL2
RELT	RELT
REM2	REM2
RENBP	RENBP
REPIN1	REPIN1
REPS1	REPS1
REPS2	REPS2
RER1	RER1
RERE	RERE
RESF1	RESF1
REST	REST
RETN	RETN
RETREG1	RETREG1
RETREG2	RETREG2
RETREG3	RETREG3
RETSAT	RETSAT
REV1	REV1
REV3L	REV3L
REX1BD	REX1BD
REXO1	REXO1
REXO2	REXO2
REXO4	REXO4
RFC1	RFC1
RFC2	RFC2
RFC3	RFC3
RFC4	RFC4
RFC5	RFC5
RFESD	RFESD
RFFL	RFFL
RFK	RFK
RFLNB	RFLNB
RFNG	RFNG
RFT1	RFT1
RFTN1	RFTN1
RFTN2	RFTN2
RFWD3	RFWD3
RFX1	RFX1
RFX2	RFX2
RFX3	RFX3
RFX3-AS1	RFX3-AS1
RFX5	RFX5
RFX7	RFX7
RFXANK	RFXANK
RFXAP	RFXAP
RGCC	RGCC
RGL2	RGL2
RGL4	RGL4
RGMB	RGMB
RGP1	RGP1
RGPD1	RGPD1
RGPD2	RGPD2
RGPD3	RGPD3
RGPD4	RGPD4
RGPD5	RGPD5
RGPD6	RGPD6
RGPD8	RGPD8
RGS1	RGS1
RGS10	RGS10
RGS12	RGS12
RGS14	RGS14
RGS17	RGS17
RGS18	RGS18
RGS19	RGS19
RGS2	RGS2
RGS3	RGS3
RGS5	RGS5
RGS7	RGS7
RGS9	RGS9
RHBDD1	RHBDD1
RHBDD2	RHBDD2
RHBDD3	RHBDD3
RHBDF2	RHBDF2
RHBDL1	RHBDL1
RHD	RHD
RHEB	RHEB
RHEBL1	RHEBL1
RHNO1	RHNO1
RHOA	RHOA
RHOB	RHOB
RHOBTB2	RHOBTB2
RHOBTB3	RHOBTB3
RHOC	RHOC
RHOF	RHOF
RHOG	RHOG
RHOH	RHOH
RHOQ	RHOQ
RHOT1	RHOT1
RHOT2	RHOT2
RHOU	RHOU
RHOXF2B	RHOXF2B
RHPN1	RHPN1
RIC1	RIC1
RIC3	RIC3
RIC8A	RIC8A
RIC8B	RIC8B
RICTOR	RICTOR
RIDA	RIDA
RIF1	RIF1
RILP	RILP
RILPL1	RILPL1
RILPL2	RILPL2
RIMKLB	RIMKLB
RIMS2	RIMS2
RIN1	RIN1
RIN2	RIN2
RIN3	RIN3
RING1	RING1
RINL	RINL
RINT1	RINT1
RIOK1	RIOK1
RIOK2	RIOK2
RIOK3	RIOK3
RIOX1	RIOX1
RIOX2	RIOX2
RIPK1	RIPK1
RIPK2	RIPK2
RIPOR1	RIPOR1
RIPOR2	RIPOR2
RIPOR3	RIPOR3
RIT1	RIT1
RITA1	RITA1
RLF	RLF
RLIM	RLIM
RLN1	RLN1
RLN2	RLN2
RLN3	RLN3
RMC1	RMC1
RMDN1	RMDN1
RMDN2	RMDN2
RMDN3	RMDN3
RMI1	RMI1
RMND1	RMND1
RMND5A	RMND5A
RMND5B	RMND5B
RN7SL832P	RN7SL832P
RNASE2	RNASE2
RNASE4	RNASE4
RNASE6	RNASE6
RNASEH1	RNASEH1
RNASEH2B	RNASEH2B
RNASEH2C	RNASEH2C
RNASEK	RNASEK
RNASEL	RNASEL
RNF10	RNF10
RNF103-CHMP3	RNF103-CHMP3
RNF11	RNF11
RNF111	RNF111
RNF113A	RNF113A
RNF114	RNF114
RNF115	RNF115
RNF121	RNF121
RNF122	RNF122
RNF123	RNF123
RNF125	RNF125
RNF13	RNF13
RNF130	RNF130
RNF135	RNF135
RNF138	RNF138
RNF139	RNF139
RNF139-AS1	RNF139-AS1
RNF14	RNF14
RNF141	RNF141
RNF144A	RNF144A
RNF144B	RNF144B
RNF145	RNF145
RNF146	RNF146
RNF149	RNF149
RNF157	RNF157
RNF165	RNF165
RNF166	RNF166
RNF167	RNF167
RNF168	RNF168
RNF169	RNF169
RNF170	RNF170
RNF175	RNF175
RNF181	RNF181
RNF185	RNF185
RNF187	RNF187
RNF19A	RNF19A
RNF19B	RNF19B
RNF2	RNF2
RNF20	RNF20
RNF207	RNF207
RNF212	RNF212
RNF214	RNF214
RNF215	RNF215
RNF216	RNF216
RNF217	RNF217
RNF219	RNF219
RNF220	RNF220
RNF227	RNF227
RNF24	RNF24
RNF25	RNF25
RNF26	RNF26
RNF31	RNF31
RNF32	RNF32
RNF34	RNF34
RNF38	RNF38
RNF4	RNF4
RNF40	RNF40
RNF41	RNF41
RNF43	RNF43
RNF44	RNF44
RNF5	RNF5
RNF6	RNF6
RNF7	RNF7
RNF8	RNF8
RNFT1	RNFT1
RNFT2	RNFT2
RNGTT	RNGTT
RNH1	RNH1
RNLS	RNLS
RNMT	RNMT
RNPC3	RNPC3
RNPEP	RNPEP
RNPEPL1	RNPEPL1
RNPS1	RNPS1
RO60	RO60
ROBO2	ROBO2
ROBO3	ROBO3
ROCK1	ROCK1
ROCK2	ROCK2
ROGDI	ROGDI
ROMO1	ROMO1
ROPN1L	ROPN1L
RORA	RORA
RP2	RP2
RP9	RP9
RPA1	RPA1
RPA2	RPA2
RPA3	RPA3
RPAIN	RPAIN
RPAP1	RPAP1
RPAP2	RPAP2
RPAP3	RPAP3
RPE	RPE
RPF1	RPF1
RPF2	RPF2
RPGR	RPGR
RPGRIP1	RPGRIP1
RPGRIP1L	RPGRIP1L
RPH3A	RPH3A
RPH3AL	RPH3AL
RPIA	RPIA
RPN1	RPN1
RPN2	RPN2
RPP14	RPP14
RPP25	RPP25
RPP25L	RPP25L
RPP30	RPP30
RPP38	RPP38
RPP40	RPP40
RPRD1A	RPRD1A
RPRD1B	RPRD1B
RPRD2	RPRD2
RPTOR	RPTOR
RPUSD1	RPUSD1
RPUSD2	RPUSD2
RPUSD3	RPUSD3
RPUSD4	RPUSD4
RRAGA	RRAGA
RRAGB	RRAGB
RRAGC	RRAGC
RRAGD	RRAGD
RRAS	RRAS
RRAS2	RRAS2
RRBP1	RRBP1
RREB1	RREB1
RRM1	RRM1
RRM2B	RRM2B
RRN3	RRN3
RRNAD1	RRNAD1
RRP1	RRP1
RRP12	RRP12
RRP15	RRP15
RRP1B	RRP1B
RRP36	RRP36
RRP7A	RRP7A
RRP8	RRP8
RRP9	RRP9
RRS1	RRS1
RSAD1	RSAD1
RSAD2	RSAD2
RSBN1	RSBN1
RSBN1L	RSBN1L
RSF1	RSF1
RSL1D1	RSL1D1
RSL24D1	RSL24D1
RSPH3	RSPH3
RSPRY1	RSPRY1
RSRC1	RSRC1
RSRC2	RSRC2
RSRP1	RSRP1
RSU1	RSU1
RTCA	RTCA
RTCB	RTCB
RTEL1	RTEL1
RTF1	RTF1
RTF2	RTF2
RTKN2	RTKN2
RTL6	RTL6
RTL8A	RTL8A
RTL8C	RTL8C
RTN1	RTN1
RTN2	RTN2
RTN3	RTN3
RTN4	RTN4
RTN4IP1	RTN4IP1
RTP4	RTP4
RTRAF	RTRAF
RTTN	RTTN
RUBCN	RUBCN
RUBCNL	RUBCNL
RUFY1	RUFY1
RUFY2	RUFY2
RUFY3	RUFY3
RUNDC1	RUNDC1
RUNDC3B	RUNDC3B
RUNX1	RUNX1
RUNX2	RUNX2
RUNX3	RUNX3
RUSC1	RUSC1
RUVBL1	RUVBL1
RUVBL2	RUVBL2
RWDD1	RWDD1
RWDD2A	RWDD2A
RWDD2B	RWDD2B
RWDD4	RWDD4
RXRA	RXRA
RXRB	RXRB
RXYLT1	RXYLT1
RYBP	RYBP
RYK	RYK
RYR3	RYR3
S100A10	S100A10
S100A11	S100A11
S100A12	S100A12
S100A13	S100A13
S100A4	S100A4
S100A6	S100A6
S100A8	S100A8
S100A9	S100A9
S100B	S100B
S100P	S100P
S100PBP	S100PBP
S100Z	S100Z
S1PR1	S1PR1
S1PR3	S1PR3
S1PR4	S1PR4
S1PR5	S1PR5
SAAL1	SAAL1
SAC3D1	SAC3D1
SACM1L	SACM1L
SACS	SACS
SAE1	SAE1
SAFB	SAFB
SAFB2	SAFB2
SAG	SAG
SAMD1	SAMD1
SAMD10	SAMD10
SAMD12	SAMD12
SAMD3	SAMD3
SAMD4A	SAMD4A
SAMD4B	SAMD4B
SAMD8	SAMD8
SAMD9	SAMD9
SAMD9L	SAMD9L
SAMHD1	SAMHD1
SAMM50	SAMM50
SAMSN1	SAMSN1
SAP130	SAP130
SAP18	SAP18
SAP25	SAP25
SAP30	SAP30
SAP30BP	SAP30BP
SAP30L	SAP30L
SAR1A	SAR1A
SAR1B	SAR1B
SARAF	SARAF
SARDH	SARDH
SARM1	SARM1
SARNP	SARNP
SARS	SARS
SARS2	SARS2
SART1	SART1
SART3	SART3
SASH1	SASH1
SASH3	SASH3
SASS6	SASS6
SAT1	SAT1
SAT2	SAT2
SAV1	SAV1
SAYSD1	SAYSD1
SBDS	SBDS
SBF1	SBF1
SBF2	SBF2
SBK1	SBK1
SBNO1	SBNO1
SBNO2	SBNO2
SBSPON	SBSPON
SC5D	SC5D
SCAF1	SCAF1
SCAF11	SCAF11
SCAF4	SCAF4
SCAF8	SCAF8
SCAI	SCAI
SCAMP1	SCAMP1
SCAMP1-AS1	SCAMP1-AS1
SCAMP2	SCAMP2
SCAMP3	SCAMP3
SCAMP4	SCAMP4
SCAND1	SCAND1
SCAP	SCAP
SCAPER	SCAPER
SCARB1	SCARB1
SCARB2	SCARB2
SCART1	SCART1
SCCPDH	SCCPDH
SCFD1	SCFD1
SCFD2	SCFD2
SCGB3A1	SCGB3A1
SCIMP	SCIMP
SCLT1	SCLT1
SCMH1	SCMH1
SCML1	SCML1
SCML2	SCML2
SCML4	SCML4
SCN9A	SCN9A
SCNM1	SCNM1
SCO1	SCO1
SCOC	SCOC
SCP2	SCP2
SCPEP1	SCPEP1
SCRG1	SCRG1
SCRIB	SCRIB
SCRN1	SCRN1
SCRN2	SCRN2
SCRN3	SCRN3
SCT	SCT
SCUBE3	SCUBE3
SCYL1	SCYL1
SCYL2	SCYL2
SCYL3	SCYL3
SDAD1	SDAD1
SDCBP	SDCBP
SDCBP2	SDCBP2
SDCCAG8	SDCCAG8
SDE2	SDE2
SDF2	SDF2
SDF2L1	SDF2L1
SDF4	SDF4
SDHA	SDHA
SDHAF1	SDHAF1
SDHAF3	SDHAF3
SDHAF4	SDHAF4
SDHB	SDHB
SDHC	SDHC
SDHD	SDHD
SDK2	SDK2
SDR39U1	SDR39U1
SDR42E1	SDR42E1
SDR42E2	SDR42E2
SDSL	SDSL
SEC11A	SEC11A
SEC11C	SEC11C
SEC13	SEC13
SEC14L1	SEC14L1
SEC14L2	SEC14L2
SEC16A	SEC16A
SEC22A	SEC22A
SEC22B	SEC22B
SEC22C	SEC22C
SEC23A	SEC23A
SEC23B	SEC23B
SEC23IP	SEC23IP
SEC24A	SEC24A
SEC24B	SEC24B
SEC24C	SEC24C
SEC24D	SEC24D
SEC31A	SEC31A
SEC31B	SEC31B
SEC61A1	SEC61A1
SEC61A2	SEC61A2
SEC61B	SEC61B
SEC61G	SEC61G
SEC62	SEC62
SEC63	SEC63
SECISBP2	SECISBP2
SECISBP2L	SECISBP2L
SECTM1	SECTM1
SEH1L	SEH1L
SEL1L	SEL1L
SEL1L3	SEL1L3
SELENOF	SELENOF
SELENOI	SELENOI
SELENOK	SELENOK
SELENOM	SELENOM
SELENON	SELENON
SELENOO	SELENOO
SELENOP	SELENOP
SELENOS	SELENOS
SELENOT	SELENOT
SELENOW	SELENOW
SELL	SELL
SELPLG	SELPLG
SEM1	SEM1
SEMA3C	SEMA3C
SEMA4A	SEMA4A
SEMA4B	SEMA4B
SEMA4C	SEMA4C
SEMA4D	SEMA4D
SEMA4F	SEMA4F
SEMA6A	SEMA6A
SENP1	SENP1
SENP2	SENP2
SENP3	SENP3
SENP3-EIF4A1	SENP3-EIF4A1
SENP5	SENP5
SENP6	SENP6
SENP7	SENP7
SENP8	SENP8
SEPHS1	SEPHS1
SEPHS2	SEPHS2
SEPSECS	SEPSECS
SEPT1	SEPT1
SEPT10	SEPT10
SEPT11	SEPT11
SEPT14	SEPT14
SEPT2	SEPT2
SEPT5	SEPT5
SEPT6	SEPT6
SEPT7	SEPT7
SEPT9	SEPT9
SERAC1	SERAC1
SERBP1	SERBP1
SERF1A	SERF1A
SERF1B	SERF1B
SERF2	SERF2
SERGEF	SERGEF
SERHL2	SERHL2
SERINC1	SERINC1
SERINC3	SERINC3
SERINC5	SERINC5
SERP1	SERP1
SERPINA1	SERPINA1
SERPINB1	SERPINB1
SERPINB6	SERPINB6
SERPINB8	SERPINB8
SERPINB9	SERPINB9
SERPINB9P1	SERPINB9P1
SERPINE2	SERPINE2
SERPINF1	SERPINF1
SERPING1	SERPING1
SERPINH1	SERPINH1
SERPINI1	SERPINI1
SERTAD1	SERTAD1
SERTAD2	SERTAD2
SERTAD3	SERTAD3
SESN1	SESN1
SESN2	SESN2
SESN3	SESN3
SESTD1	SESTD1
SET	SET
SETBP1	SETBP1
SETD1A	SETD1A
SETD1B	SETD1B
SETD2	SETD2
SETD3	SETD3
SETD4	SETD4
SETD5	SETD5
SETD6	SETD6
SETD7	SETD7
SETD9	SETD9
SETDB1	SETDB1
SETDB2	SETDB2
SETMAR	SETMAR
SETSIP	SETSIP
SETX	SETX
SF1	SF1
SF3A1	SF3A1
SF3A2	SF3A2
SF3A3	SF3A3
SF3B1	SF3B1
SF3B2	SF3B2
SF3B3	SF3B3
SF3B4	SF3B4
SF3B5	SF3B5
SF3B6	SF3B6
SFI1	SFI1
SFMBT1	SFMBT1
SFMBT2	SFMBT2
SFPQ	SFPQ
SFR1	SFR1
SFSWAP	SFSWAP
SFT2D1	SFT2D1
SFT2D2	SFT2D2
SFXN1	SFXN1
SFXN2	SFXN2
SFXN3	SFXN3
SFXN4	SFXN4
SFXN5	SFXN5
SGCB	SGCB
SGCE	SGCE
SGF29	SGF29
SGK1	SGK1
SGK3	SGK3
SGMS1	SGMS1
SGMS2	SGMS2
SGO1	SGO1
SGO2	SGO2
SGPL1	SGPL1
SGPP1	SGPP1
SGPP2	SGPP2
SGSH	SGSH
SGSM1	SGSM1
SGSM2	SGSM2
SGTA	SGTA
SGTB	SGTB
SH2B1	SH2B1
SH2B3	SH2B3
SH2D1B	SH2D1B
SH2D2A	SH2D2A
SH2D3A	SH2D3A
SH2D3C	SH2D3C
SH3BGR	SH3BGR
SH3BGRL	SH3BGRL
SH3BGRL2	SH3BGRL2
SH3BGRL3	SH3BGRL3
SH3BP1	SH3BP1
SH3BP2	SH3BP2
SH3BP5	SH3BP5
SH3BP5L	SH3BP5L
SH3D19	SH3D19
SH3GL1	SH3GL1
SH3GLB1	SH3GLB1
SH3GLB2	SH3GLB2
SH3KBP1	SH3KBP1
SH3PXD2A	SH3PXD2A
SH3RF1	SH3RF1
SH3RF3	SH3RF3
SH3TC1	SH3TC1
SH3YL1	SH3YL1
SHARPIN	SHARPIN
SHC1	SHC1
SHCBP1	SHCBP1
SHF	SHF
SHISA5	SHISA5
SHISAL2A	SHISAL2A
SHKBP1	SHKBP1
SHLD1	SHLD1
SHLD2	SHLD2
SHMT1	SHMT1
SHMT2	SHMT2
SHOC1	SHOC1
SHOC2	SHOC2
SHPRH	SHPRH
SHQ1	SHQ1
SHTN1	SHTN1
SIAE	SIAE
SIAH1	SIAH1
SIAH2	SIAH2
SIDT1	SIDT1
SIDT2	SIDT2
SIGIRR	SIGIRR
SIGLEC1	SIGLEC1
SIGLEC10	SIGLEC10
SIGLEC15	SIGLEC15
SIGLEC5	SIGLEC5
SIGLEC7	SIGLEC7
SIGLEC9	SIGLEC9
SIGMAR1	SIGMAR1
SIK1	SIK1
SIK1B	SIK1B
SIK2	SIK2
SIK3	SIK3
SIKE1	SIKE1
SIL1	SIL1
SIMC1	SIMC1
SIN3A	SIN3A
SIN3B	SIN3B
SINHCAF	SINHCAF
SIPA1	SIPA1
SIPA1L1	SIPA1L1
SIPA1L2	SIPA1L2
SIPA1L3	SIPA1L3
SIRPA	SIRPA
SIRPB2	SIRPB2
SIRPG	SIRPG
SIRT1	SIRT1
SIRT2	SIRT2
SIRT3	SIRT3
SIRT5	SIRT5
SIRT6	SIRT6
SIRT7	SIRT7
SIT1	SIT1
SIVA1	SIVA1
SKA2	SKA2
SKAP1	SKAP1
SKAP2	SKAP2
SKI	SKI
SKIL	SKIL
SKIV2L	SKIV2L
SKP1	SKP1
SKP2	SKP2
SLA	SLA
SLA2	SLA2
SLAIN1	SLAIN1
SLAIN2	SLAIN2
SLAMF1	SLAMF1
SLAMF6	SLAMF6
SLAMF7	SLAMF7
SLBP	SLBP
SLC10A3	SLC10A3
SLC10A7	SLC10A7
SLC11A1	SLC11A1
SLC11A2	SLC11A2
SLC12A2	SLC12A2
SLC12A3	SLC12A3
SLC12A6	SLC12A6
SLC12A7	SLC12A7
SLC12A8	SLC12A8
SLC12A9	SLC12A9
SLC13A3	SLC13A3
SLC14A1	SLC14A1
SLC15A2	SLC15A2
SLC15A3	SLC15A3
SLC15A4	SLC15A4
SLC16A1	SLC16A1
SLC16A10	SLC16A10
SLC16A11	SLC16A11
SLC16A13	SLC16A13
SLC16A3	SLC16A3
SLC16A4	SLC16A4
SLC16A5	SLC16A5
SLC16A6	SLC16A6
SLC16A7	SLC16A7
SLC17A5	SLC17A5
SLC17A9	SLC17A9
SLC18B1	SLC18B1
SLC19A1	SLC19A1
SLC19A2	SLC19A2
SLC1A2	SLC1A2
SLC1A4	SLC1A4
SLC1A5	SLC1A5
SLC1A7	SLC1A7
SLC20A1	SLC20A1
SLC20A2	SLC20A2
SLC22A15	SLC22A15
SLC22A17	SLC22A17
SLC22A18	SLC22A18
SLC22A18AS	SLC22A18AS
SLC22A23	SLC22A23
SLC22A5	SLC22A5
SLC23A2	SLC23A2
SLC24A1	SLC24A1
SLC24A4	SLC24A4
SLC25A1	SLC25A1
SLC25A11	SLC25A11
SLC25A12	SLC25A12
SLC25A13	SLC25A13
SLC25A14	SLC25A14
SLC25A15	SLC25A15
SLC25A16	SLC25A16
SLC25A17	SLC25A17
SLC25A19	SLC25A19
SLC25A20	SLC25A20
SLC25A22	SLC25A22
SLC25A23	SLC25A23
SLC25A24	SLC25A24
SLC25A25	SLC25A25
SLC25A26	SLC25A26
SLC25A28	SLC25A28
SLC25A3	SLC25A3
SLC25A30	SLC25A30
SLC25A32	SLC25A32
SLC25A33	SLC25A33
SLC25A34	SLC25A34
SLC25A35	SLC25A35
SLC25A36	SLC25A36
SLC25A37	SLC25A37
SLC25A38	SLC25A38
SLC25A39	SLC25A39
SLC25A4	SLC25A4
SLC25A40	SLC25A40
SLC25A42	SLC25A42
SLC25A43	SLC25A43
SLC25A44	SLC25A44
SLC25A45	SLC25A45
SLC25A46	SLC25A46
SLC25A5	SLC25A5
SLC25A53	SLC25A53
SLC25A6	SLC25A6
SLC26A11	SLC26A11
SLC26A2	SLC26A2
SLC26A6	SLC26A6
SLC27A1	SLC27A1
SLC27A3	SLC27A3
SLC27A4	SLC27A4
SLC27A5	SLC27A5
SLC29A1	SLC29A1
SLC29A2	SLC29A2
SLC29A3	SLC29A3
SLC29A4	SLC29A4
SLC2A1	SLC2A1
SLC2A11	SLC2A11
SLC2A13	SLC2A13
SLC2A14	SLC2A14
SLC2A3	SLC2A3
SLC2A4RG	SLC2A4RG
SLC2A6	SLC2A6
SLC2A8	SLC2A8
SLC2A9	SLC2A9
SLC30A1	SLC30A1
SLC30A4	SLC30A4
SLC30A5	SLC30A5
SLC30A6	SLC30A6
SLC30A7	SLC30A7
SLC30A9	SLC30A9
SLC31A1	SLC31A1
SLC31A2	SLC31A2
SLC35A2	SLC35A2
SLC35A3	SLC35A3
SLC35A4	SLC35A4
SLC35A5	SLC35A5
SLC35B1	SLC35B1
SLC35B2	SLC35B2
SLC35B3	SLC35B3
SLC35B4	SLC35B4
SLC35C1	SLC35C1
SLC35C2	SLC35C2
SLC35D1	SLC35D1
SLC35E2A	SLC35E2A
SLC35E2B	SLC35E2B
SLC35E3	SLC35E3
SLC35E4	SLC35E4
SLC35F1	SLC35F1
SLC35F2	SLC35F2
SLC35F3	SLC35F3
SLC35F5	SLC35F5
SLC35F6	SLC35F6
SLC35G1	SLC35G1
SLC36A1	SLC36A1
SLC36A4	SLC36A4
SLC37A1	SLC37A1
SLC37A2	SLC37A2
SLC37A3	SLC37A3
SLC37A4	SLC37A4
SLC38A1	SLC38A1
SLC38A10	SLC38A10
SLC38A2	SLC38A2
SLC38A5	SLC38A5
SLC38A6	SLC38A6
SLC38A7	SLC38A7
SLC38A9	SLC38A9
SLC39A1	SLC39A1
SLC39A10	SLC39A10
SLC39A11	SLC39A11
SLC39A13	SLC39A13
SLC39A14	SLC39A14
SLC39A4	SLC39A4
SLC39A6	SLC39A6
SLC39A7	SLC39A7
SLC39A8	SLC39A8
SLC39A9	SLC39A9
SLC3A1	SLC3A1
SLC3A2	SLC3A2
SLC40A1	SLC40A1
SLC41A1	SLC41A1
SLC41A2	SLC41A2
SLC41A3	SLC41A3
SLC43A1	SLC43A1
SLC43A2	SLC43A2
SLC44A1	SLC44A1
SLC44A2	SLC44A2
SLC45A4	SLC45A4
SLC46A1	SLC46A1
SLC46A3	SLC46A3
SLC47A1	SLC47A1
SLC48A1	SLC48A1
SLC49A3	SLC49A3
SLC49A4	SLC49A4
SLC4A10	SLC4A10
SLC4A1AP	SLC4A1AP
SLC4A4	SLC4A4
SLC4A7	SLC4A7
SLC4A8	SLC4A8
SLC50A1	SLC50A1
SLC51A	SLC51A
SLC52A1	SLC52A1
SLC52A2	SLC52A2
SLC5A5	SLC5A5
SLC5A6	SLC5A6
SLC6A16	SLC6A16
SLC6A4	SLC6A4
SLC6A6	SLC6A6
SLC7A1	SLC7A1
SLC7A5	SLC7A5
SLC7A6	SLC7A6
SLC7A6OS	SLC7A6OS
SLC7A7	SLC7A7
SLC8A1	SLC8A1
SLC8B1	SLC8B1
SLC9A1	SLC9A1
SLC9A3R1	SLC9A3R1
SLC9A5	SLC9A5
SLC9A6	SLC9A6
SLC9A7	SLC9A7
SLC9A8	SLC9A8
SLC9A9	SLC9A9
SLC9B1	SLC9B1
SLC9B2	SLC9B2
SLCO3A1	SLCO3A1
SLCO4C1	SLCO4C1
SLF1	SLF1
SLF2	SLF2
SLFN11	SLFN11
SLFN12	SLFN12
SLFN12L	SLFN12L
SLFN13	SLFN13
SLFN5	SLFN5
SLIRP	SLIRP
SLITRK4	SLITRK4
SLK	SLK
SLMAP	SLMAP
SLTM	SLTM
SLU7	SLU7
SLX1A	SLX1A
SLX1B	SLX1B
SLX4	SLX4
SLX4IP	SLX4IP
SMAD1	SMAD1
SMAD2	SMAD2
SMAD3	SMAD3
SMAD4	SMAD4
SMAD5	SMAD5
SMAD7	SMAD7
SMAGP	SMAGP
SMAP1	SMAP1
SMAP2	SMAP2
SMARCA2	SMARCA2
SMARCA4	SMARCA4
SMARCA5	SMARCA5
SMARCAD1	SMARCAD1
SMARCAL1	SMARCAL1
SMARCB1	SMARCB1
SMARCC1	SMARCC1
SMARCD1	SMARCD1
SMARCD2	SMARCD2
SMARCD3	SMARCD3
SMARCE1	SMARCE1
SMC1A	SMC1A
SMC2	SMC2
SMC3	SMC3
SMC4	SMC4
SMC5	SMC5
SMC6	SMC6
SMCHD1	SMCHD1
SMCO4	SMCO4
SMCR8	SMCR8
SMDT1	SMDT1
SMG1	SMG1
SMG5	SMG5
SMG6	SMG6
SMG7	SMG7
SMG9	SMG9
SMIM1	SMIM1
SMIM10L1	SMIM10L1
SMIM11A	SMIM11A
SMIM11B	SMIM11B
SMIM12	SMIM12
SMIM13	SMIM13
SMIM14	SMIM14
SMIM15	SMIM15
SMIM19	SMIM19
SMIM20	SMIM20
SMIM25	SMIM25
SMIM26	SMIM26
SMIM27	SMIM27
SMIM29	SMIM29
SMIM3	SMIM3
SMIM30	SMIM30
SMIM4	SMIM4
SMIM5	SMIM5
SMIM8	SMIM8
SMKR1	SMKR1
SMN1	SMN1
SMN2	SMN2
SMNDC1	SMNDC1
SMOX	SMOX
SMPD1	SMPD1
SMPD2	SMPD2
SMPD3	SMPD3
SMPD4	SMPD4
SMPDL3A	SMPDL3A
SMS	SMS
SMU1	SMU1
SMUG1	SMUG1
SMURF1	SMURF1
SMURF2	SMURF2
SMYD2	SMYD2
SMYD3	SMYD3
SMYD4	SMYD4
SMYD5	SMYD5
SNAP23	SNAP23
SNAP29	SNAP29
SNAP47	SNAP47
SNAPC1	SNAPC1
SNAPC2	SNAPC2
SNAPC3	SNAPC3
SNAPC4	SNAPC4
SNAPC5	SNAPC5
SNAPIN	SNAPIN
SNCA	SNCA
SND1	SND1
SNED1	SNED1
SNF8	SNF8
SNHG15	SNHG15
SNHG19	SNHG19
SNHG25	SNHG25
SNHG8	SNHG8
SNHG9	SNHG9
SNIP1	SNIP1
SNN	SNN
SNPH	SNPH
SNRK	SNRK
SNRNP200	SNRNP200
SNRNP25	SNRNP25
SNRNP27	SNRNP27
SNRNP35	SNRNP35
SNRNP40	SNRNP40
SNRNP48	SNRNP48
SNRNP70	SNRNP70
SNRPA	SNRPA
SNRPA1	SNRPA1
SNRPB	SNRPB
SNRPB2	SNRPB2
SNRPC	SNRPC
SNRPD1	SNRPD1
SNRPD2	SNRPD2
SNRPD3	SNRPD3
SNRPE	SNRPE
SNRPF	SNRPF
SNRPG	SNRPG
SNRPN	SNRPN
SNTB1	SNTB1
SNTB2	SNTB2
SNU13	SNU13
SNUPN	SNUPN
SNW1	SNW1
SNX1	SNX1
SNX10	SNX10
SNX11	SNX11
SNX12	SNX12
SNX13	SNX13
SNX14	SNX14
SNX16	SNX16
SNX17	SNX17
SNX18	SNX18
SNX19	SNX19
SNX2	SNX2
SNX20	SNX20
SNX21	SNX21
SNX22	SNX22
SNX24	SNX24
SNX25	SNX25
SNX27	SNX27
SNX29	SNX29
SNX3	SNX3
SNX30	SNX30
SNX4	SNX4
SNX5	SNX5
SNX6	SNX6
SNX8	SNX8
SNX9	SNX9
SOAT1	SOAT1
SOCS1	SOCS1
SOCS2	SOCS2
SOCS3	SOCS3
SOCS4	SOCS4
SOCS5	SOCS5
SOCS6	SOCS6
SOCS7	SOCS7
SOD1	SOD1
SOD2	SOD2
SOGA1	SOGA1
SON	SON
SORBS1	SORBS1
SORBS3	SORBS3
SORD	SORD
SORL1	SORL1
SORT1	SORT1
SOS1	SOS1
SOS2	SOS2
SOWAHC	SOWAHC
SOWAHD	SOWAHD
SOX12	SOX12
SOX13	SOX13
SOX4	SOX4
SOX6	SOX6
SP1	SP1
SP100	SP100
SP110	SP110
SP140	SP140
SP140L	SP140L
SP2	SP2
SP3	SP3
SP4	SP4
SPA17	SPA17
SPACA9	SPACA9
SPAG1	SPAG1
SPAG16	SPAG16
SPAG7	SPAG7
SPAG8	SPAG8
SPAG9	SPAG9
SPARC	SPARC
SPART	SPART
SPAST	SPAST
SPATA1	SPATA1
SPATA2	SPATA2
SPATA20	SPATA20
SPATA21	SPATA21
SPATA22	SPATA22
SPATA24	SPATA24
SPATA2L	SPATA2L
SPATA33	SPATA33
SPATA5	SPATA5
SPATA5L1	SPATA5L1
SPATA6	SPATA6
SPATA6L	SPATA6L
SPATA7	SPATA7
SPATC1L	SPATC1L
SPATS2	SPATS2
SPATS2L	SPATS2L
SPCS1	SPCS1
SPCS2	SPCS2
SPCS3	SPCS3
SPDL1	SPDL1
SPDYE1	SPDYE1
SPDYE16	SPDYE16
SPDYE2	SPDYE2
SPDYE2B	SPDYE2B
SPDYE3	SPDYE3
SPDYE5	SPDYE5
SPDYE6	SPDYE6
SPECC1	SPECC1
SPECC1L	SPECC1L
SPECC1L-ADORA2A	SPECC1L-ADORA2A
SPEF2	SPEF2
SPEN	SPEN
SPG11	SPG11
SPG21	SPG21
SPG7	SPG7
SPHK2	SPHK2
SPI1	SPI1
SPICE1	SPICE1
SPIDR	SPIDR
SPIN1	SPIN1
SPIN2A	SPIN2A
SPIN2B	SPIN2B
SPIN3	SPIN3
SPINK2	SPINK2
SPINT1	SPINT1
SPINT2	SPINT2
SPIRE1	SPIRE1
SPIRE2	SPIRE2
SPN	SPN
SPNS1	SPNS1
SPNS3	SPNS3
SPOCK2	SPOCK2
SPON1	SPON1
SPON2	SPON2
SPOP	SPOP
SPOPL	SPOPL
SPOUT1	SPOUT1
SPPL2A	SPPL2A
SPPL2B	SPPL2B
SPPL3	SPPL3
SPR	SPR
SPRED1	SPRED1
SPRED2	SPRED2
SPRTN	SPRTN
SPRY1	SPRY1
SPRYD3	SPRYD3
SPRYD4	SPRYD4
SPRYD7	SPRYD7
SPSB1	SPSB1
SPSB2	SPSB2
SPTAN1	SPTAN1
SPTBN1	SPTBN1
SPTLC1	SPTLC1
SPTLC2	SPTLC2
SPTSSB	SPTSSB
SPTY2D1	SPTY2D1
SQLE	SQLE
SQOR	SQOR
SQSTM1	SQSTM1
SRA1	SRA1
SRBD1	SRBD1
SRC	SRC
SRCAP	SRCAP
SRD5A1	SRD5A1
SRD5A3	SRD5A3
SREBF1	SREBF1
SREBF2	SREBF2
SREK1	SREK1
SREK1IP1	SREK1IP1
SRF	SRF
SRFBP1	SRFBP1
SRGAP1	SRGAP1
SRGAP2	SRGAP2
SRGAP2B	SRGAP2B
SRGAP2C	SRGAP2C
SRGAP3	SRGAP3
SRGN	SRGN
SRI	SRI
SRM	SRM
SRP14	SRP14
SRP19	SRP19
SRP54	SRP54
SRP68	SRP68
SRP72	SRP72
SRP9	SRP9
SRPK1	SRPK1
SRPK2	SRPK2
SRPRA	SRPRA
SRPRB	SRPRB
SRR	SRR
SRRD	SRRD
SRRM1	SRRM1
SRRM2	SRRM2
SRRT	SRRT
SRSF1	SRSF1
SRSF10	SRSF10
SRSF11	SRSF11
SRSF12	SRSF12
SRSF2	SRSF2
SRSF3	SRSF3
SRSF4	SRSF4
SRSF5	SRSF5
SRSF6	SRSF6
SRSF7	SRSF7
SRSF8	SRSF8
SRSF9	SRSF9
SRXN1	SRXN1
SS18	SS18
SS18L1	SS18L1
SS18L2	SS18L2
SSB	SSB
SSBP1	SSBP1
SSBP2	SSBP2
SSBP3	SSBP3
SSBP4	SSBP4
SSH1	SSH1
SSH2	SSH2
SSH3	SSH3
SSNA1	SSNA1
SSR1	SSR1
SSR2	SSR2
SSR3	SSR3
SSR4	SSR4
SSRP1	SSRP1
SSSCA1	SSSCA1
SSTR3	SSTR3
SSU72	SSU72
SSX2IP	SSX2IP
ST13	ST13
ST14	ST14
ST20-MTHFS	ST20-MTHFS
ST3GAL1	ST3GAL1
ST3GAL2	ST3GAL2
ST3GAL4	ST3GAL4
ST3GAL5	ST3GAL5
ST3GAL6	ST3GAL6
ST6GAL1	ST6GAL1
ST6GALNAC1	ST6GALNAC1
ST6GALNAC4	ST6GALNAC4
ST7	ST7
ST7L	ST7L
ST8SIA1	ST8SIA1
ST8SIA4	ST8SIA4
STAB1	STAB1
STAC3	STAC3
STAG1	STAG1
STAG2	STAG2
STAG3	STAG3
STAM	STAM
STAM2	STAM2
STAMBP	STAMBP
STAMBPL1	STAMBPL1
STAP1	STAP1
STAP2	STAP2
STAR	STAR
STARD10	STARD10
STARD3	STARD3
STARD3NL	STARD3NL
STARD4	STARD4
STARD7	STARD7
STARD9	STARD9
STAT1	STAT1
STAT2	STAT2
STAT3	STAT3
STAT4	STAT4
STAT5A	STAT5A
STAT5B	STAT5B
STAT6	STAT6
STAU1	STAU1
STAU2	STAU2
STEAP1B	STEAP1B
STEAP3	STEAP3
STEAP4	STEAP4
STIL	STIL
STIM1	STIM1
STIM2	STIM2
STIP1	STIP1
STK10	STK10
STK11	STK11
STK11IP	STK11IP
STK16	STK16
STK17A	STK17A
STK17B	STK17B
STK19	STK19
STK24	STK24
STK25	STK25
STK26	STK26
STK3	STK3
STK32C	STK32C
STK33	STK33
STK35	STK35
STK36	STK36
STK38	STK38
STK38L	STK38L
STK39	STK39
STK4	STK4
STK40	STK40
STMN1	STMN1
STMN3	STMN3
STMP1	STMP1
STN1	STN1
STOM	STOM
STOML1	STOML1
STOML2	STOML2
STON1	STON1
STON2	STON2
STPG1	STPG1
STRADA	STRADA
STRADB	STRADB
STRAP	STRAP
STRBP	STRBP
STRIP1	STRIP1
STRN	STRN
STRN3	STRN3
STRN4	STRN4
STS	STS
STT3A	STT3A
STT3B	STT3B
STUB1	STUB1
STX10	STX10
STX11	STX11
STX12	STX12
STX16	STX16
STX16-NPEPL1	STX16-NPEPL1
STX17	STX17
STX18	STX18
STX2	STX2
STX3	STX3
STX4	STX4
STX5	STX5
STX6	STX6
STX7	STX7
STX8	STX8
STXBP1	STXBP1
STXBP2	STXBP2
STXBP3	STXBP3
STXBP4	STXBP4
STXBP5	STXBP5
STYX	STYX
STYXL1	STYXL1
SUB1	SUB1
SUCLA2	SUCLA2
SUCLG1	SUCLG1
SUCLG2	SUCLG2
SUCLG2-AS1	SUCLG2-AS1
SUCO	SUCO
SUDS3	SUDS3
SUFU	SUFU
SUGP2	SUGP2
SUGT1	SUGT1
SULF2	SULF2
SULT1A1	SULT1A1
SULT1A2	SULT1A2
SULT1B1	SULT1B1
SUMF1	SUMF1
SUMF2	SUMF2
SUMO1	SUMO1
SUMO2	SUMO2
SUMO3	SUMO3
SUN1	SUN1
SUN2	SUN2
SUOX	SUOX
SUPT16H	SUPT16H
SUPT20H	SUPT20H
SUPT3H	SUPT3H
SUPT4H1	SUPT4H1
SUPT5H	SUPT5H
SUPT6H	SUPT6H
SUPT7L	SUPT7L
SUPV3L1	SUPV3L1
SURF1	SURF1
SURF2	SURF2
SURF4	SURF4
SURF6	SURF6
SUSD1	SUSD1
SUSD3	SUSD3
SUSD6	SUSD6
SUV39H1	SUV39H1
SUV39H2	SUV39H2
SUZ12	SUZ12
SV2A	SV2A
SVBP	SVBP
SVIL	SVIL
SVIP	SVIP
SWAP70	SWAP70
SWI5	SWI5
SWSAP1	SWSAP1
SWT1	SWT1
SYAP1	SYAP1
SYCE1L	SYCE1L
SYCP2	SYCP2
SYCP3	SYCP3
SYDE2	SYDE2
SYF2	SYF2
SYK	SYK
SYMPK	SYMPK
SYN2	SYN2
SYNCRIP	SYNCRIP
SYNE1	SYNE1
SYNE2	SYNE2
SYNE3	SYNE3
SYNGAP1	SYNGAP1
SYNGR1	SYNGR1
SYNGR2	SYNGR2
SYNJ1	SYNJ1
SYNJ2	SYNJ2
SYNJ2BP-COX16	SYNJ2BP-COX16
SYNRG	SYNRG
SYPL1	SYPL1
SYS1	SYS1
SYS1-DBNDD2	SYS1-DBNDD2
SYT11	SYT11
SYT17	SYT17
SYT5	SYT5
SYTL1	SYTL1
SYTL2	SYTL2
SYTL3	SYTL3
SYVN1	SYVN1
SZRD1	SZRD1
SZT2	SZT2
TAB1	TAB1
TAB2	TAB2
TAB3	TAB3
TACC1	TACC1
TACC3	TACC3
TACO1	TACO1
TADA1	TADA1
TADA2A	TADA2A
TADA2B	TADA2B
TADA3	TADA3
TAF1	TAF1
TAF10	TAF10
TAF11	TAF11
TAF12	TAF12
TAF13	TAF13
TAF15	TAF15
TAF1A	TAF1A
TAF1B	TAF1B
TAF1C	TAF1C
TAF1D	TAF1D
TAF1L	TAF1L
TAF2	TAF2
TAF3	TAF3
TAF4	TAF4
TAF4B	TAF4B
TAF5	TAF5
TAF5L	TAF5L
TAF6	TAF6
TAF6L	TAF6L
TAF7	TAF7
TAF8	TAF8
TAF9B	TAF9B
TAGAP	TAGAP
TAGLN2	TAGLN2
TALDO1	TALDO1
TAMM41	TAMM41
TANC1	TANC1
TANC2	TANC2
TANGO2	TANGO2
TANGO6	TANGO6
TANK	TANK
TAOK1	TAOK1
TAOK2	TAOK2
TAOK3	TAOK3
TAP1	TAP1
TAPBP	TAPBP
TAPBPL	TAPBPL
TAPT1	TAPT1
TARBP1	TARBP1
TARBP2	TARBP2
TARDBP	TARDBP
TARS	TARS
TARS2	TARS2
TARSL2	TARSL2
TASOR	TASOR
TASOR2	TASOR2
TASP1	TASP1
TATDN1	TATDN1
TATDN2	TATDN2
TATDN3	TATDN3
TAX1BP1	TAX1BP1
TAX1BP3	TAX1BP3
TAZ	TAZ
TBC1D1	TBC1D1
TBC1D10B	TBC1D10B
TBC1D10C	TBC1D10C
TBC1D12	TBC1D12
TBC1D13	TBC1D13
TBC1D14	TBC1D14
TBC1D15	TBC1D15
TBC1D16	TBC1D16
TBC1D17	TBC1D17
TBC1D19	TBC1D19
TBC1D2	TBC1D2
TBC1D20	TBC1D20
TBC1D22A	TBC1D22A
TBC1D22B	TBC1D22B
TBC1D23	TBC1D23
TBC1D24	TBC1D24
TBC1D25	TBC1D25
TBC1D28	TBC1D28
TBC1D2B	TBC1D2B
TBC1D31	TBC1D31
TBC1D32	TBC1D32
TBC1D3C	TBC1D3C
TBC1D4	TBC1D4
TBC1D5	TBC1D5
TBC1D7	TBC1D7
TBC1D8	TBC1D8
TBC1D8-AS1	TBC1D8-AS1
TBC1D8B	TBC1D8B
TBC1D9	TBC1D9
TBC1D9B	TBC1D9B
TBCA	TBCA
TBCB	TBCB
TBCC	TBCC
TBCCD1	TBCCD1
TBCD	TBCD
TBCEL	TBCEL
TBCK	TBCK
TBK1	TBK1
TBKBP1	TBKBP1
TBL1X	TBL1X
TBL1XR1	TBL1XR1
TBL2	TBL2
TBL3	TBL3
TBP	TBP
TBPL1	TBPL1
TBRG1	TBRG1
TBRG4	TBRG4
TBX19	TBX19
TBX21	TBX21
TBXA2R	TBXA2R
TBXAS1	TBXAS1
TC2N	TC2N
TCAF1	TCAF1
TCAF2	TCAF2
TCAIM	TCAIM
TCEA1	TCEA1
TCEA2	TCEA2
TCEA3	TCEA3
TCEAL1	TCEAL1
TCEAL2	TCEAL2
TCEAL3	TCEAL3
TCEAL4	TCEAL4
TCEAL6	TCEAL6
TCEAL8	TCEAL8
TCEAL9	TCEAL9
TCEANC	TCEANC
TCEANC2	TCEANC2
TCERG1	TCERG1
TCF12	TCF12
TCF19	TCF19
TCF20	TCF20
TCF25	TCF25
TCF3	TCF3
TCF4	TCF4
TCF7	TCF7
TCF7L1	TCF7L1
TCF7L2	TCF7L2
TCFL5	TCFL5
TCHP	TCHP
TCIRG1	TCIRG1
TCN2	TCN2
TCOF1	TCOF1
TCP1	TCP1
TCP11L1	TCP11L1
TCP11L2	TCP11L2
TCTA	TCTA
TCTE3	TCTE3
TCTN1	TCTN1
TCTN2	TCTN2
TCTN3	TCTN3
TDG	TDG
TDP1	TDP1
TDP2	TDP2
TDRD3	TDRD3
TDRD7	TDRD7
TDRKH	TDRKH
TEC	TEC
TECPR1	TECPR1
TECPR2	TECPR2
TECR	TECR
TEDC1	TEDC1
TEF	TEF
TEFM	TEFM
TELO2	TELO2
TEN1	TEN1
TEN1-CDK3	TEN1-CDK3
TENM1	TENM1
TENT2	TENT2
TENT4A	TENT4A
TENT4B	TENT4B
TENT5A	TENT5A
TENT5C	TENT5C
TEP1	TEP1
TEPSIN	TEPSIN
TERF1	TERF1
TERF2	TERF2
TERF2IP	TERF2IP
TES	TES
TESC	TESC
TESK2	TESK2
TESMIN	TESMIN
TESPA1	TESPA1
TET1	TET1
TET2	TET2
TET3	TET3
TEX10	TEX10
TEX14	TEX14
TEX2	TEX2
TEX264	TEX264
TEX30	TEX30
TEX9	TEX9
TF	TF
TFAM	TFAM
TFAP4	TFAP4
TFB1M	TFB1M
TFB2M	TFB2M
TFCP2	TFCP2
TFDP1	TFDP1
TFDP2	TFDP2
TFE3	TFE3
TFEB	TFEB
TFEC	TFEC
TFG	TFG
TFIP11	TFIP11
TFPT	TFPT
TFR2	TFR2
TFRC	TFRC
TGDS	TGDS
TGFB1I1	TGFB1I1
TGFBI	TGFBI
TGFBR1	TGFBR1
TGFBR2	TGFBR2
TGFBR3	TGFBR3
TGFBRAP1	TGFBRAP1
TGIF1	TGIF1
TGIF2	TGIF2
TGIF2-RAB5IF	TGIF2-RAB5IF
TGOLN2	TGOLN2
TGS1	TGS1
THADA	THADA
THAP1	THAP1
THAP11	THAP11
THAP12	THAP12
THAP2	THAP2
THAP3	THAP3
THAP4	THAP4
THAP6	THAP6
THAP7	THAP7
THAP8	THAP8
THAP9	THAP9
THBS1	THBS1
THBS2	THBS2
THBS3	THBS3
THBS4	THBS4
THEM4	THEM4
THEM6	THEM6
THEMIS	THEMIS
THEMIS2	THEMIS2
THG1L	THG1L
THNSL1	THNSL1
THOC1	THOC1
THOC2	THOC2
THOC3	THOC3
THOC5	THOC5
THOC6	THOC6
THOC7	THOC7
THOP1	THOP1
THRA	THRA
THRAP3	THRAP3
THSD8	THSD8
THUMPD1	THUMPD1
THUMPD2	THUMPD2
THUMPD3	THUMPD3
THYN1	THYN1
TIAL1	TIAL1
TIAM1	TIAM1
TIAM2	TIAM2
TIFA	TIFA
TIGAR	TIGAR
TIGD1	TIGD1
TIGD2	TIGD2
TIGD5	TIGD5
TIGD6	TIGD6
TIGD7	TIGD7
TIGIT	TIGIT
TIMELESS	TIMELESS
TIMM10	TIMM10
TIMM10B	TIMM10B
TIMM13	TIMM13
TIMM17A	TIMM17A
TIMM17B	TIMM17B
TIMM21	TIMM21
TIMM22	TIMM22
TIMM23	TIMM23
TIMM23B	TIMM23B
TIMM29	TIMM29
TIMM44	TIMM44
TIMM50	TIMM50
TIMM8A	TIMM8A
TIMM8B	TIMM8B
TIMM9	TIMM9
TIMMDC1	TIMMDC1
TIMP1	TIMP1
TIMP2	TIMP2
TINCR	TINCR
TINF2	TINF2
TIPARP	TIPARP
TIPIN	TIPIN
TIPRL	TIPRL
TIRAP	TIRAP
TJAP1	TJAP1
TJP3	TJP3
TK1	TK1
TK2	TK2
TKFC	TKFC
TKT	TKT
TKTL1	TKTL1
TLCD1	TLCD1
TLCD2	TLCD2
TLE1	TLE1
TLE2	TLE2
TLE3	TLE3
TLE4	TLE4
TLK1	TLK1
TLK2	TLK2
TLN1	TLN1
TLNRD1	TLNRD1
TLR1	TLR1
TLR10	TLR10
TLR2	TLR2
TLR3	TLR3
TLR5	TLR5
TLR7	TLR7
TLR8	TLR8
TLR9	TLR9
TM2D1	TM2D1
TM2D2	TM2D2
TM2D3	TM2D3
TM4SF4	TM4SF4
TM6SF1	TM6SF1
TM7SF2	TM7SF2
TM7SF3	TM7SF3
TM9SF1	TM9SF1
TM9SF2	TM9SF2
TM9SF3	TM9SF3
TM9SF4	TM9SF4
TMA16	TMA16
TMA7	TMA7
TMBIM1	TMBIM1
TMBIM6	TMBIM6
TMC4	TMC4
TMC6	TMC6
TMC8	TMC8
TMCC1	TMCC1
TMCC3	TMCC3
TMCO1	TMCO1
TMCO3	TMCO3
TMCO4	TMCO4
TMCO6	TMCO6
TMED10	TMED10
TMED2	TMED2
TMED3	TMED3
TMED4	TMED4
TMED5	TMED5
TMED7-TICAM2	TMED7-TICAM2
TMED8	TMED8
TMED9	TMED9
TMEM101	TMEM101
TMEM104	TMEM104
TMEM106A	TMEM106A
TMEM106B	TMEM106B
TMEM106C	TMEM106C
TMEM107	TMEM107
TMEM109	TMEM109
TMEM11	TMEM11
TMEM110-MUSTN1	TMEM110-MUSTN1
TMEM115	TMEM115
TMEM116	TMEM116
TMEM117	TMEM117
TMEM120A	TMEM120A
TMEM120B	TMEM120B
TMEM121	TMEM121
TMEM123	TMEM123
TMEM126A	TMEM126A
TMEM126B	TMEM126B
TMEM127	TMEM127
TMEM128	TMEM128
TMEM129	TMEM129
TMEM131	TMEM131
TMEM131L	TMEM131L
TMEM134	TMEM134
TMEM135	TMEM135
TMEM138	TMEM138
TMEM140	TMEM140
TMEM141	TMEM141
TMEM143	TMEM143
TMEM144	TMEM144
TMEM147	TMEM147
TMEM14A	TMEM14A
TMEM14B	TMEM14B
TMEM14C	TMEM14C
TMEM150A	TMEM150A
TMEM150B	TMEM150B
TMEM150C	TMEM150C
TMEM154	TMEM154
TMEM156	TMEM156
TMEM159	TMEM159
TMEM160	TMEM160
TMEM161A	TMEM161A
TMEM161B	TMEM161B
TMEM164	TMEM164
TMEM165	TMEM165
TMEM167A	TMEM167A
TMEM167B	TMEM167B
TMEM168	TMEM168
TMEM169	TMEM169
TMEM170B	TMEM170B
TMEM173	TMEM173
TMEM175	TMEM175
TMEM176A	TMEM176A
TMEM176B	TMEM176B
TMEM177	TMEM177
TMEM179B	TMEM179B
TMEM18	TMEM18
TMEM181	TMEM181
TMEM182	TMEM182
TMEM183A	TMEM183A
TMEM184B	TMEM184B
TMEM184C	TMEM184C
TMEM185A	TMEM185A
TMEM185B	TMEM185B
TMEM186	TMEM186
TMEM187	TMEM187
TMEM189-UBE2V1	TMEM189-UBE2V1
TMEM19	TMEM19
TMEM191B	TMEM191B
TMEM191C	TMEM191C
TMEM192	TMEM192
TMEM199	TMEM199
TMEM201	TMEM201
TMEM202-AS1	TMEM202-AS1
TMEM204	TMEM204
TMEM206	TMEM206
TMEM208	TMEM208
TMEM209	TMEM209
TMEM214	TMEM214
TMEM216	TMEM216
TMEM218	TMEM218
TMEM219	TMEM219
TMEM220	TMEM220
TMEM222	TMEM222
TMEM229B	TMEM229B
TMEM230	TMEM230
TMEM234	TMEM234
TMEM237	TMEM237
TMEM241	TMEM241
TMEM242	TMEM242
TMEM243	TMEM243
TMEM245	TMEM245
TMEM248	TMEM248
TMEM25	TMEM25
TMEM250	TMEM250
TMEM251	TMEM251
TMEM254	TMEM254
TMEM255B	TMEM255B
TMEM256-PLSCR3	TMEM256-PLSCR3
TMEM258	TMEM258
TMEM259	TMEM259
TMEM260	TMEM260
TMEM263	TMEM263
TMEM266	TMEM266
TMEM267	TMEM267
TMEM268	TMEM268
TMEM273	TMEM273
TMEM30A	TMEM30A
TMEM30B	TMEM30B
TMEM33	TMEM33
TMEM38A	TMEM38A
TMEM38B	TMEM38B
TMEM39A	TMEM39A
TMEM39B	TMEM39B
TMEM40	TMEM40
TMEM41A	TMEM41A
TMEM41B	TMEM41B
TMEM43	TMEM43
TMEM45B	TMEM45B
TMEM50A	TMEM50A
TMEM50B	TMEM50B
TMEM51	TMEM51
TMEM53	TMEM53
TMEM56-RWDD3	TMEM56-RWDD3
TMEM59	TMEM59
TMEM60	TMEM60
TMEM62	TMEM62
TMEM63A	TMEM63A
TMEM63B	TMEM63B
TMEM64	TMEM64
TMEM65	TMEM65
TMEM67	TMEM67
TMEM68	TMEM68
TMEM69	TMEM69
TMEM70	TMEM70
TMEM71	TMEM71
TMEM86B	TMEM86B
TMEM87A	TMEM87A
TMEM87B	TMEM87B
TMEM8A	TMEM8A
TMEM8B	TMEM8B
TMEM9	TMEM9
TMEM94	TMEM94
TMEM97	TMEM97
TMEM99	TMEM99
TMEM9B	TMEM9B
TMF1	TMF1
TMIGD2	TMIGD2
TMLHE	TMLHE
TMOD2	TMOD2
TMOD3	TMOD3
TMPO	TMPO
TMSB10	TMSB10
TMSB4X	TMSB4X
TMSB4Y	TMSB4Y
TMTC1	TMTC1
TMTC2	TMTC2
TMTC3	TMTC3
TMTC4	TMTC4
TMUB1	TMUB1
TMUB2	TMUB2
TMX1	TMX1
TMX2	TMX2
TMX2-CTNND1	TMX2-CTNND1
TMX3	TMX3
TMX4	TMX4
TNF	TNF
TNFAIP1	TNFAIP1
TNFAIP2	TNFAIP2
TNFAIP3	TNFAIP3
TNFAIP8	TNFAIP8
TNFAIP8L1	TNFAIP8L1
TNFAIP8L2	TNFAIP8L2
TNFRSF10A	TNFRSF10A
TNFRSF10B	TNFRSF10B
TNFRSF10D	TNFRSF10D
TNFRSF13B	TNFRSF13B
TNFRSF13C	TNFRSF13C
TNFRSF14	TNFRSF14
TNFRSF17	TNFRSF17
TNFRSF18	TNFRSF18
TNFRSF1A	TNFRSF1A
TNFRSF1B	TNFRSF1B
TNFRSF25	TNFRSF25
TNFRSF4	TNFRSF4
TNFRSF8	TNFRSF8
TNFRSF9	TNFRSF9
TNFSF10	TNFSF10
TNFSF12	TNFSF12
TNFSF12-TNFSF13	TNFSF12-TNFSF13
TNFSF13B	TNFSF13B
TNFSF14	TNFSF14
TNFSF4	TNFSF4
TNFSF8	TNFSF8
TNIK	TNIK
TNIP1	TNIP1
TNIP2	TNIP2
TNIP3	TNIP3
TNK1	TNK1
TNK2	TNK2
TNKS	TNKS
TNKS2	TNKS2
TNNI2	TNNI2
TNNT1	TNNT1
TNPO1	TNPO1
TNPO2	TNPO2
TNPO3	TNPO3
TNR	TNR
TNRC18	TNRC18
TNRC6A	TNRC6A
TNRC6B	TNRC6B
TNRC6C	TNRC6C
TNS3	TNS3
TNXB	TNXB
TOB1	TOB1
TOB2	TOB2
TOE1	TOE1
TOGARAM1	TOGARAM1
TOGARAM2	TOGARAM2
TOLLIP	TOLLIP
TOM1	TOM1
TOM1L2	TOM1L2
TOMM20	TOMM20
TOMM22	TOMM22
TOMM34	TOMM34
TOMM40L	TOMM40L
TOMM7	TOMM7
TOMM70	TOMM70
TONSL	TONSL
TOP1	TOP1
TOP1MT	TOP1MT
TOP2B	TOP2B
TOP3A	TOP3A
TOPBP1	TOPBP1
TOPORS	TOPORS
TOR1A	TOR1A
TOR1AIP1	TOR1AIP1
TOR1AIP2	TOR1AIP2
TOR1B	TOR1B
TOR2A	TOR2A
TOR3A	TOR3A
TOR4A	TOR4A
TOX	TOX
TOX2	TOX2
TOX4	TOX4
TP53	TP53
TP53BP1	TP53BP1
TP53BP2	TP53BP2
TP53I11	TP53I11
TP53I3	TP53I3
TP53INP1	TP53INP1
TP53TG1	TP53TG1
TPCN1	TPCN1
TPCN2	TPCN2
TPD52	TPD52
TPD52L2	TPD52L2
TPGS1	TPGS1
TPGS2	TPGS2
TPI1	TPI1
TPK1	TPK1
TPM1	TPM1
TPM2	TPM2
TPM3	TPM3
TPM4	TPM4
TPMT	TPMT
TPP1	TPP1
TPP2	TPP2
TPPP	TPPP
TPPP3	TPPP3
TPR	TPR
TPRA1	TPRA1
TPRG1	TPRG1
TPRG1L	TPRG1L
TPRKB	TPRKB
TPRN	TPRN
TPST1	TPST1
TPST2	TPST2
TPT1	TPT1
TPTEP2-CSNK1E	TPTEP2-CSNK1E
TRA2A	TRA2A
TRA2B	TRA2B
TRABD	TRABD
TRABD2A	TRABD2A
TRADD	TRADD
TRAF1	TRAF1
TRAF2	TRAF2
TRAF3	TRAF3
TRAF3IP1	TRAF3IP1
TRAF3IP2	TRAF3IP2
TRAF3IP3	TRAF3IP3
TRAF4	TRAF4
TRAF5	TRAF5
TRAF6	TRAF6
TRAF7	TRAF7
TRAFD1	TRAFD1
TRAK1	TRAK1
TRAK2	TRAK2
TRAM1	TRAM1
TRAM2	TRAM2
TRAM2-AS1	TRAM2-AS1
TRANK1	TRANK1
TRAP1	TRAP1
TRAPPC1	TRAPPC1
TRAPPC10	TRAPPC10
TRAPPC11	TRAPPC11
TRAPPC12	TRAPPC12
TRAPPC13	TRAPPC13
TRAPPC2	TRAPPC2
TRAPPC2L	TRAPPC2L
TRAPPC3	TRAPPC3
TRAPPC4	TRAPPC4
TRAPPC6A	TRAPPC6A
TRAPPC6B	TRAPPC6B
TRAPPC8	TRAPPC8
TRAPPC9	TRAPPC9
TRAT1	TRAT1
TRDMT1	TRDMT1
TREM1	TREM1
TREML1	TREML1
TRERF1	TRERF1
TREX2	TREX2
TRIAP1	TRIAP1
TRIB1	TRIB1
TRIB2	TRIB2
TRIB3	TRIB3
TRIM11	TRIM11
TRIM13	TRIM13
TRIM14	TRIM14
TRIM16	TRIM16
TRIM16L	TRIM16L
TRIM2	TRIM2
TRIM21	TRIM21
TRIM22	TRIM22
TRIM23	TRIM23
TRIM24	TRIM24
TRIM25	TRIM25
TRIM26	TRIM26
TRIM27	TRIM27
TRIM28	TRIM28
TRIM3	TRIM3
TRIM32	TRIM32
TRIM33	TRIM33
TRIM35	TRIM35
TRIM36	TRIM36
TRIM37	TRIM37
TRIM38	TRIM38
TRIM39	TRIM39
TRIM39-RPP21	TRIM39-RPP21
TRIM4	TRIM4
TRIM41	TRIM41
TRIM44	TRIM44
TRIM46	TRIM46
TRIM5	TRIM5
TRIM52	TRIM52
TRIM56	TRIM56
TRIM58	TRIM58
TRIM6-TRIM34	TRIM6-TRIM34
TRIM61	TRIM61
TRIM62	TRIM62
TRIM65	TRIM65
TRIM66	TRIM66
TRIM68	TRIM68
TRIM69	TRIM69
TRIM73	TRIM73
TRIM8	TRIM8
TRIO	TRIO
TRIOBP	TRIOBP
TRIP10	TRIP10
TRIP11	TRIP11
TRIP12	TRIP12
TRIP4	TRIP4
TRIP6	TRIP6
TRIQK	TRIQK
TRIR	TRIR
TRIT1	TRIT1
TRMO	TRMO
TRMT1	TRMT1
TRMT10A	TRMT10A
TRMT10B	TRMT10B
TRMT10C	TRMT10C
TRMT11	TRMT11
TRMT112	TRMT112
TRMT12	TRMT12
TRMT13	TRMT13
TRMT1L	TRMT1L
TRMT2A	TRMT2A
TRMT2B	TRMT2B
TRMT44	TRMT44
TRMT5	TRMT5
TRMT6	TRMT6
TRMT61A	TRMT61A
TRMT61B	TRMT61B
TRMU	TRMU
TRNAU1AP	TRNAU1AP
TRNT1	TRNT1
TRPC1	TRPC1
TRPC4AP	TRPC4AP
TRPM2	TRPM2
TRPM4	TRPM4
TRPM7	TRPM7
TRPS1	TRPS1
TRPT1	TRPT1
TRPV1	TRPV1
TRPV2	TRPV2
TRRAP	TRRAP
TRUB1	TRUB1
TRUB2	TRUB2
TSC1	TSC1
TSC2	TSC2
TSC22D1	TSC22D1
TSC22D2	TSC22D2
TSC22D3	TSC22D3
TSC22D4	TSC22D4
TSEN15	TSEN15
TSEN2	TSEN2
TSEN34	TSEN34
TSEN54	TSEN54
TSFM	TSFM
TSG101	TSG101
TSGA10	TSGA10
TSHZ1	TSHZ1
TSHZ2	TSHZ2
TSHZ3	TSHZ3
TSN	TSN
TSNARE1	TSNARE1
TSNAX-DISC1	TSNAX-DISC1
TSPAN10	TSPAN10
TSPAN13	TSPAN13
TSPAN14	TSPAN14
TSPAN15	TSPAN15
TSPAN16	TSPAN16
TSPAN17	TSPAN17
TSPAN18	TSPAN18
TSPAN2	TSPAN2
TSPAN3	TSPAN3
TSPAN31	TSPAN31
TSPAN32	TSPAN32
TSPAN33	TSPAN33
TSPAN4	TSPAN4
TSPAN5	TSPAN5
TSPAN6	TSPAN6
TSPEAR	TSPEAR
TSPO	TSPO
TSPOAP1	TSPOAP1
TSPYL1	TSPYL1
TSPYL2	TSPYL2
TSPYL4	TSPYL4
TSPYL5	TSPYL5
TSR1	TSR1
TSR2	TSR2
TSR3	TSR3
TSSC4	TSSC4
TST	TST
TSTA3	TSTA3
TSTD2	TSTD2
TTBK2	TTBK2
TTC1	TTC1
TTC12	TTC12
TTC13	TTC13
TTC14	TTC14
TTC16	TTC16
TTC17	TTC17
TTC19	TTC19
TTC21A	TTC21A
TTC21B	TTC21B
TTC22	TTC22
TTC27	TTC27
TTC28	TTC28
TTC3	TTC3
TTC30A	TTC30A
TTC30B	TTC30B
TTC31	TTC31
TTC32	TTC32
TTC33	TTC33
TTC37	TTC37
TTC38	TTC38
TTC39B	TTC39B
TTC39C	TTC39C
TTC5	TTC5
TTC7A	TTC7A
TTC7B	TTC7B
TTC9	TTC9
TTC9C	TTC9C
TTF1	TTF1
TTF2	TTF2
TTI1	TTI1
TTI2	TTI2
TTL	TTL
TTLL1	TTLL1
TTLL11	TTLL11
TTLL12	TTLL12
TTLL4	TTLL4
TTLL5	TTLL5
TTLL7	TTLL7
TTN	TTN
TTPAL	TTPAL
TTTY14	TTTY14
TTYH2	TTYH2
TTYH3	TTYH3
TUBA1A	TUBA1A
TUBA1B	TUBA1B
TUBA1C	TUBA1C
TUBA4A	TUBA4A
TUBB	TUBB
TUBB1	TUBB1
TUBB2A	TUBB2A
TUBB2B	TUBB2B
TUBB4A	TUBB4A
TUBB4B	TUBB4B
TUBB6	TUBB6
TUBD1	TUBD1
TUBE1	TUBE1
TUBG1	TUBG1
TUBG2	TUBG2
TUBGCP2	TUBGCP2
TUBGCP3	TUBGCP3
TUBGCP4	TUBGCP4
TUBGCP5	TUBGCP5
TUBGCP6	TUBGCP6
TUFM	TUFM
TUFT1	TUFT1
TULP2	TULP2
TULP3	TULP3
TULP4	TULP4
TUSC2	TUSC2
TUT4	TUT4
TUT7	TUT7
TVP23A	TVP23A
TVP23B	TVP23B
TVP23C-CDRT4	TVP23C-CDRT4
TWF1	TWF1
TWF2	TWF2
TWISTNB	TWISTNB
TWNK	TWNK
TWSG1	TWSG1
TXK	TXK
TXLNA	TXLNA
TXLNB	TXLNB
TXLNG	TXLNG
TXN	TXN
TXN2	TXN2
TXNDC11	TXNDC11
TXNDC12	TXNDC12
TXNDC15	TXNDC15
TXNDC16	TXNDC16
TXNDC17	TXNDC17
TXNDC5	TXNDC5
TXNDC9	TXNDC9
TXNIP	TXNIP
TXNL1	TXNL1
TXNL4A	TXNL4A
TXNL4B	TXNL4B
TXNRD1	TXNRD1
TXNRD2	TXNRD2
TYK2	TYK2
TYMP	TYMP
TYMS	TYMS
TYROBP	TYROBP
TYSND1	TYSND1
TYW1	TYW1
TYW1B	TYW1B
TYW3	TYW3
TYW5	TYW5
U2AF1	U2AF1
U2AF1L5	U2AF1L5
U2AF2	U2AF2
U2SURP	U2SURP
UACA	UACA
UAP1	UAP1
UAP1L1	UAP1L1
UBA1	UBA1
UBA2	UBA2
UBA3	UBA3
UBA5	UBA5
UBA52	UBA52
UBA6	UBA6
UBA7	UBA7
UBAC1	UBAC1
UBAC2	UBAC2
UBAC2-AS1	UBAC2-AS1
UBALD1	UBALD1
UBALD2	UBALD2
UBAP1	UBAP1
UBAP1L	UBAP1L
UBAP2	UBAP2
UBAP2L	UBAP2L
UBASH3A	UBASH3A
UBASH3B	UBASH3B
UBB	UBB
UBC	UBC
UBE2A	UBE2A
UBE2B	UBE2B
UBE2D1	UBE2D1
UBE2D2	UBE2D2
UBE2D3	UBE2D3
UBE2D4	UBE2D4
UBE2E1	UBE2E1
UBE2E2	UBE2E2
UBE2E3	UBE2E3
UBE2F	UBE2F
UBE2F-SCLY	UBE2F-SCLY
UBE2G1	UBE2G1
UBE2G2	UBE2G2
UBE2H	UBE2H
UBE2I	UBE2I
UBE2J1	UBE2J1
UBE2J2	UBE2J2
UBE2K	UBE2K
UBE2L3	UBE2L3
UBE2L6	UBE2L6
UBE2M	UBE2M
UBE2N	UBE2N
UBE2O	UBE2O
UBE2Q1	UBE2Q1
UBE2Q2	UBE2Q2
UBE2R2	UBE2R2
UBE2S	UBE2S
UBE2T	UBE2T
UBE2V2	UBE2V2
UBE2Z	UBE2Z
UBE3A	UBE3A
UBE3B	UBE3B
UBE3C	UBE3C
UBE3D	UBE3D
UBE4A	UBE4A
UBE4B	UBE4B
UBFD1	UBFD1
UBIAD1	UBIAD1
UBL3	UBL3
UBL4A	UBL4A
UBL5	UBL5
UBL7	UBL7
UBLCP1	UBLCP1
UBN1	UBN1
UBN2	UBN2
UBOX5	UBOX5
UBP1	UBP1
UBQLN1	UBQLN1
UBQLN2	UBQLN2
UBQLN4	UBQLN4
UBR1	UBR1
UBR2	UBR2
UBR3	UBR3
UBR4	UBR4
UBR5	UBR5
UBR7	UBR7
UBTD1	UBTD1
UBTD2	UBTD2
UBTF	UBTF
UBXN1	UBXN1
UBXN11	UBXN11
UBXN2A	UBXN2A
UBXN2B	UBXN2B
UBXN4	UBXN4
UBXN6	UBXN6
UBXN7	UBXN7
UBXN8	UBXN8
UCHL3	UCHL3
UCHL5	UCHL5
UCK1	UCK1
UCK2	UCK2
UCKL1	UCKL1
UCP2	UCP2
UCP3	UCP3
UEVLD	UEVLD
UFC1	UFC1
UFD1	UFD1
UFL1	UFL1
UFM1	UFM1
UFSP2	UFSP2
UGCG	UGCG
UGDH	UGDH
UGGT1	UGGT1
UGGT2	UGGT2
UGP2	UGP2
UHMK1	UHMK1
UHRF1	UHRF1
UHRF1BP1	UHRF1BP1
UHRF1BP1L	UHRF1BP1L
UHRF2	UHRF2
UIMC1	UIMC1
ULK1	ULK1
ULK2	ULK2
ULK3	ULK3
ULK4	ULK4
UMAD1	UMAD1
UMPS	UMPS
UNC119B	UNC119B
UNC13D	UNC13D
UNC45A	UNC45A
UNC50	UNC50
UNC5CL	UNC5CL
UNC93B1	UNC93B1
UNG	UNG
UNK	UNK
UNKL	UNKL
UPB1	UPB1
UPF1	UPF1
UPF2	UPF2
UPF3A	UPF3A
UPF3B	UPF3B
UPK3A	UPK3A
UPP1	UPP1
UPRT	UPRT
UQCC1	UQCC1
UQCC2	UQCC2
UQCC3	UQCC3
UQCR10	UQCR10
UQCRB	UQCRB
UQCRC1	UQCRC1
UQCRC2	UQCRC2
UQCRFS1	UQCRFS1
UQCRH	UQCRH
UQCRHL	UQCRHL
UQCRQ	UQCRQ
URB1	URB1
URB1-AS1	URB1-AS1
URB2	URB2
URGCP	URGCP
URGCP-MRPS24	URGCP-MRPS24
URI1	URI1
URM1	URM1
UROD	UROD
UROS	UROS
USB1	USB1
USE1	USE1
USF1	USF1
USF2	USF2
USF3	USF3
USO1	USO1
USP1	USP1
USP10	USP10
USP11	USP11
USP12	USP12
USP13	USP13
USP14	USP14
USP15	USP15
USP16	USP16
USP19	USP19
USP20	USP20
USP21	USP21
USP22	USP22
USP24	USP24
USP25	USP25
USP27X	USP27X
USP28	USP28
USP30	USP30
USP31	USP31
USP32	USP32
USP33	USP33
USP34	USP34
USP35	USP35
USP36	USP36
USP37	USP37
USP38	USP38
USP39	USP39
USP4	USP4
USP40	USP40
USP42	USP42
USP44	USP44
USP45	USP45
USP46	USP46
USP47	USP47
USP48	USP48
USP49	USP49
USP5	USP5
USP51	USP51
USP53	USP53
USP54	USP54
USP6NL	USP6NL
USP7	USP7
USP8	USP8
USP9X	USP9X
USP9Y	USP9Y
USPL1	USPL1
UST	UST
UTP11	UTP11
UTP14A	UTP14A
UTP15	UTP15
UTP18	UTP18
UTP20	UTP20
UTP23	UTP23
UTP25	UTP25
UTP3	UTP3
UTP4	UTP4
UTP6	UTP6
UTRN	UTRN
UTY	UTY
UVRAG	UVRAG
UVSSA	UVSSA
UXS1	UXS1
UXT	UXT
VAC14	VAC14
VAMP1	VAMP1
VAMP3	VAMP3
VAMP4	VAMP4
VAMP5	VAMP5
VAMP7	VAMP7
VAMP8	VAMP8
VANGL1	VANGL1
VAPA	VAPA
VAPB	VAPB
VARS	VARS
VARS2	VARS2
VASH1	VASH1
VASH1-AS1	VASH1-AS1
VASP	VASP
VAT1	VAT1
VAV1	VAV1
VAV2	VAV2
VAV3	VAV3
VBP1	VBP1
VCAN	VCAN
VCL	VCL
VCP	VCP
VCPIP1	VCPIP1
VCPKMT	VCPKMT
VDAC1	VDAC1
VDAC2	VDAC2
VDAC3	VDAC3
VDR	VDR
VEGFA	VEGFA
VEGFB	VEGFB
VENTX	VENTX
VEZF1	VEZF1
VEZT	VEZT
VGLL4	VGLL4
VHL	VHL
VIL1	VIL1
VILL	VILL
VIM	VIM
VIPAS39	VIPAS39
VIPR1	VIPR1
VIPR2	VIPR2
VIRMA	VIRMA
VKORC1L1	VKORC1L1
VMA21	VMA21
VMO1	VMO1
VMP1	VMP1
VNN1	VNN1
VNN2	VNN2
VOPP1	VOPP1
VPREB3	VPREB3
VPS11	VPS11
VPS13A	VPS13A
VPS13B	VPS13B
VPS13C	VPS13C
VPS13D	VPS13D
VPS16	VPS16
VPS18	VPS18
VPS25	VPS25
VPS26A	VPS26A
VPS26B	VPS26B
VPS26C	VPS26C
VPS28	VPS28
VPS29	VPS29
VPS35	VPS35
VPS35L	VPS35L
VPS36	VPS36
VPS37A	VPS37A
VPS37B	VPS37B
VPS37C	VPS37C
VPS39	VPS39
VPS41	VPS41
VPS45	VPS45
VPS4A	VPS4A
VPS4B	VPS4B
VPS50	VPS50
VPS51	VPS51
VPS52	VPS52
VPS53	VPS53
VPS54	VPS54
VPS72	VPS72
VPS8	VPS8
VPS9D1	VPS9D1
VRK1	VRK1
VRK2	VRK2
VRK3	VRK3
VSIG1	VSIG1
VSIG10	VSIG10
VSIG2	VSIG2
VSIR	VSIR
VSTM1	VSTM1
VTA1	VTA1
VTI1A	VTI1A
VTI1B	VTI1B
VWA5A	VWA5A
VWA8	VWA8
WAC	WAC
WAPL	WAPL
WARS	WARS
WARS2	WARS2
WAS	WAS
WASF2	WASF2
WASF3	WASF3
WASHC1	WASHC1
WASHC2A	WASHC2A
WASHC2C	WASHC2C
WASHC3	WASHC3
WASHC4	WASHC4
WASHC5	WASHC5
WASL	WASL
WBP11	WBP11
WBP1L	WBP1L
WBP2	WBP2
WBP2NL	WBP2NL
WBP4	WBP4
WDCP	WDCP
WDFY1	WDFY1
WDFY2	WDFY2
WDFY3	WDFY3
WDFY4	WDFY4
WDHD1	WDHD1
WDPCP	WDPCP
WDR1	WDR1
WDR11	WDR11
WDR12	WDR12
WDR13	WDR13
WDR18	WDR18
WDR19	WDR19
WDR20	WDR20
WDR24	WDR24
WDR25	WDR25
WDR26	WDR26
WDR27	WDR27
WDR3	WDR3
WDR33	WDR33
WDR34	WDR34
WDR35	WDR35
WDR36	WDR36
WDR37	WDR37
WDR4	WDR4
WDR41	WDR41
WDR43	WDR43
WDR44	WDR44
WDR45	WDR45
WDR45B	WDR45B
WDR46	WDR46
WDR47	WDR47
WDR48	WDR48
WDR49	WDR49
WDR5	WDR5
WDR53	WDR53
WDR54	WDR54
WDR55	WDR55
WDR59	WDR59
WDR5B	WDR5B
WDR6	WDR6
WDR60	WDR60
WDR61	WDR61
WDR62	WDR62
WDR7	WDR7
WDR70	WDR70
WDR73	WDR73
WDR74	WDR74
WDR75	WDR75
WDR76	WDR76
WDR77	WDR77
WDR81	WDR81
WDR82	WDR82
WDR83	WDR83
WDR86	WDR86
WDR89	WDR89
WDR90	WDR90
WDR91	WDR91
WDR92	WDR92
WDSUB1	WDSUB1
WDTC1	WDTC1
WDYHV1	WDYHV1
WEE1	WEE1
WHAMM	WHAMM
WHRN	WHRN
WIPF1	WIPF1
WIPF2	WIPF2
WIPI1	WIPI1
WIPI2	WIPI2
WIZ	WIZ
WLS	WLS
WNK1	WNK1
WNT16	WNT16
WNT2B	WNT2B
WNT7A	WNT7A
WRAP53	WRAP53
WRAP73	WRAP73
WRB	WRB
WRN	WRN
WRNIP1	WRNIP1
WSB1	WSB1
WSB2	WSB2
WTAP	WTAP
WTIP	WTIP
WWC2	WWC2
WWC3	WWC3
WWOX	WWOX
WWP1	WWP1
WWP2	WWP2
WWTR1	WWTR1
XAB2	XAB2
XAF1	XAF1
XBP1	XBP1
XCL1	XCL1
XCL2	XCL2
XIAP	XIAP
XIST	XIST
XKR6	XKR6
XKR8	XKR8
XPA	XPA
XPC	XPC
XPNPEP1	XPNPEP1
XPNPEP3	XPNPEP3
XPO1	XPO1
XPO4	XPO4
XPO5	XPO5
XPO6	XPO6
XPO7	XPO7
XPOT	XPOT
XPR1	XPR1
XRCC1	XRCC1
XRCC3	XRCC3
XRCC4	XRCC4
XRCC5	XRCC5
XRCC6	XRCC6
XRN1	XRN1
XRN2	XRN2
XRRA1	XRRA1
XXYLT1	XXYLT1
XYLB	XYLB
XYLT1	XYLT1
XYLT2	XYLT2
YAE1	YAE1
YAF2	YAF2
YARS	YARS
YARS2	YARS2
YBEY	YBEY
YBX1	YBX1
YBX3	YBX3
YDJC	YDJC
YEATS2	YEATS2
YEATS4	YEATS4
YES1	YES1
YIF1A	YIF1A
YIF1B	YIF1B
YIPF1	YIPF1
YIPF2	YIPF2
YIPF3	YIPF3
YIPF4	YIPF4
YIPF5	YIPF5
YIPF6	YIPF6
YJU2	YJU2
YKT6	YKT6
YLPM1	YLPM1
YME1L1	YME1L1
YOD1	YOD1
YPEL1	YPEL1
YPEL2	YPEL2
YPEL3	YPEL3
YPEL5	YPEL5
YRDC	YRDC
YTHDC1	YTHDC1
YTHDC2	YTHDC2
YTHDF1	YTHDF1
YTHDF2	YTHDF2
YTHDF3	YTHDF3
YTHDF3-AS1	YTHDF3-AS1
YWHAB	YWHAB
YWHAE	YWHAE
YWHAG	YWHAG
YWHAQ	YWHAQ
YWHAZ	YWHAZ
YY1	YY1
YY1AP1	YY1AP1
ZADH2	ZADH2
ZAP70	ZAP70
ZBED3	ZBED3
ZBED4	ZBED4
ZBED5	ZBED5
ZBP1	ZBP1
ZBTB1	ZBTB1
ZBTB10	ZBTB10
ZBTB11	ZBTB11
ZBTB14	ZBTB14
ZBTB16	ZBTB16
ZBTB17	ZBTB17
ZBTB18	ZBTB18
ZBTB2	ZBTB2
ZBTB20	ZBTB20
ZBTB20-AS3	ZBTB20-AS3
ZBTB20-AS4	ZBTB20-AS4
ZBTB21	ZBTB21
ZBTB22	ZBTB22
ZBTB24	ZBTB24
ZBTB25	ZBTB25
ZBTB26	ZBTB26
ZBTB3	ZBTB3
ZBTB32	ZBTB32
ZBTB33	ZBTB33
ZBTB34	ZBTB34
ZBTB37	ZBTB37
ZBTB38	ZBTB38
ZBTB39	ZBTB39
ZBTB4	ZBTB4
ZBTB40	ZBTB40
ZBTB41	ZBTB41
ZBTB43	ZBTB43
ZBTB44	ZBTB44
ZBTB45	ZBTB45
ZBTB46	ZBTB46
ZBTB48	ZBTB48
ZBTB49	ZBTB49
ZBTB5	ZBTB5
ZBTB6	ZBTB6
ZBTB7A	ZBTB7A
ZBTB7B	ZBTB7B
ZBTB8OS	ZBTB8OS
ZC2HC1A	ZC2HC1A
ZC2HC1C	ZC2HC1C
ZC3H10	ZC3H10
ZC3H11A	ZC3H11A
ZC3H11B	ZC3H11B
ZC3H12A	ZC3H12A
ZC3H12B	ZC3H12B
ZC3H12D	ZC3H12D
ZC3H13	ZC3H13
ZC3H14	ZC3H14
ZC3H15	ZC3H15
ZC3H18	ZC3H18
ZC3H3	ZC3H3
ZC3H6	ZC3H6
ZC3H7A	ZC3H7A
ZC3H7B	ZC3H7B
ZC3H8	ZC3H8
ZC3HAV1	ZC3HAV1
ZC3HC1	ZC3HC1
ZC4H2	ZC4H2
ZCCHC10	ZCCHC10
ZCCHC14	ZCCHC14
ZCCHC17	ZCCHC17
ZCCHC18	ZCCHC18
ZCCHC2	ZCCHC2
ZCCHC24	ZCCHC24
ZCCHC3	ZCCHC3
ZCCHC4	ZCCHC4
ZCCHC7	ZCCHC7
ZCCHC8	ZCCHC8
ZCCHC9	ZCCHC9
ZCRB1	ZCRB1
ZCWPW1	ZCWPW1
ZCWPW2	ZCWPW2
ZDBF2	ZDBF2
ZDHHC1	ZDHHC1
ZDHHC12	ZDHHC12
ZDHHC13	ZDHHC13
ZDHHC14	ZDHHC14
ZDHHC16	ZDHHC16
ZDHHC17	ZDHHC17
ZDHHC18	ZDHHC18
ZDHHC2	ZDHHC2
ZDHHC20	ZDHHC20
ZDHHC21	ZDHHC21
ZDHHC24	ZDHHC24
ZDHHC3	ZDHHC3
ZDHHC4	ZDHHC4
ZDHHC5	ZDHHC5
ZDHHC6	ZDHHC6
ZDHHC7	ZDHHC7
ZDHHC8	ZDHHC8
ZDHHC9	ZDHHC9
ZEB1	ZEB1
ZEB2	ZEB2
ZER1	ZER1
ZFAND1	ZFAND1
ZFAND2A	ZFAND2A
ZFAND2B	ZFAND2B
ZFAND3	ZFAND3
ZFAND4	ZFAND4
ZFAND5	ZFAND5
ZFAND6	ZFAND6
ZFAT	ZFAT
ZFC3H1	ZFC3H1
ZFHX3	ZFHX3
ZFP1	ZFP1
ZFP14	ZFP14
ZFP28	ZFP28
ZFP3	ZFP3
ZFP30	ZFP30
ZFP36L1	ZFP36L1
ZFP36L2	ZFP36L2
ZFP41	ZFP41
ZFP57	ZFP57
ZFP62	ZFP62
ZFP64	ZFP64
ZFP69	ZFP69
ZFP69B	ZFP69B
ZFP82	ZFP82
ZFP90	ZFP90
ZFP91	ZFP91
ZFPL1	ZFPL1
ZFR	ZFR
ZFR2	ZFR2
ZFX	ZFX
ZFY	ZFY
ZFYVE1	ZFYVE1
ZFYVE16	ZFYVE16
ZFYVE19	ZFYVE19
ZFYVE21	ZFYVE21
ZFYVE26	ZFYVE26
ZFYVE27	ZFYVE27
ZFYVE28	ZFYVE28
ZFYVE9	ZFYVE9
ZG16B	ZG16B
ZGLP1	ZGLP1
ZGPAT	ZGPAT
ZGRF1	ZGRF1
ZHX1-C8orf76	ZHX1-C8orf76
ZHX2	ZHX2
ZHX3	ZHX3
ZIK1	ZIK1
ZKSCAN1	ZKSCAN1
ZKSCAN2	ZKSCAN2
ZKSCAN2-DT	ZKSCAN2-DT
ZKSCAN3	ZKSCAN3
ZKSCAN4	ZKSCAN4
ZKSCAN5	ZKSCAN5
ZKSCAN8	ZKSCAN8
ZMAT1	ZMAT1
ZMAT2	ZMAT2
ZMAT3	ZMAT3
ZMAT5	ZMAT5
ZMIZ1	ZMIZ1
ZMIZ2	ZMIZ2
ZMPSTE24	ZMPSTE24
ZMYM1	ZMYM1
ZMYM2	ZMYM2
ZMYM3	ZMYM3
ZMYM4	ZMYM4
ZMYM5	ZMYM5
ZMYND11	ZMYND11
ZMYND19	ZMYND19
ZMYND8	ZMYND8
ZNF10	ZNF10
ZNF100	ZNF100
ZNF101	ZNF101
ZNF106	ZNF106
ZNF107	ZNF107
ZNF117	ZNF117
ZNF12	ZNF12
ZNF121	ZNF121
ZNF124	ZNF124
ZNF131	ZNF131
ZNF133	ZNF133
ZNF134	ZNF134
ZNF135	ZNF135
ZNF136	ZNF136
ZNF138	ZNF138
ZNF14	ZNF14
ZNF140	ZNF140
ZNF141	ZNF141
ZNF142	ZNF142
ZNF143	ZNF143
ZNF146	ZNF146
ZNF148	ZNF148
ZNF154	ZNF154
ZNF16	ZNF16
ZNF160	ZNF160
ZNF169	ZNF169
ZNF175	ZNF175
ZNF18	ZNF18
ZNF180	ZNF180
ZNF181	ZNF181
ZNF182	ZNF182
ZNF184	ZNF184
ZNF185	ZNF185
ZNF189	ZNF189
ZNF195	ZNF195
ZNF197	ZNF197
ZNF2	ZNF2
ZNF20	ZNF20
ZNF200	ZNF200
ZNF202	ZNF202
ZNF207	ZNF207
ZNF208	ZNF208
ZNF211	ZNF211
ZNF212	ZNF212
ZNF213	ZNF213
ZNF217	ZNF217
ZNF219	ZNF219
ZNF22	ZNF22
ZNF222	ZNF222
ZNF224	ZNF224
ZNF225	ZNF225
ZNF226	ZNF226
ZNF227	ZNF227
ZNF23	ZNF23
ZNF230	ZNF230
ZNF232	ZNF232
ZNF233	ZNF233
ZNF234	ZNF234
ZNF235	ZNF235
ZNF236	ZNF236
ZNF236-DT	ZNF236-DT
ZNF24	ZNF24
ZNF248	ZNF248
ZNF25	ZNF25
ZNF250	ZNF250
ZNF251	ZNF251
ZNF253	ZNF253
ZNF254	ZNF254
ZNF256	ZNF256
ZNF257	ZNF257
ZNF26	ZNF26
ZNF260	ZNF260
ZNF263	ZNF263
ZNF264	ZNF264
ZNF266	ZNF266
ZNF267	ZNF267
ZNF273	ZNF273
ZNF274	ZNF274
ZNF275	ZNF275
ZNF276	ZNF276
ZNF277	ZNF277
ZNF28	ZNF28
ZNF280B	ZNF280B
ZNF280C	ZNF280C
ZNF280D	ZNF280D
ZNF281	ZNF281
ZNF282	ZNF282
ZNF283	ZNF283
ZNF286A	ZNF286A
ZNF286B	ZNF286B
ZNF287	ZNF287
ZNF292	ZNF292
ZNF296	ZNF296
ZNF3	ZNF3
ZNF30	ZNF30
ZNF300	ZNF300
ZNF302	ZNF302
ZNF316	ZNF316
ZNF317	ZNF317
ZNF318	ZNF318
ZNF319	ZNF319
ZNF32	ZNF32
ZNF320	ZNF320
ZNF322	ZNF322
ZNF324	ZNF324
ZNF324B	ZNF324B
ZNF326	ZNF326
ZNF329	ZNF329
ZNF330	ZNF330
ZNF331	ZNF331
ZNF333	ZNF333
ZNF335	ZNF335
ZNF337	ZNF337
ZNF33A	ZNF33A
ZNF33B	ZNF33B
ZNF34	ZNF34
ZNF341	ZNF341
ZNF345	ZNF345
ZNF346	ZNF346
ZNF347	ZNF347
ZNF35	ZNF35
ZNF350	ZNF350
ZNF354A	ZNF354A
ZNF354B	ZNF354B
ZNF354C	ZNF354C
ZNF362	ZNF362
ZNF365	ZNF365
ZNF37A	ZNF37A
ZNF382	ZNF382
ZNF383	ZNF383
ZNF384	ZNF384
ZNF385A	ZNF385A
ZNF385C	ZNF385C
ZNF391	ZNF391
ZNF394	ZNF394
ZNF395	ZNF395
ZNF397	ZNF397
ZNF398	ZNF398
ZNF404	ZNF404
ZNF407	ZNF407
ZNF408	ZNF408
ZNF41	ZNF41
ZNF414	ZNF414
ZNF416	ZNF416
ZNF419	ZNF419
ZNF420	ZNF420
ZNF426	ZNF426
ZNF428	ZNF428
ZNF429	ZNF429
ZNF43	ZNF43
ZNF430	ZNF430
ZNF431	ZNF431
ZNF432	ZNF432
ZNF433	ZNF433
ZNF436	ZNF436
ZNF438	ZNF438
ZNF439	ZNF439
ZNF44	ZNF44
ZNF440	ZNF440
ZNF441	ZNF441
ZNF444	ZNF444
ZNF445	ZNF445
ZNF446	ZNF446
ZNF449	ZNF449
ZNF45	ZNF45
ZNF451	ZNF451
ZNF460	ZNF460
ZNF461	ZNF461
ZNF467	ZNF467
ZNF468	ZNF468
ZNF469	ZNF469
ZNF470	ZNF470
ZNF473	ZNF473
ZNF48	ZNF48
ZNF480	ZNF480
ZNF483	ZNF483
ZNF484	ZNF484
ZNF485	ZNF485
ZNF486	ZNF486
ZNF487	ZNF487
ZNF490	ZNF490
ZNF493	ZNF493
ZNF496	ZNF496
ZNF500	ZNF500
ZNF507	ZNF507
ZNF510	ZNF510
ZNF511	ZNF511
ZNF512	ZNF512
ZNF512B	ZNF512B
ZNF514	ZNF514
ZNF516	ZNF516
ZNF517	ZNF517
ZNF518A	ZNF518A
ZNF518B	ZNF518B
ZNF519	ZNF519
ZNF524	ZNF524
ZNF525	ZNF525
ZNF526	ZNF526
ZNF527	ZNF527
ZNF528	ZNF528
ZNF529	ZNF529
ZNF530	ZNF530
ZNF532	ZNF532
ZNF540	ZNF540
ZNF543	ZNF543
ZNF544	ZNF544
ZNF546	ZNF546
ZNF547	ZNF547
ZNF549	ZNF549
ZNF550	ZNF550
ZNF551	ZNF551
ZNF552	ZNF552
ZNF554	ZNF554
ZNF555	ZNF555
ZNF557	ZNF557
ZNF558	ZNF558
ZNF559	ZNF559
ZNF561	ZNF561
ZNF562	ZNF562
ZNF563	ZNF563
ZNF565	ZNF565
ZNF566	ZNF566
ZNF567	ZNF567
ZNF568	ZNF568
ZNF569	ZNF569
ZNF570	ZNF570
ZNF571	ZNF571
ZNF573	ZNF573
ZNF574	ZNF574
ZNF575	ZNF575
ZNF576	ZNF576
ZNF577	ZNF577
ZNF578	ZNF578
ZNF579	ZNF579
ZNF580	ZNF580
ZNF581	ZNF581
ZNF582	ZNF582
ZNF582-AS1	ZNF582-AS1
ZNF583	ZNF583
ZNF584	ZNF584
ZNF586	ZNF586
ZNF589	ZNF589
ZNF592	ZNF592
ZNF594	ZNF594
ZNF595	ZNF595
ZNF596	ZNF596
ZNF597	ZNF597
ZNF598	ZNF598
ZNF599	ZNF599
ZNF600	ZNF600
ZNF606	ZNF606
ZNF609	ZNF609
ZNF611	ZNF611
ZNF613	ZNF613
ZNF614	ZNF614
ZNF615	ZNF615
ZNF616	ZNF616
ZNF618	ZNF618
ZNF619	ZNF619
ZNF620	ZNF620
ZNF621	ZNF621
ZNF622	ZNF622
ZNF623	ZNF623
ZNF624	ZNF624
ZNF625-ZNF20	ZNF625-ZNF20
ZNF627	ZNF627
ZNF628	ZNF628
ZNF629	ZNF629
ZNF638	ZNF638
ZNF639	ZNF639
ZNF641	ZNF641
ZNF644	ZNF644
ZNF646	ZNF646
ZNF649	ZNF649
ZNF652	ZNF652
ZNF654	ZNF654
ZNF655	ZNF655
ZNF658	ZNF658
ZNF66	ZNF66
ZNF664	ZNF664
ZNF665	ZNF665
ZNF667	ZNF667
ZNF667-AS1	ZNF667-AS1
ZNF669	ZNF669
ZNF670-ZNF695	ZNF670-ZNF695
ZNF671	ZNF671
ZNF672	ZNF672
ZNF674	ZNF674
ZNF674-AS1	ZNF674-AS1
ZNF675	ZNF675
ZNF677	ZNF677
ZNF678	ZNF678
ZNF680	ZNF680
ZNF681	ZNF681
ZNF682	ZNF682
ZNF683	ZNF683
ZNF684	ZNF684
ZNF687	ZNF687
ZNF688	ZNF688
ZNF689	ZNF689
ZNF69	ZNF69
ZNF692	ZNF692
ZNF696	ZNF696
ZNF699	ZNF699
ZNF7	ZNF7
ZNF70	ZNF70
ZNF700	ZNF700
ZNF701	ZNF701
ZNF703	ZNF703
ZNF706	ZNF706
ZNF707	ZNF707
ZNF708	ZNF708
ZNF71	ZNF71
ZNF710	ZNF710
ZNF714	ZNF714
ZNF717	ZNF717
ZNF718	ZNF718
ZNF721	ZNF721
ZNF724	ZNF724
ZNF726	ZNF726
ZNF736	ZNF736
ZNF738	ZNF738
ZNF74	ZNF74
ZNF740	ZNF740
ZNF746	ZNF746
ZNF75A	ZNF75A
ZNF75D	ZNF75D
ZNF76	ZNF76
ZNF761	ZNF761
ZNF765	ZNF765
ZNF766	ZNF766
ZNF768	ZNF768
ZNF77	ZNF77
ZNF770	ZNF770
ZNF771	ZNF771
ZNF773	ZNF773
ZNF777	ZNF777
ZNF778	ZNF778
ZNF780B	ZNF780B
ZNF782	ZNF782
ZNF783	ZNF783
ZNF784	ZNF784
ZNF785	ZNF785
ZNF786	ZNF786
ZNF787	ZNF787
ZNF789	ZNF789
ZNF790	ZNF790
ZNF791	ZNF791
ZNF792	ZNF792
ZNF793	ZNF793
ZNF800	ZNF800
ZNF805	ZNF805
ZNF808	ZNF808
ZNF81	ZNF81
ZNF813	ZNF813
ZNF814	ZNF814
ZNF821	ZNF821
ZNF823	ZNF823
ZNF827	ZNF827
ZNF829	ZNF829
ZNF83	ZNF83
ZNF830	ZNF830
ZNF831	ZNF831
ZNF835	ZNF835
ZNF837	ZNF837
ZNF839	ZNF839
ZNF84	ZNF84
ZNF844	ZNF844
ZNF845	ZNF845
ZNF846	ZNF846
ZNF85	ZNF85
ZNF850	ZNF850
ZNF852	ZNF852
ZNF862	ZNF862
ZNF865	ZNF865
ZNF879	ZNF879
ZNF880	ZNF880
ZNF891	ZNF891
ZNF90	ZNF90
ZNF91	ZNF91
ZNF92	ZNF92
ZNF93	ZNF93
ZNFX1	ZNFX1
ZNHIT1	ZNHIT1
ZNHIT2	ZNHIT2
ZNHIT3	ZNHIT3
ZNHIT6	ZNHIT6
ZNRD1	ZNRD1
ZNRF1	ZNRF1
ZNRF2	ZNRF2
ZNRF3	ZNRF3
ZP3	ZP3
ZPR1	ZPR1
ZRANB1	ZRANB1
ZRANB2	ZRANB2
ZRANB3	ZRANB3
ZRSR2	ZRSR2
ZSCAN12	ZSCAN12
ZSCAN16	ZSCAN16
ZSCAN18	ZSCAN18
ZSCAN2	ZSCAN2
ZSCAN22	ZSCAN22
ZSCAN25	ZSCAN25
ZSCAN26	ZSCAN26
ZSCAN29	ZSCAN29
ZSCAN30	ZSCAN30
ZSCAN31	ZSCAN31
ZSCAN5A	ZSCAN5A
ZSCAN9	ZSCAN9
ZSWIM1	ZSWIM1
ZSWIM4	ZSWIM4
ZSWIM6	ZSWIM6
ZSWIM7	ZSWIM7
ZSWIM8	ZSWIM8
ZSWIM9	ZSWIM9
ZUP1	ZUP1
ZW10	ZW10
ZWILCH	ZWILCH
ZWINT	ZWINT
ZXDA	ZXDA
ZXDB	ZXDB
ZXDC	ZXDC
ZYG11B	ZYG11B
ZYX	ZYX
ZZEF1	ZZEF1
ADAM23	ADAM23
ADCY3	ADCY3
AGRN	AGRN
AIRE	AIRE
AKAP6	AKAP6
AMOT	AMOT
AMOTL1	AMOTL1
ANKS1B	ANKS1B
ANKS6	ANKS6
AVEN	AVEN
AZIN2	AZIN2
B3GALT2	B3GALT2
BBS12	BBS12
BBS5	BBS5
BCAS1	BCAS1
BFSP1	BFSP1
BMP8B	BMP8B
C10orf91	C10orf91
C1orf115	C1orf115
C2	C2
CAMK2N1	CAMK2N1
CAPS2	CAPS2
CARM1	CARM1
CASTOR3	CASTOR3
CAVIN1	CAVIN1
CCDC62	CCDC62
CCL2	CCL2
CEACAM3	CEACAM3
CEP112	CEP112
CERCAM	CERCAM
CHGB	CHGB
CHRFAM7A	CHRFAM7A
CHST6	CHST6
CLEC4G	CLEC4G
COL18A1	COL18A1
COL5A3	COL5A3
COLGALT2	COLGALT2
CTTNBP2	CTTNBP2
CYP24A1	CYP24A1
DCBLD2	DCBLD2
DHCR24	DHCR24
DIXDC1	DIXDC1
DPF3	DPF3
DTX4	DTX4
EDN3	EDN3
EFCAB2	EFCAB2
EPAS1	EPAS1
FADS2	FADS2
FAM171A1	FAM171A1
FGFRL1	FGFRL1
FOXM1	FOXM1
FPR3	FPR3
FSIP1	FSIP1
GATA3-AS1	GATA3-AS1
GFRA2	GFRA2
GLB1L2	GLB1L2
GLDC	GLDC
GNMT	GNMT
GOLGA6L9	GOLGA6L9
GPR15	GPR15
HBD	HBD
HOXA9	HOXA9
HS3ST3A1	HS3ST3A1
IFI27	IFI27
IL5RA	IL5RA
IQCD	IQCD
KAT5	KAT5
KIAA0895L	KIAA0895L
KIAA1522	KIAA1522
KLHL29	KLHL29
LAMC1	LAMC1
LBHD1	LBHD1
LEXM	LEXM
LINC00092	LINC00092
LINC00298	LINC00298
LINC00459	LINC00459
LINC00943	LINC00943
LINC01094	LINC01094
LINC01127	LINC01127
LINC01480	LINC01480
LINC01644	LINC01644
LINC01970	LINC01970
LINC02193	LINC02193
LINC02325	LINC02325
LINC02580	LINC02580
LINC02591	LINC02591
LLGL1	LLGL1
LOXL1	LOXL1
LPAR1	LPAR1
LRP12	LRP12
LRRIQ3	LRRIQ3
LTC4S	LTC4S
LYPD2	LYPD2
MAFK	MAFK
MCM2	MCM2
MCOLN3	MCOLN3
MED7	MED7
MIR194-2HG	MIR194-2HG
MIR1972-1	MIR1972-1
MIR4482	MIR4482
MS4A4E	MS4A4E
MSC	MSC
MSLN	MSLN
MUC12	MUC12
MYO16	MYO16
MYO3B	MYO3B
NAPSA	NAPSA
NCAPH	NCAPH
NECTIN2	NECTIN2
NEK10	NEK10
NOS3	NOS3
NPIPA5	NPIPA5
NRIP3	NRIP3
NUAK1	NUAK1
NUDT6	NUDT6
NUDT8	NUDT8
NUMBL	NUMBL
NUPR1	NUPR1
ODC1-DT	ODC1-DT
OR2A42	OR2A42
P2RY6	P2RY6
PDGFRB	PDGFRB
PIF1	PIF1
PINLYP	PINLYP
PKD1	PKD1
PLA2G4C	PLA2G4C
PLK4	PLK4
PLS1	PLS1
PLXNA2	PLXNA2
POLQ	POLQ
POTEI	POTEI
PPP1R26	PPP1R26
PRDM11	PRDM11
PTRH1	PTRH1
RBFOX1	RBFOX1
RCAN2	RCAN2
RGL1	RGL1
ROM1	ROM1
RTL5	RTL5
RUSC2	RUSC2
RYR1	RYR1
SATB2	SATB2
SCD5	SCD5
SCN1B	SCN1B
SEMA5A	SEMA5A
SEMA6B	SEMA6B
SEPT8	SEPT8
SERINC2	SERINC2
SERPINB2	SERPINB2
SHROOM1	SHROOM1
SLC10A1	SLC10A1
SLC12A4	SLC12A4
SLC13A4	SLC13A4
SLC26A5	SLC26A5
SLC44A4	SLC44A4
SLC4A2	SLC4A2
SMIM18	SMIM18
SMIM35	SMIM35
SNHG18	SNHG18
SNTA1	SNTA1
SNX33	SNX33
SPINDOC	SPINDOC
ST6GALNAC3	ST6GALNAC3
SUSD4	SUSD4
SYT15	SYT15
TAT	TAT
TDRD9	TDRD9
TMIE	TMIE
TNFRSF11A	TNFRSF11A
TNFRSF12A	TNFRSF12A
TP53INP2	TP53INP2
TPX2	TPX2
TRIM7	TRIM7
TRPA1	TRPA1
TSACC	TSACC
TSHR	TSHR
TSSK4	TSSK4
TTC26	TTC26
TTC34	TTC34
TTYH1	TTYH1
USP18	USP18
VNN3	VNN3
VSIG4	VSIG4
WDR78	WDR78
WDR97	WDR97
WNT10A	WNT10A
XRCC2	XRCC2
ZDHHC23	ZDHHC23
ZNF462	ZNF462
ZNF502	ZNF502
ZNF691	ZNF691
ZNF804A	ZNF804A
AATK	AATK
ABHD12B	ABHD12B
ABLIM2	ABLIM2
ABRA	ABRA
ABTB2	ABTB2
ACOT11	ACOT11
ACVRL1	ACVRL1
ADAMTS17	ADAMTS17
ADAMTS5	ADAMTS5
ADGRD1	ADGRD1
ADGRG2	ADGRG2
ADGRL2	ADGRL2
ADGRV1	ADGRV1
ADORA2B	ADORA2B
AKR1C2	AKR1C2
AKR1C4	AKR1C4
ALDH7A1	ALDH7A1
ALG1L2	ALG1L2
ALKAL2	ALKAL2
AMIGO3	AMIGO3
AMZ1	AMZ1
ANKRD20A1	ANKRD20A1
ANKRD20A2	ANKRD20A2
ANKRD20A4	ANKRD20A4
ANO8	ANO8
APBA1	APBA1
APC2	APC2
APCDD1	APCDD1
AR	AR
ARHGAP44	ARHGAP44
ARHGEF4	ARHGEF4
ARMCX2	ARMCX2
ARMH2	ARMH2
ARPC3	ARPC3
ART3	ART3
ARVCF	ARVCF
ASAH2B	ASAH2B
ASPDH	ASPDH
ASPN	ASPN
ATAD3C	ATAD3C
ATOH8	ATOH8
ATP8A2	ATP8A2
AUNIP	AUNIP
AURKB	AURKB
B3GALNT1	B3GALNT1
B4GALT6	B4GALT6
BAHCC1	BAHCC1
BAIAP3	BAIAP3
BBS10	BBS10
BCO2	BCO2
BEAN1	BEAN1
BORA	BORA
C10orf95	C10orf95
C15orf48	C15orf48
C17orf107	C17orf107
C17orf97	C17orf97
C19orf44	C19orf44
C1orf198	C1orf198
C1orf74	C1orf74
C20orf197	C20orf197
C22orf15	C22orf15
C5orf17	C5orf17
C7orf61	C7orf61
C9orf135	C9orf135
C9orf43	C9orf43
CA5A	CA5A
CACHD1	CACHD1
CACNA1C	CACNA1C
CACNA1D	CACNA1D
CALCRL	CALCRL
CASC1	CASC1
CAVIN3	CAVIN3
CBR3	CBR3
CBX8	CBX8
CCDC121	CCDC121
CCDC153	CCDC153
CCDC154	CCDC154
CCDC168	CCDC168
CCDC183	CCDC183
CCDC3	CCDC3
CCDC80	CCDC80
CCDC86	CCDC86
CCNJL	CCNJL
CD1E	CD1E
CD3EAP	CD3EAP
CDC42BPG	CDC42BPG
CDC42EP1	CDC42EP1
CDH12	CDH12
CDH26	CDH26
CDK18	CDK18
CDK20	CDK20
CELSR1	CELSR1
CEP83-DT	CEP83-DT
CETP	CETP
CFAP97D2	CFAP97D2
CHRM3	CHRM3
CHRNA7	CHRNA7
CHST10	CHST10
CKMT2	CKMT2
CLCN2	CLCN2
CLEC12B	CLEC12B
CLEC18A	CLEC18A
CLEC1A	CLEC1A
CLEC5A	CLEC5A
CNFN	CNFN
CNPY2	CNPY2
COCH	COCH
COL10A1	COL10A1
COL13A1	COL13A1
COL4A3	COL4A3
COL6A1	COL6A1
COLQ	COLQ
CORIN	CORIN
CP	CP
CPA5	CPA5
CPLANE2	CPLANE2
CPLX2	CPLX2
CRACR2B	CRACR2B
CRB3	CRB3
CTAG1A	CTAG1A
CTAG2	CTAG2
CTAGE15	CTAGE15
CTAGE9	CTAGE9
CTF1	CTF1
CXADR	CXADR
CXCL14	CXCL14
CXCL5	CXCL5
CXorf58	CXorf58
CYB5R2	CYB5R2
CYP2F1	CYP2F1
CYP46A1	CYP46A1
CYTL1	CYTL1
DACH1	DACH1
DACT1	DACT1
DCAF4L1	DCAF4L1
DCANP1	DCANP1
DDR1	DDR1
DEGS2	DEGS2
DENND2C	DENND2C
DENND6A-DT	DENND6A-DT
DEPDC7	DEPDC7
DGKK	DGKK
DLG5	DLG5
DLL1	DLL1
DNAAF1	DNAAF1
DNAH6	DNAH6
DNAJB13	DNAJB13
DNAJB5	DNAJB5
DNAJC6	DNAJC6
DNM1	DNM1
DOCK4	DOCK4
DPYSL4	DPYSL4
DSCAML1	DSCAML1
DSCR9	DSCR9
DUSP19	DUSP19
ECM2	ECM2
EFNA1	EFNA1
EGOT	EGOT
EGR3	EGR3
ELANE	ELANE
EMILIN1	EMILIN1
EML6	EML6
ENPP2	ENPP2
EPHB4	EPHB4
ERCC6L	ERCC6L
ESCO2	ESCO2
ESYT3	ESYT3
ETV5	ETV5
EXO5	EXO5
F12	F12
FADD	FADD
FAM20A	FAM20A
FAM223A	FAM223A
FAM66B	FAM66B
FARP1	FARP1
FBLN2	FBLN2
FBXO10	FBXO10
FBXO24	FBXO24
FBXO40	FBXO40
FGF9	FGF9
FKBP9	FKBP9
FLT1	FLT1
FRMD4A	FRMD4A
FRRS1	FRRS1
FST	FST
FSTL3	FSTL3
FUT2	FUT2
FXYD6-FXYD2	FXYD6-FXYD2
FZD4	FZD4
GAS2	GAS2
GATM	GATM
GCAT	GCAT
GDF7	GDF7
GIMAP5	GIMAP5
GLI1	GLI1
GLIPR1L1	GLIPR1L1
GLIS3	GLIS3
GNA11	GNA11
GNAI1	GNAI1
GOLGA8H	GOLGA8H
GOLGA8S	GOLGA8S
GP6	GP6
GPC2	GPC2
GPR135	GPR135
GPR143	GPR143
GPR150	GPR150
GPR153	GPR153
GPR173	GPR173
GPR75-ASB3	GPR75-ASB3
GPX3	GPX3
GRAMD1C	GRAMD1C
GRIP1	GRIP1
GRM3	GRM3
GRTP1	GRTP1
GUCY1A1	GUCY1A1
GUCY1B1	GUCY1B1
H2BFS	H2BFS
HCN2	HCN2
HID1	HID1
HIGD1B	HIGD1B
HIST1H2AB	HIST1H2AB
HIST1H2AH	HIST1H2AH
HIST1H2BK	HIST1H2BK
HIST1H2BL	HIST1H2BL
HIST1H4B	HIST1H4B
HPX	HPX
HS3ST5	HS3ST5
HSD17B13	HSD17B13
HSD17B14	HSD17B14
HSD3B7	HSD3B7
HSF4	HSF4
IDUA	IDUA
IFITM10	IFITM10
IL1R1	IL1R1
IL1R2	IL1R2
IL1RAPL2	IL1RAPL2
IL31RA	IL31RA
INKA1	INKA1
INTU	INTU
IQCC	IQCC
IQUB	IQUB
IRGM	IRGM
ITGA2	ITGA2
IZUMO2	IZUMO2
JAM2	JAM2
JSRP1	JSRP1
KCNG1	KCNG1
KCNH2	KCNH2
KCNH3	KCNH3
KCNJ1	KCNJ1
KCNJ15	KCNJ15
KCNJ2	KCNJ2
KCNMB4	KCNMB4
KCTD1	KCTD1
KCTD21	KCTD21
KDF1	KDF1
KIAA1147	KIAA1147
KIAA1257	KIAA1257
KIF18A	KIF18A
KIR2DL4	KIR2DL4
KISS1R	KISS1R
KIT	KIT
KLF5	KLF5
KLHL23	KLHL23
KLHL31	KLHL31
KLHL34	KLHL34
KRT73	KRT73
KRT86	KRT86
LARGE2	LARGE2
LAYN	LAYN
LINC00271	LINC00271
LINC00336	LINC00336
LINC00638	LINC00638
LINC00900	LINC00900
LINC01135	LINC01135
LINC01293	LINC01293
LINC01567	LINC01567
LINC01572	LINC01572
LINC01635	LINC01635
LINC01641	LINC01641
LINC01730	LINC01730
LINC01765	LINC01765
LINC01954	LINC01954
LINC02018	LINC02018
LINC02044	LINC02044
LINC02175	LINC02175
LINC02295	LINC02295
LINC02340	LINC02340
LINC02356	LINC02356
LINC02453	LINC02453
LINGO2	LINGO2
LINGO4	LINGO4
LIPC	LIPC
LNX1	LNX1
LRRC19	LRRC19
LRRC20	LRRC20
LRRC24	LRRC24
LRRC46	LRRC46
LRRN1	LRRN1
LRRN2	LRRN2
LY6E-DT	LY6E-DT
LZTS3	LZTS3
MAB21L1	MAB21L1
MACORIS	MACORIS
MADCAM1	MADCAM1
MAMSTR	MAMSTR
MANSC1	MANSC1
MAPT	MAPT
MCMDC2	MCMDC2
MEGF11	MEGF11
MEIG1	MEIG1
MESP1	MESP1
MIR193BHG	MIR193BHG
MIR3142HG	MIR3142HG
MLANA	MLANA
MMP11	MMP11
MOK	MOK
MORN4	MORN4
MOV10L1	MOV10L1
MRC1	MRC1
MSRB3	MSRB3
MTFR2	MTFR2
MTRNR2L11	MTRNR2L11
MTRNR2L3	MTRNR2L3
MTUS2	MTUS2
MXRA8	MXRA8
MYLPF	MYLPF
MYO1B	MYO1B
MYO5C	MYO5C
MYO7B	MYO7B
MYOT	MYOT
NAGPA-AS1	NAGPA-AS1
NAGS	NAGS
NAV2	NAV2
NBL1	NBL1
NCDN	NCDN
NCMAP	NCMAP
NDRG4	NDRG4
NEBL	NEBL
NEFM	NEFM
NEGR1	NEGR1
NEIL3	NEIL3
NEXMIF	NEXMIF
NHLRC1	NHLRC1
NIPAL1	NIPAL1
NIPSNAP3B	NIPSNAP3B
NKAPL	NKAPL
NKX3-1	NKX3-1
NPAS2	NPAS2
NPTXR	NPTXR
NR1I2	NR1I2
NRBP2	NRBP2
NRCAM	NRCAM
OCM2	OCM2
OGN	OGN
OLFML1	OLFML1
OPRM1	OPRM1
OR8J1	OR8J1
OSCP1	OSCP1
OSMR	OSMR
OVCH1	OVCH1
OXT	OXT
P2RY1	P2RY1
PAPPA	PAPPA
PARS2	PARS2
PC	PC
PEX12	PEX12
PFN4	PFN4
PGA5	PGA5
PGBD1	PGBD1
PHLDA3	PHLDA3
PHYHD1	PHYHD1
PIFO	PIFO
PIP5KL1	PIP5KL1
PKP2	PKP2
PLA2G4A	PLA2G4A
PLCD4	PLCD4
PLEKHA4	PLEKHA4
PLEKHN1	PLEKHN1
PLK1	PLK1
PMP22	PMP22
POC1A	POC1A
POLE2	POLE2
PPL	PPL
PPM1E	PPM1E
PPP1R2C	PPP1R2C
PPT2	PPT2
PRG4	PRG4
PRKCZ	PRKCZ
PRKG2	PRKG2
PRR34	PRR34
PSMA8	PSMA8
PTK7	PTK7
PTPN20	PTPN20
PTPRS	PTPRS
RAB25	RAB25
RAB30	RAB30
RAB36	RAB36
RAB3A	RAB3A
RAB44	RAB44
RAB6B	RAB6B
RAD51	RAD51
RANBP17	RANBP17
RASD1	RASD1
RASSF6	RASSF6
RDH13	RDH13
RECQL4	RECQL4
REG4	REG4
RGS16	RGS16
RIMBP3B	RIMBP3B
RIMS3	RIMS3
RPEL1	RPEL1
RRM2	RRM2
RTKN	RTKN
SCAMP5	SCAMP5
SCARF1	SCARF1
SCD	SCD
SCNN1A	SCNN1A
SELP	SELP
SEPT7-AS1	SEPT7-AS1
SERPINB10	SERPINB10
SEZ6	SEZ6
SEZ6L	SEZ6L
SH2D4A	SH2D4A
SH3BP4	SH3BP4
SH3PXD2B	SH3PXD2B
SIM2	SIM2
SIRT4	SIRT4
SLC19A3	SLC19A3
SLC22A4	SLC22A4
SLC25A29	SLC25A29
SLC2A1-AS1	SLC2A1-AS1
SLC35G2	SLC35G2
SLC35G5	SLC35G5
SLC7A8	SLC7A8
SLITRK5	SLITRK5
SMAD9	SMAD9
SMARCA1	SMARCA1
SMC1B	SMC1B
SMTN	SMTN
SORBS2	SORBS2
SORCS3	SORCS3
SOX8	SOX8
SPACA6	SPACA6
SPAG4	SPAG4
SPATA32	SPATA32
SPATA41	SPATA41
SPC24	SPC24
SPEG	SPEG
SPRED3	SPRED3
SPTBN5	SPTBN5
SSPN	SSPN
ST5	ST5
ST8SIA6	ST8SIA6
STRIP2	STRIP2
STX1A	STX1A
SUGCT	SUGCT
SUSD5	SUSD5
SYCE2	SYCE2
SYP	SYP
TACSTD2	TACSTD2
TBC1D30	TBC1D30
TDRD6	TDRD6
TEKT4	TEKT4
TEPP	TEPP
TERC	TERC
TEX22	TEX22
TGFA	TGFA
TGFB3	TGFB3
THBD	THBD
TIMD4	TIMD4
TM4SF19-TCTEX1D2	TM4SF19-TCTEX1D2
TMEM121B	TMEM121B
TMEM200A	TMEM200A
TMEM231	TMEM231
TMEM52B	TMEM52B
TMEM79	TMEM79
TMIGD3	TMIGD3
TMOD1	TMOD1
TNFRSF10C	TNFRSF10C
TNKS1BP1	TNKS1BP1
TNNC1	TNNC1
TOP2A	TOP2A
TRIM59	TRIM59
TSIX	TSIX
TSSK6	TSSK6
TTC24	TTC24
TTC39A	TTC39A
TTC8	TTC8
TUBA4B	TUBA4B
UCN	UCN
UFSP1	UFSP1
UNC45B	UNC45B
USP6	USP6
UTS2	UTS2
VASH2	VASH2
VEPH1	VEPH1
WASF1	WASF1
WDR66	WDR66
YJEFN3	YJEFN3
YPEL4	YPEL4
ZBTB20-AS2	ZBTB20-AS2
ZC3HAV1L	ZC3HAV1L
ZFPM1	ZFPM1
ZKSCAN7	ZKSCAN7
ZMYND10	ZMYND10
ZNF132	ZNF132
ZNF165	ZNF165
ZNF205	ZNF205
ZNF239	ZNF239
ZNF304	ZNF304
ZNF367	ZNF367
ZNF396	ZNF396
ZNF415	ZNF415
ZNF418	ZNF418
ZNF425	ZNF425
ZNF442	ZNF442
ZNF492	ZNF492
ZNF501	ZNF501
ZNF556	ZNF556
ZNF57	ZNF57
ZNF610	ZNF610
ZNF630	ZNF630
ZNF676	ZNF676
ZNF711	ZNF711
ZNF749	ZNF749
ZNF79	ZNF79
ZNF853	ZNF853
ZSCAN20	ZSCAN20
ZSCAN21	ZSCAN21
ZSCAN32	ZSCAN32
ZSWIM3	ZSWIM3
ZSWIM5	ZSWIM5
ABCB9	ABCB9
ACSBG1	ACSBG1
ADGRA3	ADGRA3
ALDH8A1	ALDH8A1
ANKRD22	ANKRD22
ARG1	ARG1
BMP1	BMP1
C20orf204	C20orf204
CCDC13	CCDC13
CLEC12A-AS1	CLEC12A-AS1
COL8A2	COL8A2
COL9A3	COL9A3
CPT1C	CPT1C
CRYBB2	CRYBB2
CYP4F22	CYP4F22
DEPTOR	DEPTOR
DHRS9	DHRS9
DKK3	DKK3
FLT4	FLT4
FOSL1	FOSL1
GAS2L3	GAS2L3
IQCK	IQCK
KCNK7	KCNK7
KRT8	KRT8
LINC00211	LINC00211
LINC00565	LINC00565
LINC01801	LINC01801
LINC01948	LINC01948
LMOD2	LMOD2
MDGA1	MDGA1
ME3	ME3
MGAM	MGAM
MID2	MID2
NANOG	NANOG
NRN1	NRN1
NT5DC2	NT5DC2
POLR2M	POLR2M
POU5F1	POU5F1
PPARG	PPARG
PRR5-ARHGAP8	PRR5-ARHGAP8
RAPGEFL1	RAPGEFL1
RBPMS2	RBPMS2
SCIN	SCIN
SDC4	SDC4
SLC22A16	SLC22A16
SYNM	SYNM
TMED1	TMED1
TMEM171	TMEM171
TNNC2	TNNC2
TPBG	TPBG
TREML4	TREML4
TRIM72	TRIM72
WFS1	WFS1
XKR9	XKR9
ZBTB20-AS5	ZBTB20-AS5
ZNF513	ZNF513
ADAMTS4	ADAMTS4
ADGRF3	ADGRF3
ALG1	ALG1
ANKLE1	ANKLE1
ASAH2	ASAH2
ASPM	ASPM
ATP2A1	ATP2A1
ATP2C2	ATP2C2
B9D1	B9D1
BEND2	BEND2
BEND4	BEND4
BEST4	BEST4
BFSP2	BFSP2
BIRC5	BIRC5
BRF2	BRF2
C3orf49	C3orf49
CADPS	CADPS
CARD14	CARD14
CCDC113	CCDC113
CCDC24	CCDC24
CCDC26	CCDC26
CDC6	CDC6
CDCP1	CDCP1
CEMIP	CEMIP
CFAP161	CFAP161
CFAP45	CFAP45
CLCN4	CLCN4
CLIP3	CLIP3
CLN3	CLN3
CLTCL1	CLTCL1
CNKSR3	CNKSR3
CR2	CR2
CTSG	CTSG
DMRTC1	DMRTC1
DNAH10	DNAH10
EDNRA	EDNRA
EFHB	EFHB
EFR3B	EFR3B
EGFL7	EGFL7
ENAH	ENAH
EPHB1	EPHB1
EPHB2	EPHB2
ESPL1	ESPL1
FAM111B	FAM111B
FAM131B	FAM131B
FAM149A	FAM149A
FAM178B	FAM178B
FAM184B	FAM184B
FAM209B	FAM209B
FAM218A	FAM218A
FBXL13	FBXL13
FBXL6	FBXL6
FPGT-TNNI3K	FPGT-TNNI3K
FRS3	FRS3
GAREM2	GAREM2
GNAZ	GNAZ
GPR20	GPR20
GPT2	GPT2
GRHL1	GRHL1
HBQ1	HBQ1
HGD	HGD
HIST1H3I	HIST1H3I
HPD	HPD
IL26	IL26
IRGQ	IRGQ
ITGB5	ITGB5
ITGB8	ITGB8
KCNH8	KCNH8
KCNMA1	KCNMA1
KIF23	KIF23
KLK1	KLK1
KLLN	KLLN
KSR2	KSR2
LCA5L	LCA5L
LDHD	LDHD
LIN28A	LIN28A
LINC00471	LINC00471
LINC00494	LINC00494
LINC00598	LINC00598
LINC01281	LINC01281
LINC01376	LINC01376
LINC01535	LINC01535
LINC01816	LINC01816
LINC01825	LINC01825
LINC01993	LINC01993
LOXL3	LOXL3
LRCH4	LRCH4
LRFN4	LRFN4
LRRC36	LRRC36
LY6G6F	LY6G6F
MARVELD2	MARVELD2
MATN2	MATN2
MEIS1	MEIS1
MFAP3L	MFAP3L
MINDY4B	MINDY4B
MIP	MIP
MIR9-3HG	MIR9-3HG
MYEOV	MYEOV
MYO15A	MYO15A
NPHP1	NPHP1
NPM2	NPM2
NRXN1	NRXN1
OR7A17	OR7A17
OSGIN1	OSGIN1
OTOA	OTOA
P3H3	P3H3
PAK3	PAK3
PAQR6	PAQR6
PARM1	PARM1
PCDH1	PCDH1
PCDH11X	PCDH11X
PIWIL2	PIWIL2
PLEKHH1	PLEKHH1
PPIAL4A	PPIAL4A
PRDM5	PRDM5
PRLR	PRLR
PRND	PRND
PRSS35	PRSS35
PSMB10	PSMB10
PTGR1	PTGR1
RAB9B	RAB9B
RAPSN	RAPSN
RASGRF1	RASGRF1
RHBG	RHBG
RUFY4	RUFY4
S100A5	S100A5
SDC3	SDC3
SEMA7A	SEMA7A
SEPT4	SEPT4
SHISA4	SHISA4
SLAMF8	SLAMF8
SLC38A4	SLC38A4
SPDYE21P	SPDYE21P
SYNPO2	SYNPO2
TACC2	TACC2
TCAP	TCAP
TDRP	TDRP
TEX35	TEX35
TLDC2	TLDC2
TMEM119	TMEM119
TMEM132A	TMEM132A
TMEM163	TMEM163
TMEM255A	TMEM255A
TMEM269	TMEM269
TMEM44	TMEM44
TMEM63C	TMEM63C
TTC25	TTC25
TTLL9	TTLL9
WNK3	WNK3
ZMYND15	ZMYND15
ZNF728	ZNF728
ZNF860	ZNF860
ABHD17C	ABHD17C
ACKR4	ACKR4
ADPRHL1	ADPRHL1
AHRR	AHRR
AIPL1	AIPL1
ASMT	ASMT
ATP6V1FNB	ATP6V1FNB
BCL2L15	BCL2L15
C8G	C8G
CBLN3	CBLN3
CCDC17	CCDC17
CFAP53	CFAP53
CH25H	CH25H
CLEC4F	CLEC4F
COLEC12	COLEC12
DCLK2	DCLK2
DEPDC1B	DEPDC1B
DISP1	DISP1
DISP2	DISP2
DSCC1	DSCC1
EFEMP2	EFEMP2
EVC2	EVC2
FRMPD3	FRMPD3
GFPT2	GFPT2
GOLGA8K	GOLGA8K
GPNMB	GPNMB
GPR37L1	GPR37L1
GSDMA	GSDMA
HLF	HLF
IFNL1	IFNL1
IL17RE	IL17RE
IL27	IL27
IMPG2	IMPG2
KCTD19	KCTD19
KDELR3	KDELR3
KHDC1	KHDC1
KIRREL3	KIRREL3
KRT7	KRT7
LINC01873	LINC01873
LINC02080	LINC02080
LINC02323	LINC02323
LINC02427	LINC02427
LINC02631	LINC02631
LTBP2	LTBP2
MAMLD1	MAMLD1
MASP2	MASP2
NDN	NDN
NECAB1	NECAB1
NEUROD2	NEUROD2
NLGN3	NLGN3
PADI6	PADI6
PANK1	PANK1
PDCD1LG2	PDCD1LG2
PLPP7	PLPP7
PPM1H	PPM1H
PRUNE2	PRUNE2
PTGFRN	PTGFRN
RERG	RERG
RNASE1	RNASE1
RORB	RORB
RTL8B	RTL8B
RTN4R	RTN4R
SERPINF2	SERPINF2
SLIT1	SLIT1
SPTY2D1OS	SPTY2D1OS
STKLD1	STKLD1
TBX6	TBX6
TFAP2E	TFAP2E
TMPRSS11E	TMPRSS11E
TPH1	TPH1
UCA1	UCA1
USP46-AS1	USP46-AS1
WNT10B	WNT10B
ZNF697	ZNF697
ACER1	ACER1
AJM1	AJM1
AKR1D1	AKR1D1
ALDH1A2	ALDH1A2
ANGPTL6	ANGPTL6
ANKDD1B	ANKDD1B
ANXA9	ANXA9
AQP10	AQP10
ARHGAP42	ARHGAP42
ATP1A4	ATP1A4
BDH2	BDH2
BRSK1	BRSK1
C12orf74	C12orf74
C19orf57	C19orf57
C1QL3	C1QL3
C20orf203	C20orf203
C21orf62	C21orf62
C4orf47	C4orf47
C9orf106	C9orf106
CACNA1H	CACNA1H
CAMP	CAMP
CASC10	CASC10
CD109	CD109
CD1A	CD1A
CDHR1	CDHR1
CDK4	CDK4
CELF4	CELF4
CFAP300	CFAP300
CHRNE	CHRNE
CIT	CIT
CLBA1	CLBA1
CRLF1	CRLF1
CXCL1	CXCL1
DHDH	DHDH
DNAI2	DNAI2
DNAJC28	DNAJC28
DTNA	DTNA
EBF4	EBF4
EFHD1	EFHD1
ELOVL7	ELOVL7
ENPEP	ENPEP
ERBB3	ERBB3
ETNK2	ETNK2
FALEC	FALEC
FAM209A	FAM209A
FAM71D	FAM71D
FAM83F	FAM83F
FNDC9	FNDC9
FOXD2	FOXD2
FRMD6	FRMD6
FRRS1L	FRRS1L
FUT1	FUT1
GIPC3	GIPC3
GNG8	GNG8
GPLD1	GPLD1
GPSM1	GPSM1
GRAPL	GRAPL
GRB10	GRB10
HAVCR1	HAVCR1
HIF3A	HIF3A
HIST1H2BH	HIST1H2BH
HIST1H4D	HIST1H4D
HMGA2	HMGA2
HSPG2	HSPG2
IL12A	IL12A
IL17C	IL17C
IPPK	IPPK
IRF6	IRF6
ITGB1BP2	ITGB1BP2
KCNK13	KCNK13
KCNK17	KCNK17
KCNN1	KCNN1
KIF14	KIF14
KIF5A	KIF5A
KLHL33	KLHL33
KRT23	KRT23
L3MBTL4-AS1	L3MBTL4-AS1
LAMB2	LAMB2
LAMC3	LAMC3
LCN12	LCN12
LCN2	LCN2
LGALS4	LGALS4
LINC00968	LINC00968
LINC01132	LINC01132
LINC01771	LINC01771
LINC02244	LINC02244
LINC02316	LINC02316
LINC02367	LINC02367
LINC02455	LINC02455
LRRC3	LRRC3
MARCH10	MARCH10
MDK	MDK
METTL27	METTL27
MICALL2	MICALL2
MIR219A1	MIR219A1
MIR4530	MIR4530
MIR503HG	MIR503HG
MIR7845	MIR7845
NRP2	NRP2
NUDT7	NUDT7
NUP62CL	NUP62CL
OMD	OMD
OPRD1	OPRD1
OR11G2	OR11G2
OR2L2	OR2L2
ORM2	ORM2
OXER1	OXER1
PARD3	PARD3
PCP2	PCP2
PGM5	PGM5
PHLDB1	PHLDB1
PINK1	PINK1
PLTP	PLTP
PRR19	PRR19
PRR22	PRR22
PTPRB	PTPRB
RBFOX2	RBFOX2
RDH11	RDH11
RGMA	RGMA
RHBDL2	RHBDL2
RNF208	RNF208
RSPH9	RSPH9
SCGB2B2	SCGB2B2
SCNN1D	SCNN1D
SEMA6C	SEMA6C
SH3D21	SH3D21
SLC35G6	SLC35G6
SLC6A20	SLC6A20
SLC9A3R2	SLC9A3R2
SNX32	SNX32
SPATA9	SPATA9
SPDYA	SPDYA
SPESP1	SPESP1
SPTLC3	SPTLC3
SV2C	SV2C
SYT2	SYT2
TAC4	TAC4
TAL1	TAL1
TCTEX1D4	TCTEX1D4
THSD7A	THSD7A
TIGD3	TIGD3
TMCC2	TMCC2
TMEM136	TMEM136
TMEM81	TMEM81
TMEM86A	TMEM86A
TMSB15B	TMSB15B
TNFRSF21	TNFRSF21
TP53TG3D	TP53TG3D
TRAIP	TRAIP
TYRO3	TYRO3
UPK2	UPK2
USHBP1	USHBP1
VLDLR	VLDLR
VWDE	VWDE
WDR31	WDR31
WNT6	WNT6
WWC1	WWC1
ZDHHC15	ZDHHC15
ZMAT4	ZMAT4
ZNF559-ZNF177	ZNF559-ZNF177
ZNF716	ZNF716
ZNF727	ZNF727
ZNF774	ZNF774
ALAS2	ALAS2
AMY1A	AMY1A
C2CD6	C2CD6
CA1	CA1
CMYA5	CMYA5
EIF6	EIF6
FOXD2-AS1	FOXD2-AS1
GCHFR	GCHFR
IL22	IL22
INCA1	INCA1
MYBPC3	MYBPC3
RNASE3	RNASE3
TMEM246	TMEM246
TPRG1-AS1	TPRG1-AS1
ZC3H12C	ZC3H12C
ABCA8	ABCA8
AMN	AMN
ANKRD9	ANKRD9
APOA1	APOA1
ASB16	ASB16
ATP13A4	ATP13A4
CASC15	CASC15
CTU1	CTU1
DKK2	DKK2
F8A2	F8A2
FGF14	FGF14
GPX2	GPX2
HES4	HES4
HIST1H4F	HIST1H4F
ITLN1	ITLN1
LINC02227	LINC02227
NRIP1	NRIP1
NRL	NRL
PRPH2	PRPH2
RHOBTB1	RHOBTB1
SAPCD2	SAPCD2
STARD8	STARD8
TMEM238	TMEM238
TMPRSS9	TMPRSS9
TRIM45	TRIM45
UPP2	UPP2
UTF1	UTF1
ZBTB47	ZBTB47
C1S	C1S
C2CD4D	C2CD4D
CCNE1	CCNE1
CCR8	CCR8
GDF5OS	GDF5OS
HMGCS2	HMGCS2
KIAA0895	KIAA0895
MAB21L2	MAB21L2
NCR3LG1	NCR3LG1
NKX2-5	NKX2-5
NPDC1	NPDC1
PANO1	PANO1
SEMA3G	SEMA3G
TNS1	TNS1
TUSC3	TUSC3
VASN	VASN
ZFPM2	ZFPM2
AFF2	AFF2
AKAP3	AKAP3
ALDH1L2	ALDH1L2
ANKRD33B	ANKRD33B
ATP1B2	ATP1B2
BEND3	BEND3
BHLHE41	BHLHE41
BTBD18	BTBD18
C13orf46	C13orf46
C1orf146	C1orf146
CA8	CA8
CCDC194	CCDC194
CEBPA	CEBPA
CFAP97D1	CFAP97D1
CLDN23	CLDN23
CUX2	CUX2
DEPP1	DEPP1
DLK2	DLK2
DOK4	DOK4
F2RL1	F2RL1
FAM171A2	FAM171A2
FAM83H	FAM83H
FAT4	FAT4
FBXO31	FBXO31
GIPC2	GIPC2
GK3P	GK3P
GOLGA8J	GOLGA8J
GRIK4	GRIK4
HAMP	HAMP
HIST1H2BB	HIST1H2BB
HYAL1	HYAL1
IGFBP2	IGFBP2
IQCA1	IQCA1
IQSEC3	IQSEC3
KCNIP4	KCNIP4
KCNK12	KCNK12
KIFC2	KIFC2
KLHL25	KLHL25
KLHL35	KLHL35
LAMP3	LAMP3
LARGE1	LARGE1
LENG9	LENG9
LINC00240	LINC00240
LINC00862	LINC00862
LINC01736	LINC01736
LINC02012	LINC02012
LINC02033	LINC02033
LINC02288	LINC02288
LINC02520	LINC02520
LIX1-AS1	LIX1-AS1
LRRC43	LRRC43
LYG1	LYG1
MEG3	MEG3
MIR3188	MIR3188
MIRLET7A1HG	MIRLET7A1HG
MST1	MST1
NT5M	NT5M
NUDT11	NUDT11
OGFOD2	OGFOD2
OR52K1	OR52K1
PART1	PART1
PCSK4	PCSK4
PCSK6	PCSK6
PHKG1	PHKG1
PLAC9	PLAC9
PLAT	PLAT
PPFIA4	PPFIA4
PPIL6	PPIL6
PROX2	PROX2
PRSS27	PRSS27
PSMC3IP	PSMC3IP
RAD54L	RAD54L
RAMP2-AS1	RAMP2-AS1
RASL10A	RASL10A
RMI2	RMI2
RNF17	RNF17
RSPH4A	RSPH4A
RTCA-AS1	RTCA-AS1
SCN8A	SCN8A
SHOX	SHOX
SLC2A5	SLC2A5
SLC46A2	SLC46A2
SPRY3	SPRY3
SPTB	SPTB
STX1B	STX1B
TBC1D10A	TBC1D10A
TESK1	TESK1
THRB	THRB
TRIM17	TRIM17
TTC23	TTC23
TUSC1	TUSC1
WDR88	WDR88
ZBED2	ZBED2
ZNF366	ZNF366
ZNF730	ZNF730
ABI3BP	ABI3BP
APOH	APOH
ARHGAP28	ARHGAP28
CIB2	CIB2
E2F1	E2F1
HES2	HES2
LINC02562	LINC02562
LRRC75A	LRRC75A
MME	MME
NTN4	NTN4
PLA2R1	PLA2R1
RXFP2	RXFP2
SHCBP1L	SHCBP1L
STARD5	STARD5
TNNT3	TNNT3
TPO	TPO
WDR64	WDR64
ANLN	ANLN
ANO5	ANO5
ASCL5	ASCL5
C19orf18	C19orf18
CACNA1F	CACNA1F
CAV1	CAV1
CDK2AP1	CDK2AP1
CEP55	CEP55
CLEC2L	CLEC2L
DMC1	DMC1
ELL3	ELL3
FAM182B	FAM182B
FREM3	FREM3
GINS1	GINS1
GMCL2	GMCL2
IL17RB	IL17RB
KCNN3	KCNN3
LINC01239	LINC01239
LNP1	LNP1
MAMDC4	MAMDC4
MEX3D	MEX3D
PLEKHH3	PLEKHH3
PSD3	PSD3
SCN3B	SCN3B
SLC35D2	SLC35D2
TENM4	TENM4
TMEM232	TMEM232
TNFAIP6	TNFAIP6
TRPC5	TRPC5
UBXN10	UBXN10
ZNF215	ZNF215
ZNF98	ZNF98
AK4	AK4
ANGEL1	ANGEL1
ANKRD34A	ANKRD34A
APBB2	APBB2
ARHGAP11B	ARHGAP11B
B4GALT2	B4GALT2
C1QB	C1QB
C2orf83	C2orf83
CHRNA1	CHRNA1
EVC	EVC
FAM3B	FAM3B
FGFR2	FGFR2
HTRA1	HTRA1
IFFO2	IFFO2
IGSF9B	IGSF9B
LINC01160	LINC01160
LINC02656	LINC02656
LONRF2	LONRF2
MANEAL	MANEAL
MAPK11	MAPK11
NRG4	NRG4
PLIN4	PLIN4
PLXNB3	PLXNB3
PROB1	PROB1
SAMD11	SAMD11
SCARF2	SCARF2
SNAI1	SNAI1
SULT2B1	SULT2B1
TMPRSS3	TMPRSS3
UBE2L5	UBE2L5
WDR17	WDR17
ZP1	ZP1
AKAP12	AKAP12
APOE	APOE
ASAP2	ASAP2
ASB9	ASB9
BTNL9	BTNL9
C9orf24	C9orf24
CASKIN2	CASKIN2
CATSPERE	CATSPERE
CCDC150	CCDC150
CCL16	CCL16
CNTN2	CNTN2
CRYGN	CRYGN
CTAGE6	CTAGE6
ERRFI1	ERRFI1
ERVH48-1	ERVH48-1
FAM124B	FAM124B
FGF22	FGF22
FILNC1	FILNC1
HIST1H2AJ	HIST1H2AJ
HLA-DMA	HLA-DMA
IBA57-DT	IBA57-DT
IGLL1	IGLL1
INAVA	INAVA
KRT81	KRT81
LCA5	LCA5
LINC00452	LINC00452
LINC00507	LINC00507
LINC01033	LINC01033
LINC01611	LINC01611
LINC01852	LINC01852
LZTS1	LZTS1
MAGI2	MAGI2
MARC2	MARC2
MIR3671	MIR3671
MIR99AHG	MIR99AHG
NANOS1	NANOS1
NPFFR1	NPFFR1
NRG2	NRG2
OLR1	OLR1
OR2A1	OR2A1
OSBPL6	OSBPL6
P3H2	P3H2
PARD6G	PARD6G
PEX5L	PEX5L
PLEK2	PLEK2
PLVAP	PLVAP
PPM1K-DT	PPM1K-DT
PRSS53	PRSS53
PXDN	PXDN
RHOXF2	RHOXF2
RHPN2	RHPN2
RIPK3	RIPK3
RNASEK-C17orf49	RNASEK-C17orf49
RRS1-AS1	RRS1-AS1
SAMMSON	SAMMSON
SDK1	SDK1
SERP2	SERP2
SFRP5	SFRP5
SLC1A1	SLC1A1
SLC36A3	SLC36A3
SNTG2	SNTG2
TACR1	TACR1
TCAF2C	TCAF2C
ZNF491	ZNF491
ZNF572	ZNF572
ZNF723	ZNF723
ZNF843	ZNF843
ADGRB3	ADGRB3
ADGRF1	ADGRF1
B4GALNT4	B4GALNT4
C1QTNF7	C1QTNF7
CABYR	CABYR
CCDC173	CCDC173
CLIP1-AS1	CLIP1-AS1
CXCL2	CXCL2
GUCA1B	GUCA1B
HOXA3	HOXA3
LINC00671	LINC00671
MIR5695	MIR5695
NTN5	NTN5
PANX2	PANX2
RASIP1	RASIP1
SH3TC2	SH3TC2
SYNGR3	SYNGR3
TRNP1	TRNP1
ADRB1	ADRB1
ATCAY	ATCAY
C6orf132	C6orf132
CALY	CALY
CCDC184	CCDC184
CDC20B	CDC20B
CNIH2	CNIH2
CYP1A2	CYP1A2
CYP2W1	CYP2W1
DENND2A	DENND2A
DYRK3	DYRK3
EXOC3L1	EXOC3L1
GPRC5C	GPRC5C
GRIN2D	GRIN2D
GSG1	GSG1
HEPHL1	HEPHL1
IGSF9	IGSF9
IL20RB	IL20RB
LINC00887	LINC00887
LINC01115	LINC01115
LMNTD2	LMNTD2
MALL	MALL
MAZ	MAZ
MELTF	MELTF
MIR1972-2	MIR1972-2
MIR23A	MIR23A
MIR27A	MIR27A
MIR6090	MIR6090
MMP2-AS1	MMP2-AS1
MYH7B	MYH7B
PGLYRP2	PGLYRP2
PNMA6F	PNMA6F
PPP1R27	PPP1R27
RRAD	RRAD
SH2B2	SH2B2
SIGLEC12	SIGLEC12
SKIDA1	SKIDA1
SLC26A8	SLC26A8
STOX1	STOX1
SYNPO2L	SYNPO2L
TGM1	TGM1
TNC	TNC
TNS2	TNS2
UNC5A	UNC5A
VXN	VXN
WWC2-AS2	WWC2-AS2
ZNF295-AS1	ZNF295-AS1
ABCG2	ABCG2
ADARB2	ADARB2
CDH3	CDH3
CHL1	CHL1
CRNDE	CRNDE
ENPP1	ENPP1
FAM224B	FAM224B
FAM53A	FAM53A
FIGNL2	FIGNL2
FRG1-DT	FRG1-DT
FSD2	FSD2
GABRG3	GABRG3
HBM	HBM
MAST1	MAST1
MIR5703	MIR5703
MND1	MND1
NETO1	NETO1
NPIPA9	NPIPA9
PHOSPHO1	PHOSPHO1
RASL11B	RASL11B
SCAT1	SCAT1
SELENBP1	SELENBP1
SGCD	SGCD
SLC38A11	SLC38A11
SLC6A12	SLC6A12
SNX7	SNX7
SYCP2L	SYCP2L
SYT1	SYT1
TMEM158	TMEM158
TUBA3C	TUBA3C
ADGRG3	ADGRG3
ALOX15B	ALOX15B
ANGPTL4	ANGPTL4
AVP	AVP
BAALC	BAALC
BACH1-AS1	BACH1-AS1
CD34	CD34
CRHBP	CRHBP
DACT3	DACT3
DIPK1B	DIPK1B
EFCAB12	EFCAB12
GPR84	GPR84
HES1	HES1
IQCJ-SCHIP1	IQCJ-SCHIP1
KANK2	KANK2
LRRC8E	LRRC8E
MAPK6-DT	MAPK6-DT
NPR3	NPR3
RIBC2	RIBC2
SHISA9	SHISA9
SMIM24	SMIM24
TFPI	TFPI
UNC79	UNC79
ZNF426-DT	ZNF426-DT
AHSP	AHSP
C1QTNF12	C1QTNF12
COX6B2	COX6B2
CSMD1	CSMD1
FAM167A	FAM167A
IER5L	IER5L
OR1I1	OR1I1
PIPOX	PIPOX
SLC4A1	SLC4A1
SOX15	SOX15
TSKS	TSKS
ACOX2	ACOX2
ANKRD62	ANKRD62
APOF	APOF
BSN-DT	BSN-DT
BSPRY	BSPRY
CASR	CASR
CCDC74A	CCDC74A
CDON	CDON
CFAP43	CFAP43
CHRM5	CHRM5
CTXND2	CTXND2
DPEP3	DPEP3
FAM166A	FAM166A
FAM81A	FAM81A
FITM1	FITM1
FLRT2	FLRT2
FZD5	FZD5
GATA2	GATA2
GDF15	GDF15
GPR161	GPR161
GPR85	GPR85
GRM2	GRM2
ICAM5	ICAM5
KIFC1	KIFC1
LCTL	LCTL
LGR4	LGR4
LINC00102	LINC00102
LINC01579	LINC01579
LINC02298	LINC02298
LYPLAL1-AS1	LYPLAL1-AS1
MEIKIN	MEIKIN
MMP24	MMP24
MSANTD1	MSANTD1
MYLK4	MYLK4
NIM1K	NIM1K
NLRP6	NLRP6
NOVA2	NOVA2
NR1I3	NR1I3
NRSN2	NRSN2
NRTN	NRTN
NRXN2	NRXN2
NRXN3	NRXN3
ORC1	ORC1
PRR33	PRR33
RNFT1-DT	RNFT1-DT
RTEL1-TNFRSF6B	RTEL1-TNFRSF6B
SAXO2	SAXO2
SERPINE1	SERPINE1
SH3RF2	SH3RF2
SKA3	SKA3
SLC25A30-AS1	SLC25A30-AS1
SLC27A2	SLC27A2
SLC43A3	SLC43A3
SPOCK1	SPOCK1
SPRY2	SPRY2
SSC5D	SSC5D
TFCP2L1	TFCP2L1
TMEM240	TMEM240
TP53TG5	TP53TG5
TRIP13	TRIP13
TRMT9B	TRMT9B
TXNRD3	TXNRD3
VPS37D	VPS37D
ZNF454	ZNF454
ZNF471	ZNF471
ZNF511-PRAP1	ZNF511-PRAP1
ADAMTS13	ADAMTS13
CCDC107	CCDC107
CDH2	CDH2
CHDH	CHDH
GPR137C	GPR137C
HMMR	HMMR
HOXA2	HOXA2
ITIH5	ITIH5
KCNE1B	KCNE1B
LINC01876	LINC01876
LINC02185	LINC02185
MRLN	MRLN
SLC1A3	SLC1A3
SLC25A52	SLC25A52
SLC6A8	SLC6A8
TGFBR3L	TGFBR3L
WNK4	WNK4
ACY3	ACY3
C19orf81	C19orf81
EBF3	EBF3
GTF2IRD1	GTF2IRD1
LINC02362	LINC02362
LRRC26	LRRC26
PP2D1	PP2D1
PROC	PROC
RASSF8	RASSF8
RFPL3S	RFPL3S
RUNDC3A	RUNDC3A
TMEM88	TMEM88
ZNF521	ZNF521
BMP6	BMP6
C6orf52	C6orf52
CATSPERD	CATSPERD
CPB2	CPB2
CRB2	CRB2
CTRC	CTRC
DDR2	DDR2
EGFL6	EGFL6
ENAM	ENAM
FAM41AY1	FAM41AY1
FAM57A	FAM57A
FAM72C	FAM72C
FBXW9	FBXW9
GRAP	GRAP
HRK	HRK
KCNB1	KCNB1
KIAA2012	KIAA2012
KIF2C	KIF2C
KREMEN1	KREMEN1
LINC01694	LINC01694
LINC02551	LINC02551
MAP1LC3C	MAP1LC3C
MARVELD3	MARVELD3
NOTO	NOTO
PODNL1	PODNL1
PRR29-AS1	PRR29-AS1
QRICH2	QRICH2
RBM46	RBM46
SCGB1C2	SCGB1C2
SCGB3A2	SCGB3A2
SCN3A	SCN3A
SCX	SCX
SGCA	SGCA
SLC13A5	SLC13A5
SLC5A4	SLC5A4
SPX	SPX
STYK1	STYK1
TAGLN	TAGLN
TEX45	TEX45
TGM2	TGM2
THSD1	THSD1
TMEM184A	TMEM184A
ZNF668	ZNF668
CAV2	CAV2
DLGAP2	DLGAP2
GTSE1	GTSE1
MMP14	MMP14
SLC44A5	SLC44A5
TREML2	TREML2
SMAD6	SMAD6
FKBP6	FKBP6
HESX1	HESX1
HPR	HPR
SERPINI2	SERPINI2
SFTPD	SFTPD
SLC4A3	SLC4A3
THNSL2	THNSL2
COL1A1	COL1A1
CRYM	CRYM
FBLIM1	FBLIM1
GJB6	GJB6
GRHL2	GRHL2
ITGAD	ITGAD
LINC01259	LINC01259
LINC01666	LINC01666
LINC02574	LINC02574
LINC02660	LINC02660
LSMEM1	LSMEM1
PRTFDC1	PRTFDC1
RFPL4A	RFPL4A
SHD	SHD
SHH	SHH
SHISA2	SHISA2
CXCL10	CXCL10
CYP2A6	CYP2A6
FAM24B	FAM24B
CDH20	CDH20
CFAP54	CFAP54
LOXHD1	LOXHD1
OTOF	OTOF
RHCE	RHCE
RNF150	RNF150
CDK1	CDK1
FAM87B	FAM87B
GYPE	GYPE
HSPA12B	HSPA12B
AP3B2	AP3B2
CRX	CRX
FAM227A	FAM227A
FAM83D	FAM83D
NR5A2	NR5A2
NTRK1	NTRK1
OR3A2	OR3A2
PIANP	PIANP
SMIM33	SMIM33
WNT5B	WNT5B
LINC00443	LINC00443
MAS1	MAS1
ABCC11	ABCC11
NXN	NXN
PROS1	PROS1
PVALB	PVALB
TMEM45A	TMEM45A
TRPC6	TRPC6
GML	GML
SLC45A1	SLC45A1
DOK7	DOK7
EXD1	EXD1
KIAA1211L	KIAA1211L
LINC01427	LINC01427
LINC01624	LINC01624
MIR320D1	MIR320D1
MT3	MT3
PAGE5	PAGE5
RHOXF1	RHOXF1
SLC35G3	SLC35G3
SMIM10L2A	SMIM10L2A
TUB	TUB
GPRACR	GPRACR
KCTD11	KCTD11
C15orf65	C15orf65
CXCL3	CXCL3
FAM171B	FAM171B
GSC	GSC
HOXC4	HOXC4
LAD1	LAD1
LINC00221	LINC00221
PPP1R14C	PPP1R14C
PRX	PRX
STXBP6	STXBP6
TDRD1	TDRD1
TMEM56	TMEM56
XPNPEP2	XPNPEP2
RFPL4AL1	RFPL4AL1
SSC4D	SSC4D
USP27X-AS1	USP27X-AS1
ZFP2	ZFP2
FAM224A	FAM224A
FHAD1	FHAD1
HSPA2	HSPA2
LINC02086	LINC02086
OPN1SW	OPN1SW
RIMKLA	RIMKLA
VIT	VIT
ANKRD29	ANKRD29
CORO6	CORO6
DES	DES
HEY2	HEY2
RAPGEF3	RAPGEF3
ADAMTS2	ADAMTS2
DNAJC5B	DNAJC5B
FAM167B	FAM167B
NLGN2	NLGN2
ORM1	ORM1
SOBP	SOBP
TEKT2	TEKT2
CADM4	CADM4
CDS1	CDS1
DLGAP1	DLGAP1
FFAR4	FFAR4
NANOS3	NANOS3
SMIM10	SMIM10
C12orf40	C12orf40
CARMIL3	CARMIL3
CHSY3	CHSY3
CLEC9A	CLEC9A
CXXC4	CXXC4
DPY19L2	DPY19L2
DUBR	DUBR
LINC01918	LINC01918
LRRC49	LRRC49
MAGED4B	MAGED4B
MYRF	MYRF
PEX10	PEX10
ROR2	ROR2
SOAT2	SOAT2
SPRN	SPRN
TLN2	TLN2
TMEM244	TMEM244
WDR63	WDR63
CARMN	CARMN
NGB	NGB
OR7G2	OR7G2
ZDHHC19	ZDHHC19
LINC02391	LINC02391
OTUB2	OTUB2
GGTLC2	GGTLC2
ZMYND12	ZMYND12
CDCA5	CDCA5
DOCK6	DOCK6
FBXO15	FBXO15
ITGA8	ITGA8
LINC00989	LINC00989
LINC01197	LINC01197
MT1G	MT1G
NEURL3	NEURL3
PALM	PALM
RFPL2	RFPL2
RND2	RND2
SDS	SDS
SLC15A1	SLC15A1
TEX54	TEX54
UBE2C	UBE2C
ZACN	ZACN
KRT5	KRT5
LHFPL6	LHFPL6
PACRG	PACRG
SSPO	SSPO
GPAT2	GPAT2
IL11	IL11
OR6C4	OR6C4
RND1	RND1
TDRD15	TDRD15
PLEKHG6	PLEKHG6
CYP2E1	CYP2E1
FAM86B1	FAM86B1
PRSS22	PRSS22
C1orf167	C1orf167
CLDN12	CLDN12
FAM225A	FAM225A
UNC13C	UNC13C
ABCC2	ABCC2
CCL27	CCL27
CDCA3	CDCA3
FOXP2	FOXP2
LINC02029	LINC02029
CHRNA10	CHRNA10
NLGN4Y	NLGN4Y
CNPY1	CNPY1
DCST2	DCST2
INMT-MINDY4	INMT-MINDY4
IQCH	IQCH
LINC00304	LINC00304
LINC01411	LINC01411
LINC02421	LINC02421
REXO5	REXO5
WNT7B	WNT7B
PRR20D	PRR20D
SYT7	SYT7
ENDOG	ENDOG
ESPN	ESPN
HTR2C	HTR2C
ARR3	ARR3
GAS1	GAS1
PCDH17	PCDH17
CFAP77	CFAP77
TTC23L	TTC23L
UGT8	UGT8
CCDC36	CCDC36
CCDC68	CCDC68
LINC01531	LINC01531
SRRM3	SRRM3
ACSM1	ACSM1
DPF1	DPF1
RNF222	RNF222
IGF2BP1	IGF2BP1
LRFN2	LRFN2
MAGED4	MAGED4
PNMA2	PNMA2
SLC36A2	SLC36A2
THORLNC	THORLNC
TRPC3	TRPC3
VSTM2B	VSTM2B
NEU4	NEU4
NRARP	NRARP
DNAH3	DNAH3
KCNH1	KCNH1
PNPLA1	PNPLA1
CCL20	CCL20
LINC01946	LINC01946
PNMA8C	PNMA8C
SHISA8	SHISA8
STMND1	STMND1
TMPRSS13	TMPRSS13
ARHGEF28	ARHGEF28
BUB1B-PAK6	BUB1B-PAK6
C19orf84	C19orf84
C5orf60	C5orf60
CCDC78	CCDC78
CLIC6	CLIC6
FAM217A	FAM217A
FOXC1	FOXC1
LINC01659	LINC01659
LINC02100	LINC02100
MNS1	MNS1
OPLAH	OPLAH
FFAR3	FFAR3
GALNTL6	GALNTL6
LINC00352	LINC00352
MMP9	MMP9
NPAS1	NPAS1
PARVA	PARVA
RDM1	RDM1
TNFSF9	TNFSF9
ADGRB2	ADGRB2
CCBE1	CCBE1
KLF1	KLF1
LINC00599	LINC00599
PACERR	PACERR
C9orf116	C9orf116
CAPN8	CAPN8
CDO1	CDO1
CHADL	CHADL
CHRNA5	CHRNA5
EEF1A2	EEF1A2
EFCAB8	EFCAB8
INHBE	INHBE
KIAA1549	KIAA1549
LINC01980	LINC01980
LINC02315	LINC02315
LMCD1	LMCD1
LYPD5	LYPD5
MIR3648-2	MIR3648-2
MIXL1	MIXL1
MOCS1	MOCS1
NKPD1	NKPD1
PXDC1	PXDC1
RAB26	RAB26
SH3GL3	SH3GL3
SLC7A14	SLC7A14
SLCO2B1	SLCO2B1
SPSB3	SPSB3
TMEM225B	TMEM225B
TMEM236	TMEM236
WNT1	WNT1
KRTAP16-1	KRTAP16-1
PCBP3	PCBP3
LRRC75B	LRRC75B
PIWIL3	PIWIL3
HSPA12A	HSPA12A
LINC00924	LINC00924
PPFIA3	PPFIA3
LINC01562	LINC01562
TSPAN9	TSPAN9
MIR4444-2	MIR4444-2
MYOZ3	MYOZ3
PLA1A	PLA1A
GALNT5	GALNT5
PROX1	PROX1
RS1	RS1
LMO1	LMO1
CPLX1	CPLX1
DHRS13	DHRS13
RFLNA	RFLNA
BICDL2	BICDL2
CAND2	CAND2
CNTN1	CNTN1
COL11A2	COL11A2
FAM57B	FAM57B
FOXB1	FOXB1
HCAR1	HCAR1
HYDIN	HYDIN
LINC02078	LINC02078
MTRNR2L4	MTRNR2L4
OVGP1	OVGP1
ZDHHC11	ZDHHC11
ZNF99	ZNF99
CD80	CD80
DDAH1	DDAH1
EBI3	EBI3
EDNRB	EDNRB
GATA1	GATA1
LRP5	LRP5
MIR5195	MIR5195
NUDT17	NUDT17
SLC14A2	SLC14A2
SOX5	SOX5
TAS1R3	TAS1R3
AANAT	AANAT
ADCY2	ADCY2
APOL4	APOL4
BATF2	BATF2
BUB1B	BUB1B
BVES	BVES
C17orf53	C17orf53
C4B	C4B
CCL22	CCL22
CD1B	CD1B
CDC20	CDC20
CDC45	CDC45
CDCA2	CDCA2
CENPA	CENPA
CFAP69	CFAP69
CKAP2L	CKAP2L
CPNE9	CPNE9
DAAM2	DAAM2
DLGAP5	DLGAP5
DNAH8	DNAH8
DTL	DTL
FAM186A	FAM186A
FAM72B	FAM72B
GPC5	GPC5
HIST1H3G	HIST1H3G
HIST2H3A	HIST2H3A
HJURP	HJURP
HNF1A	HNF1A
HPDL	HPDL
HSD17B6	HSD17B6
IGDCC3	IGDCC3
KIF4A	KIF4A
LINC01089	LINC01089
LINC01205	LINC01205
LINC02202	LINC02202
LINC02245	LINC02245
LIPG	LIPG
MCM10	MCM10
MELK	MELK
MLXIPL	MLXIPL
MOXD1	MOXD1
NEK2	NEK2
NXPH4	NXPH4
PBK	PBK
PGBD5	PGBD5
RASSF9	RASSF9
SHE	SHE
SKA1	SKA1
SLC5A10	SLC5A10
SPC25	SPC25
TBC1D3L	TBC1D3L
TEAD3	TEAD3
TEX101	TEX101
TNS4	TNS4
TROAP	TROAP
TTK	TTK
ACKR3	ACKR3
AJAP1	AJAP1
CNN1	CNN1
DNAJC12	DNAJC12
EMP2	EMP2
EPHA2	EPHA2
FAM86B2	FAM86B2
GPR149	GPR149
HIST2H3D	HIST2H3D
KIF26B	KIF26B
LAMA5	LAMA5
LINC01358	LINC01358
LINC01724	LINC01724
LIPH	LIPH
OR4D9	OR4D9
PALD1	PALD1
RTN4RL2	RTN4RL2
SALL2	SALL2
SEMA3A	SEMA3A
SLC25A27	SLC25A27
SLC28A2	SLC28A2
SMIM6	SMIM6
SMTNL1	SMTNL1
SYNPO	SYNPO
TACR2	TACR2
TTTY10	TTTY10
CMBL	CMBL
COLCA2	COLCA2
DNAH11	DNAH11
EMID1	EMID1
FAM221B	FAM221B
FRK	FRK
HIST1H3E	HIST1H3E
ITGB4	ITGB4
ITIH2	ITIH2
LINC02413	LINC02413
MIR210HG	MIR210HG
SULT1C2	SULT1C2
ABLIM3	ABLIM3
ADRA2B	ADRA2B
ALPK2	ALPK2
ANKRD65	ANKRD65
ASIP	ASIP
ASTL	ASTL
B3GNT4	B3GNT4
C12orf71	C12orf71
C6orf141	C6orf141
CABP5	CABP5
CDH7	CDH7
CELF5	CELF5
CHODL	CHODL
CHRND	CHRND
CNDP1	CNDP1
DNAH5	DNAH5
DUXB	DUXB
FAM160A1	FAM160A1
FSTL1	FSTL1
FUT5	FUT5
GATA6	GATA6
HRASLS	HRASLS
IL10	IL10
IL1RL2	IL1RL2
IL6	IL6
JADE3	JADE3
KCNJ9	KCNJ9
KLHDC9	KLHDC9
LEFTY1	LEFTY1
LINC00683	LINC00683
LINC00691	LINC00691
LINC01502	LINC01502
LINC02021	LINC02021
LINC02449	LINC02449
LMNTD1	LMNTD1
LRRC2	LRRC2
MYH14	MYH14
NUTM2B	NUTM2B
PLAU	PLAU
PRG2	PRG2
PRICKLE2	PRICKLE2
PTPRG	PTPRG
RGS13	RGS13
RGS6	RGS6
SAMD14	SAMD14
SCGB1C1	SCGB1C1
SEC14L3	SEC14L3
SKOR1	SKOR1
SLC7A11	SLC7A11
TBC1D3D	TBC1D3D
TRIM74	TRIM74
ULBP2	ULBP2
USP2	USP2
WNT11	WNT11
ZNF385D	ZNF385D
ZNF479	ZNF479
ZNF541	ZNF541
ZNF732	ZNF732
CCDC73	CCDC73
CRB1	CRB1
HTR1E	HTR1E
LINC02547	LINC02547
NPHS1	NPHS1
ROBO1	ROBO1
VSIG10L	VSIG10L
ZYG11A	ZYG11A
ANXA3	ANXA3
C12orf54	C12orf54
CCNI2	CCNI2
COMP	COMP
CYP17A1	CYP17A1
DCX	DCX
FAM222A	FAM222A
GREB1	GREB1
KCND1	KCND1
LINC01013	LINC01013
LINC01247	LINC01247
LINC01483	LINC01483
PCYT1B	PCYT1B
POU3F1	POU3F1
REELD1	REELD1
SEMA4G	SEMA4G
TMPRSS2	TMPRSS2
ADM2	ADM2
LINC02671	LINC02671
MYLK3	MYLK3
THEM5	THEM5
ACP4	ACP4
CEP170B	CEP170B
CHST1	CHST1
CNBD2	CNBD2
CNNM3-DT	CNNM3-DT
HOXA1	HOXA1
MIR5684	MIR5684
RTP5	RTP5
SCN11A	SCN11A
SPTBN4	SPTBN4
SRPX2	SRPX2
VWF	VWF
ZNF114	ZNF114
ACHE	ACHE
AKNAD1	AKNAD1
APOC1	APOC1
CHAC1	CHAC1
CST6	CST6
CYP2C9	CYP2C9
DBH	DBH
DMD	DMD
FERMT2	FERMT2
FFAR1	FFAR1
GCM1	GCM1
GYPB	GYPB
HSPB9	HSPB9
HTRA4	HTRA4
ITGA11	ITGA11
JPH3	JPH3
KCND3	KCND3
LINC01565	LINC01565
MAP7D2	MAP7D2
MIR4284	MIR4284
MN1	MN1
MYBPC2	MYBPC2
NCS1	NCS1
P4HA2	P4HA2
PIWIL1	PIWIL1
PLA2G2C	PLA2G2C
PTGES	PTGES
RASAL1	RASAL1
RHBDL3	RHBDL3
RORC	RORC
RSPH10B	RSPH10B
SIAH3	SIAH3
SLCO4A1	SLCO4A1
SOX7	SOX7
SYN1	SYN1
TRPV3	TRPV3
UNC5B	UNC5B
VSTM4	VSTM4
ZFP92	ZFP92
ZNF704	ZNF704
ADAM29	ADAM29
ADRA1A	ADRA1A
ANGPTL7	ANGPTL7
CCDC196	CCDC196
CCDC42	CCDC42
DDO	DDO
KCNIP2	KCNIP2
LINC01044	LINC01044
LINC02419	LINC02419
LINC02630	LINC02630
LY6K	LY6K
NTN1	NTN1
NWD1	NWD1
NYAP2	NYAP2
PKD2L1	PKD2L1
PROM2	PROM2
SAMD13	SAMD13
SVOPL	SVOPL
SYBU	SYBU
TEAD2	TEAD2
TMOD4	TMOD4
TMPRSS12	TMPRSS12
TSBP1	TSBP1
TWIST2	TWIST2
UTS2B	UTS2B
WIPF3	WIPF3
ZNF608	ZNF608
ADCY1	ADCY1
AP1M2	AP1M2
AURKC	AURKC
CCDC198	CCDC198
CHRNG	CHRNG
CLSTN2	CLSTN2
CNGB3	CNGB3
CNTNAP3B	CNTNAP3B
GLYATL1B	GLYATL1B
GSDME	GSDME
HPGDS	HPGDS
ISLR2	ISLR2
KCNA7	KCNA7
LINC00865	LINC00865
LINC01235	LINC01235
LINC01547	LINC01547
LINC01800	LINC01800
LINC02615	LINC02615
MKRN3	MKRN3
OR10A3	OR10A3
OR1J1	OR1J1
OR1L8	OR1L8
P2RX3	P2RX3
PLD5	PLD5
PM20D1	PM20D1
PRELID3A	PRELID3A
SYTL4	SYTL4
TESC-AS1	TESC-AS1
TMEM145	TMEM145
TP73	TP73
UPK3B	UPK3B
WASIR2	WASIR2
ZNF157	ZNF157
ZNF19	ZNF19
DEC1	DEC1
GYPA	GYPA
IFIT1B	IFIT1B
LINC00570	LINC00570
MGAT3	MGAT3
NMU	NMU
RBMS3	RBMS3
UGT2B17	UGT2B17
AGXT	AGXT
EPCAM	EPCAM
ALPI	ALPI
CX3CL1	CX3CL1
DAB2IP	DAB2IP
DCDC2B	DCDC2B
DRD4	DRD4
F2RL3	F2RL3
G6PC	G6PC
GJC1	GJC1
GLT8D2	GLT8D2
GRM7	GRM7
KCP	KCP
KIAA1614	KIAA1614
KIF6	KIF6
LGI4	LGI4
LINC01703	LINC01703
LRRN4CL	LRRN4CL
MAPK8IP2	MAPK8IP2
MEIOB	MEIOB
MT1M	MT1M
NPEPL1	NPEPL1
NTSR1	NTSR1
PNMA8A	PNMA8A
PYGO1	PYGO1
RAPGEF5	RAPGEF5
TGM4	TGM4
ACSBG2	ACSBG2
BCAM	BCAM
C10orf105	C10orf105
CCDC181	CCDC181
CLDN7	CLDN7
CROCC2	CROCC2
DOCK1	DOCK1
ERVW-1	ERVW-1
FHDC1	FHDC1
GCNT3	GCNT3
GPR63	GPR63
HIST1H4J	HIST1H4J
JAG2	JAG2
LINC00492	LINC00492
LINC01270	LINC01270
LINC01315	LINC01315
LINC01842	LINC01842
LINC02054	LINC02054
LINC02381	LINC02381
LOX	LOX
MOGAT3	MOGAT3
OLFML2B	OLFML2B
PCDHA1	PCDHA1
PLA2G2D	PLA2G2D
PRKG1	PRKG1
PTH2R	PTH2R
RARRES1	RARRES1
RBP2	RBP2
SLC45A3	SLC45A3
SPAG6	SPAG6
TLE6	TLE6
ZNF155	ZNF155
BRDT	BRDT
COL6A6	COL6A6
FA2H	FA2H
FGD1	FGD1
FGF23	FGF23
GTSE1-DT	GTSE1-DT
HIGD2B	HIGD2B
HSD11B1	HSD11B1
LINC00907	LINC00907
LINC01907	LINC01907
LINC02226	LINC02226
LINC02252	LINC02252
MIR5000	MIR5000
OR4F15	OR4F15
PDE11A	PDE11A
PITPNM2-AS1	PITPNM2-AS1
PRB2	PRB2
PTPN14	PTPN14
STK31	STK31
TMEM132E	TMEM132E
ZSCAN10	ZSCAN10
ACAN	ACAN
ANKFN1	ANKFN1
ASIC3	ASIC3
CPNE4	CPNE4
CRYBA1	CRYBA1
DLX4	DLX4
DOC2B	DOC2B
FAM124A	FAM124A
HOGA1	HOGA1
LINC01672	LINC01672
LINC01786	LINC01786
POU2F3	POU2F3
RAX2	RAX2
TG	TG
TIE1	TIE1
TOMM20L	TOMM20L
TTC9B	TTC9B
ABCA13	ABCA13
C2orf50	C2orf50
CCDC40	CCDC40
CDH6	CDH6
CLUL1	CLUL1
ERVFRD-1	ERVFRD-1
GPRC5D	GPRC5D
HOMER3	HOMER3
IDO1	IDO1
KAZALD1	KAZALD1
LINC00677	LINC00677
LINC01374	LINC01374
LINC01902	LINC01902
LINC01949	LINC01949
LINC02363	LINC02363
LINC02470	LINC02470
MCF2	MCF2
MSH5-SAPCD1	MSH5-SAPCD1
NFASC	NFASC
NOSTRIN	NOSTRIN
PARD3B	PARD3B
PPP1R3G	PPP1R3G
SLC12A1	SLC12A1
STARD13	STARD13
TMEM130	TMEM130
XKR4	XKR4
ZFHX4	ZFHX4
ACOD1	ACOD1
ADAMDEC1	ADAMDEC1
ASB11	ASB11
BAMBI	BAMBI
BLACE	BLACE
C10orf55	C10orf55
C12orf80	C12orf80
C1orf100	C1orf100
C6orf223	C6orf223
CCDC38	CCDC38
CCDC74B	CCDC74B
CCL7	CCL7
COL15A1	COL15A1
COL7A1	COL7A1
CPEB2-DT	CPEB2-DT
CSF2	CSF2
DCSTAMP	DCSTAMP
DLX2	DLX2
EDN1	EDN1
EGR4	EGR4
EPOP	EPOP
ETV3L	ETV3L
F3	F3
FAM83A	FAM83A
FOXJ1	FOXJ1
FZD7	FZD7
GBP6	GBP6
GEM	GEM
GJB2	GJB2
GLRA1	GLRA1
GPR61	GPR61
GUCY2D	GUCY2D
H2AFB1	H2AFB1
HEY1	HEY1
HHIPL1	HHIPL1
HSFX3	HSFX3
IL1A	IL1A
INHBA	INHBA
ITGB1-DT	ITGB1-DT
LAMB3	LAMB3
LINC00346	LINC00346
LINC00656	LINC00656
LINC00964	LINC00964
LINC01262	LINC01262
LINC01366	LINC01366
LINC01492	LINC01492
LINC01960	LINC01960
LINC01973	LINC01973
LINC02426	LINC02426
LINC02541	LINC02541
LINC02639	LINC02639
MEX3B	MEX3B
MIR3680-2	MIR3680-2
MOGAT1	MOGAT1
NIPAL4	NIPAL4
ODF3L1	ODF3L1
OR2H1	OR2H1
OSR2	OSR2
PCLAF	PCLAF
PRPS1L1	PRPS1L1
RAPGEF4	RAPGEF4
RBM20	RBM20
RIBC1	RIBC1
RNF152	RNF152
S100A2	S100A2
SCUBE1	SCUBE1
SCUBE2	SCUBE2
SLAMF9	SLAMF9
SLC7A2	SLC7A2
TEX41	TEX41
TM4SF1	TM4SF1
TMEM213	TMEM213
TNFSF15	TNFSF15
TOP3B	TOP3B
XCR1	XCR1
ZDHHC11B	ZDHHC11B
C18orf65	C18orf65
C4BPB	C4BPB
C4orf45	C4orf45
CACNG8	CACNG8
COL27A1	COL27A1
CRLF2	CRLF2
CXXC5-AS1	CXXC5-AS1
E2F7	E2F7
GCSAML	GCSAML
GPRC5A	GPRC5A
HRH1	HRH1
IDO2	IDO2
IFNB1	IFNB1
IL17D	IL17D
KCNJ12	KCNJ12
LINC01093	LINC01093
LINC01554	LINC01554
MAPK8IP1	MAPK8IP1
MIR4645	MIR4645
MIR5188	MIR5188
OR52W1	OR52W1
SLC22A1	SLC22A1
HCAR3	HCAR3
SAMD15	SAMD15
ARL9	ARL9
C14orf178	C14orf178
C1orf141	C1orf141
CABLES1	CABLES1
CDKL2	CDKL2
COL4A1	COL4A1
DPYSL5	DPYSL5
EPGN	EPGN
ERG	ERG
FAM240B	FAM240B
FOCAD-AS1	FOCAD-AS1
GFAP	GFAP
IL19	IL19
KCNJ11	KCNJ11
LARP6	LARP6
LIF	LIF
LINC00881	LINC00881
LINC01010	LINC01010
LINC01169	LINC01169
LINC01348	LINC01348
LINC01629	LINC01629
LINC01740	LINC01740
LINC02154	LINC02154
MACC1	MACC1
MMP19	MMP19
NUDT10	NUDT10
OR2C3	OR2C3
RNF39	RNF39
SDC2	SDC2
SH2D6	SH2D6
SYT12	SYT12
TCHH	TCHH
ADGRG6	ADGRG6
ASB18	ASB18
BHLHE22	BHLHE22
BMP8A	BMP8A
CCDC27	CCDC27
CCN3	CCN3
CIART	CIART
CLEC18C	CLEC18C
CNRIP1	CNRIP1
CRYBB1	CRYBB1
CTSV	CTSV
DLC1	DLC1
DPYSL3	DPYSL3
ELFN1-AS1	ELFN1-AS1
EML1	EML1
ERICD	ERICD
FMO3	FMO3
FNDC4	FNDC4
GAD1	GAD1
GCK	GCK
GGT5	GGT5
GHR	GHR
GVQW2	GVQW2
HCG20	HCG20
HTR1F	HTR1F
INSYN2	INSYN2
IRX5	IRX5
ITPRIP-AS1	ITPRIP-AS1
KCNE5	KCNE5
KHDRBS3	KHDRBS3
LIMCH1	LIMCH1
LINC00636	LINC00636
LINC00939	LINC00939
LINC01811	LINC01811
LINC02605	LINC02605
MIR1208	MIR1208
MIR6077	MIR6077
MYCT1	MYCT1
OR3A3	OR3A3
PPARGC1A	PPARGC1A
PXT1	PXT1
RAB7B	RAB7B
RAI14	RAI14
RET	RET
RMRP	RMRP
SHROOM3	SHROOM3
SLC32A1	SLC32A1
SLC6A1	SLC6A1
SPINK1	SPINK1
ST18	ST18
STOX2	STOX2
SUN3	SUN3
TTLL10	TTLL10
UMODL1	UMODL1
VSNL1	VSNL1
ZIM2	ZIM2
ACBD7	ACBD7
MTCL1	MTCL1
C9orf153	C9orf153
CYP27C1	CYP27C1
EFNB2	EFNB2
FJX1	FJX1
MAFG	MAFG
MYT1L	MYT1L
PAX3	PAX3
SLC5A8	SLC5A8
ANKRD53	ANKRD53
ATP7B	ATP7B
C3orf80	C3orf80
C5orf67	C5orf67
CAPN13	CAPN13
CPA3	CPA3
CPXM1	CPXM1
DPYS	DPYS
DSG2	DSG2
HAP1	HAP1
HBG2	HBG2
KCNU1	KCNU1
KIAA1211	KIAA1211
LINC00607	LINC00607
MYCN	MYCN
NEURL2	NEURL2
OLFML2A	OLFML2A
PLOD2	PLOD2
SPTA1	SPTA1
TIMP3	TIMP3
VWCE	VWCE
MIR212	MIR212
NOX1	NOX1
TRPV4	TRPV4
ACSM2A	ACSM2A
AKR1E2	AKR1E2
CCN4	CCN4
LINC00880	LINC00880
PGM5P3-AS1	PGM5P3-AS1
SFTPB	SFTPB
ZFP91-CNTF	ZFP91-CNTF
EVPL	EVPL
MBD3L1	MBD3L1
SPDYE9P	SPDYE9P
TRPM6	TRPM6
C1QC	C1QC
FGD5	FGD5
GPR83	GPR83
KDELC1	KDELC1
LINC00384	LINC00384
MSX2	MSX2
LINC00501	LINC00501
ZFP42	ZFP42
AMY1B	AMY1B
AMY2A	AMY2A
CENPI	CENPI
DUOX2	DUOX2
FUT3	FUT3
FUT6	FUT6
GALNT16	GALNT16
INMT	INMT
IQANK1	IQANK1
LINC02530	LINC02530
OR2A25	OR2A25
PLS3	PLS3
PTCHD1	PTCHD1
RDH12	RDH12
STK32A	STK32A
SYT14	SYT14
VWA3B	VWA3B
ASS1	ASS1
CSMD2	CSMD2
GDA	GDA
HNRNPCL2	HNRNPCL2
KIF18B	KIF18B
MIR4422HG	MIR4422HG
PGF	PGF
WFDC1	WFDC1
CALN1	CALN1
FER1L5	FER1L5
MOG	MOG
NCCRP1	NCCRP1
TPD52L1	TPD52L1
ICAM3	ICAM3
FBXO43	FBXO43
MIR4488	MIR4488
SPACA3	SPACA3
ARHGAP39	ARHGAP39
GPC4	GPC4
MIR378D2HG	MIR378D2HG
LINC00355	LINC00355
PTGIS	PTGIS
COL26A1	COL26A1
KCNG2	KCNG2
LINC01122	LINC01122
TIGD4	TIGD4
LINC01890	LINC01890
LINC02166	LINC02166
SEMA3B	SEMA3B
NUTM2D	NUTM2D
BAIAP2L2	BAIAP2L2
C3orf70	C3orf70
CFAP157	CFAP157
CHD5	CHD5
KLHL4	KLHL4
EPHB3	EPHB3
GPER1	GPER1
LINC01285	LINC01285
KCNK10	KCNK10
LINC02334	LINC02334
PMFBP1	PMFBP1
RGS20	RGS20
RHEX	RHEX
ZNF534	ZNF534
BPIFB1	BPIFB1
CDHR2	CDHR2
GABRP	GABRP
ABCA9	ABCA9
ACSS3	ACSS3
AGRP	AGRP
ANKRD20A3	ANKRD20A3
ANKRD34B	ANKRD34B
ANXA8	ANXA8
ARMC12	ARMC12
ARSJ	ARSJ
ASPRV1	ASPRV1
ATP2B2	ATP2B2
AXDND1	AXDND1
BCL2L10	BCL2L10
BIRC7	BIRC7
C12orf56	C12orf56
C1orf127	C1orf127
C1QTNF4	C1QTNF4
C2orf27B	C2orf27B
C7orf57	C7orf57
C9orf163	C9orf163
CAVIN4	CAVIN4
CCR3	CCR3
CDHR5	CDHR5
CLLU1OS	CLLU1OS
CLTRN	CLTRN
CPS1	CPS1
CYP2D6	CYP2D6
CYP2J2	CYP2J2
CYYR1	CYYR1
DNMT3B	DNMT3B
EPHX3	EPHX3
FAM181B	FAM181B
FOXO6	FOXO6
FRMPD1	FRMPD1
GJA1	GJA1
GJC3	GJC3
GLYATL1	GLYATL1
GOLGA8T	GOLGA8T
GPRC5B	GPRC5B
GRIN1	GRIN1
GUCY2C	GUCY2C
HASPIN	HASPIN
HIST1H2BE	HIST1H2BE
HSD17B2	HSD17B2
INSYN2B	INSYN2B
ITIH1	ITIH1
KBTBD11-OT1	KBTBD11-OT1
KIF17	KIF17
KLHL13	KLHL13
LILRA4	LILRA4
LINC00235	LINC00235
LINC00266-1	LINC00266-1
LINC00266-4P	LINC00266-4P
LINC01134	LINC01134
LINC01191	LINC01191
LINC01301	LINC01301
LINC01393	LINC01393
LINC01692	LINC01692
LPIN3	LPIN3
LRGUK	LRGUK
MAEL	MAEL
MED26	MED26
MEX3A	MEX3A
MIR150	MIR150
MIR645	MIR645
MIR7846	MIR7846
MMP15	MMP15
MROH7	MROH7
MTSS1L	MTSS1L
NAT8L	NAT8L
NDUFA4L2	NDUFA4L2
NEURL1B	NEURL1B
OR10H5	OR10H5
OR5H14	OR5H14
PCAT14	PCAT14
PCAT19	PCAT19
PEBP4	PEBP4
PLCB4	PLCB4
PRH2	PRH2
RDH16	RDH16
RNF223	RNF223
RUNX2-AS1	RUNX2-AS1
SCARA5	SCARA5
SLC16A14	SLC16A14
STEAP2	STEAP2
SYCE3	SYCE3
TERT	TERT
TMEM217	TMEM217
TPBGL	TPBGL
TRIM6	TRIM6
UNC13B	UNC13B
VAT1L	VAT1L
ADGRB1	ADGRB1
ANKRD30A	ANKRD30A
APLP1	APLP1
ARHGEF17	ARHGEF17
ASIC1	ASIC1
CASQ1	CASQ1
CBX2	CBX2
CCN6	CCN6
CDH24	CDH24
CERS3	CERS3
CLGN	CLGN
CRABP2	CRABP2
CYGB	CYGB
CYSRT1	CYSRT1
DIAPH3	DIAPH3
DIO1	DIO1
DYNLRB2	DYNLRB2
EDRF1-DT	EDRF1-DT
EVA1A	EVA1A
GDF9	GDF9
GPC3	GPC3
HAS3	HAS3
HIGD1C	HIGD1C
HTR3A	HTR3A
IL10RB	IL10RB
KCNH6	KCNH6
KLHL10	KLHL10
KLKB1	KLKB1
LDLRAD2	LDLRAD2
LGI1	LGI1
LINC00637	LINC00637
LINC00970	LINC00970
LINC01185	LINC01185
LINC01486	LINC01486
LINC01664	LINC01664
LINC02055	LINC02055
LINC02257	LINC02257
M1AP	M1AP
METTL14-DT	METTL14-DT
MIR4505	MIR4505
MIR7-3HG	MIR7-3HG
MPP2	MPP2
MTTP	MTTP
MYRIP	MYRIP
NAALADL2	NAALADL2
NPR2	NPR2
NUTM2A	NUTM2A
P2RX6	P2RX6
PERM1	PERM1
PRR16	PRR16
PRRT4	PRRT4
PRSS8	PRSS8
PTPRH	PTPRH
RAI2	RAI2
RBM24	RBM24
RFX4	RFX4
SAMD5	SAMD5
SCG5	SCG5
SLC12A5	SLC12A5
SLC39A5	SLC39A5
SLC5A9	SLC5A9
STK32B	STK32B
SVOP	SVOP
TAC3	TAC3
TKTL2	TKTL2
TMEM132B	TMEM132B
TMEM78	TMEM78
TUBB8	TUBB8
ZBTB7C	ZBTB7C
ACKR2	ACKR2
ADGRA2	ADGRA2
ADGRD2	ADGRD2
ANKK1	ANKK1
ANKRD61	ANKRD61
APOA2	APOA2
ARHGAP20	ARHGAP20
ARHGAP23	ARHGAP23
ASAP3	ASAP3
BHMT2	BHMT2
C3orf67	C3orf67
C8orf82	C8orf82
CASC11	CASC11
CATSPER3	CATSPER3
CCER2	CCER2
CDC25C	CDC25C
CDH4	CDH4
CELA2B	CELA2B
CFAP99	CFAP99
CKM	CKM
CLDN4	CLDN4
DEUP1	DEUP1
ELOVL3	ELOVL3
FAM225B	FAM225B
FAM87A	FAM87A
FAT2	FAT2
GGN	GGN
GHET1	GHET1
GLTPD2	GLTPD2
GNRHR	GNRHR
GP2	GP2
HTR7	HTR7
IAPP	IAPP
IFNK	IFNK
IL2	IL2
ITIH3	ITIH3
JAKMIP3	JAKMIP3
KCNA2	KCNA2
KHK	KHK
KIF24	KIF24
KLC3	KLC3
LBX2	LBX2
LCN15	LCN15
LINC00381	LINC00381
LINC00519	LINC00519
LINC00882	LINC00882
LINC00896	LINC00896
LINC00941	LINC00941
LINC01133	LINC01133
LINC01144	LINC01144
LINC01426	LINC01426
LINC01474	LINC01474
LINC01482	LINC01482
LINC01553	LINC01553
LINC01602	LINC01602
LINC01887	LINC01887
LINC02043	LINC02043
LINC02172	LINC02172
LINC02188	LINC02188
LINC02452	LINC02452
LINC02471	LINC02471
LINC02595	LINC02595
LPAR3	LPAR3
LPO	LPO
MEPE	MEPE
MIR760	MIR760
MPP3	MPP3
MUSK	MUSK
OLIG2	OLIG2
OR2A5	OR2A5
OR2G6	OR2G6
OR52A1	OR52A1
PCDHB1	PCDHB1
PKD1L3	PKD1L3
PLEKHG4B	PLEKHG4B
PPP1R1B	PPP1R1B
PRKAG3	PRKAG3
PRRG1	PRRG1
QRFP	QRFP
RAET1E	RAET1E
RCVRN	RCVRN
SHC3	SHC3
SLC25A18	SLC25A18
SMIM22	SMIM22
SORCS2	SORCS2
ST6GAL2	ST6GAL2
ST6GALNAC2	ST6GALNAC2
SUCNR1	SUCNR1
TMEM221	TMEM221
TMPRSS11A	TMPRSS11A
UGT1A8	UGT1A8
UPK1B	UPK1B
USP43	USP43
VTN	VTN
WDR93	WDR93
WFDC3	WFDC3
ZFHX2	ZFHX2
ZNF536	ZNF536
ADCY6	ADCY6
ADRA2A	ADRA2A
ARC	ARC
ARPP21	ARPP21
ATP6V1C2	ATP6V1C2
C15orf62	C15orf62
C1orf189	C1orf189
C2orf16	C2orf16
CALCB	CALCB
CASC9	CASC9
CCDC175	CCDC175
COBL	COBL
CRYGD	CRYGD
CYP4B1	CYP4B1
EHD2	EHD2
EXO1	EXO1
FBXO16	FBXO16
FSCN3	FSCN3
GLRA3	GLRA3
GNB3	GNB3
GNG4	GNG4
GPC1	GPC1
GRIA3	GRIA3
GSG1L	GSG1L
GSTM5	GSTM5
HIST1H2BI	HIST1H2BI
HIST1H3B	HIST1H3B
ITGA7	ITGA7
KCNK1	KCNK1
KIR3DL3	KIR3DL3
KL	KL
LINC01163	LINC01163
LINC01375	LINC01375
LINC01478	LINC01478
LINC01976	LINC01976
LINC02195	LINC02195
LINC02666	LINC02666
MGARP	MGARP
MKRN2OS	MKRN2OS
MSANTD3-TMEFF1	MSANTD3-TMEFF1
NCKAP5	NCKAP5
NEURL4	NEURL4
NPAP1	NPAP1
NPW	NPW
NUTM2G	NUTM2G
NYNRIN	NYNRIN
OBSL1	OBSL1
PAQR4	PAQR4
PDE2A	PDE2A
PDZD9	PDZD9
PEAR1	PEAR1
PITPNM3	PITPNM3
PPP4R4	PPP4R4
PRB3	PRB3
PRELP	PRELP
PROM1	PROM1
PTGFR	PTGFR
RSPH1	RSPH1
SH3RF3-AS1	SH3RF3-AS1
SLPI	SLPI
SMIM34A	SMIM34A
SMIM41	SMIM41
SMOC1	SMOC1
SNORC	SNORC
SRPX	SRPX
SULT1C4	SULT1C4
SULT2A1	SULT2A1
TEX29	TEX29
TMEM17	TMEM17
TMEM262	TMEM262
TMPRSS5	TMPRSS5
TNFSF11	TNFSF11
TRAPPC3L	TRAPPC3L
TSSK3	TSSK3
ZNF503-AS1	ZNF503-AS1
ZNF607	ZNF607
ANXA13	ANXA13
ART4	ART4
C20orf144	C20orf144
C8orf49	C8orf49
CCDC155	CCDC155
CDH17	CDH17
CLDN11	CLDN11
DCLK1	DCLK1
DDX25	DDX25
DOC2A	DOC2A
DPP10	DPP10
ELF5	ELF5
ESRP1	ESRP1
FANCD2OS	FANCD2OS
FGFR4	FGFR4
GFRA3	GFRA3
HECW1	HECW1
INSYN1	INSYN1
IYD	IYD
JADRR	JADRR
LAMA1	LAMA1
LINC00333	LINC00333
LINC00486	LINC00486
LINC00700	LINC00700
LINC01103	LINC01103
LINC01304	LINC01304
LINC01435	LINC01435
LINC02108	LINC02108
LINC02109	LINC02109
LINC02225	LINC02225
LINC02374	LINC02374
LINC02465	LINC02465
LINC02550	LINC02550
LRIT1	LRIT1
LRP1B	LRP1B
MGAT4C	MGAT4C
MOBP	MOBP
MT1H	MT1H
NANOGNB	NANOGNB
NPPB	NPPB
OR1M1	OR1M1
OR6C75	OR6C75
OTUD6A	OTUD6A
PCDH11Y	PCDH11Y
PCGEM1	PCGEM1
PLCH1	PLCH1
PPEF2	PPEF2
PPIAL4E	PPIAL4E
PREX2	PREX2
PRMT8	PRMT8
PROK1	PROK1
PXDNL	PXDNL
RAB3C	RAB3C
SHANK3	SHANK3
SLC22A24	SLC22A24
SLC22A9	SLC22A9
SNTG1	SNTG1
SPOCK3	SPOCK3
SULT6B1	SULT6B1
TBPL2	TBPL2
TRPM8	TRPM8
WSCD1	WSCD1
ZNF593	ZNF593
CFAP74	CFAP74
DAGLA	DAGLA
LINC01224	LINC01224
LINC01344	LINC01344
LINC01978	LINC01978
LNCARSR	LNCARSR
MLIP	MLIP
PCDHB2	PCDHB2
SERPINB5	SERPINB5
SLC1A6	SLC1A6
SLC30A2	SLC30A2
GAPLINC	GAPLINC
KRT39	KRT39
LINC01204	LINC01204
ADIPOQ	ADIPOQ
ANKRD40CL	ANKRD40CL
ANKS4B	ANKS4B
ANO4	ANO4
ARHGEF15	ARHGEF15
ASPA	ASPA
ATP1A2	ATP1A2
C7orf65	C7orf65
CEL	CEL
CFAP47	CFAP47
CHRNA3	CHRNA3
CNGA1	CNGA1
DNAJC5G	DNAJC5G
EXOC3L2	EXOC3L2
FAM9B	FAM9B
FLG2	FLG2
GABRB3	GABRB3
GAS6-DT	GAS6-DT
GULP1	GULP1
HRH4	HRH4
HSD11B2	HSD11B2
IL1RAPL1	IL1RAPL1
IZUMO1	IZUMO1
KCNG4	KCNG4
KCNJ5	KCNJ5
KLK10	KLK10
LINC00477	LINC00477
LINC00664	LINC00664
LINC00895	LINC00895
LINC01858	LINC01858
LINC02139	LINC02139
LPAR4	LPAR4
MIPOL1	MIPOL1
NR2F1	NR2F1
OR6J1	OR6J1
PNLIPRP1	PNLIPRP1
RAB3B	RAB3B
RIPPLY3	RIPPLY3
SEMA3E	SEMA3E
SLC27A6	SLC27A6
SMIM31	SMIM31
TBL1Y	TBL1Y
TCF23	TCF23
TERB1	TERB1
TMEM132D	TMEM132D
TMEM98	TMEM98
TMPRSS4	TMPRSS4
WNT9B	WNT9B
CCDC110	CCDC110
COL16A1	COL16A1
FAM215A	FAM215A
IGF1	IGF1
ISL2	ISL2
KCNA5	KCNA5
KCNMB2	KCNMB2
KRTAP6-2	KRTAP6-2
LGALS14	LGALS14
LINC00200	LINC00200
LINC02280	LINC02280
MIR4734	MIR4734
MYMX	MYMX
NECAB2	NECAB2
OR6Y1	OR6Y1
PLSCR2	PLSCR2
RFX8	RFX8
RSPH14	RSPH14
SLC5A2	SLC5A2
SLITRK2	SLITRK2
TEDC2	TEDC2
TMEM37	TMEM37
TRIM31	TRIM31
CFAP57	CFAP57
CLPS	CLPS
ENPP3	ENPP3
GALR1	GALR1
PGA4	PGA4
SPATA31D4	SPATA31D4
VAX2	VAX2
CDK15	CDK15
IL2RG	IL2RG
LINC02606	LINC02606
LRRC32	LRRC32
NALCN	NALCN
NLGN4X	NLGN4X
PIGR	PIGR
PRDM16	PRDM16
RHOD	RHOD
SFTA2	SFTA2
B3GNT3	B3GNT3
CHIT1	CHIT1
DNTT	DNTT
FNDC11	FNDC11
HYAL4	HYAL4
IL17RD	IL17RD
LINC00563	LINC00563
LINC01335	LINC01335
LINC02332	LINC02332
LINC02513	LINC02513
NOVA1	NOVA1
OR10A2	OR10A2
PNLDC1	PNLDC1
RAG1	RAG1
TMEM132C	TMEM132C
TP53TG3	TP53TG3
A4GALT	A4GALT
ANO1	ANO1
ASIC4	ASIC4
C14orf39	C14orf39
CCDC81	CCDC81
CDH8	CDH8
CGNL1	CGNL1
CREG2	CREG2
EMX2	EMX2
EYA1	EYA1
FAT3	FAT3
FBXW10	FBXW10
FRG2	FRG2
GOLGA6L22	GOLGA6L22
GOLGA6L6	GOLGA6L6
GOLGA8F	GOLGA8F
GRM6	GRM6
GYG2	GYG2
HSPB2-C11orf52	HSPB2-C11orf52
KCNJ6	KCNJ6
KLK11	KLK11
KRT15	KRT15
KRTAP9-6	KRTAP9-6
LIN28B-AS1	LIN28B-AS1
LINC01289	LINC01289
LINC02261	LINC02261
LRAT	LRAT
LRRC74B	LRRC74B
LRRIQ1	LRRIQ1
MET	MET
MINAR2	MINAR2
MS4A10	MS4A10
MSX1	MSX1
MTRNR2L13	MTRNR2L13
MUC19	MUC19
NECTIN4	NECTIN4
NLRP8	NLRP8
PLET1	PLET1
PSORS1C1	PSORS1C1
RAB3IL1	RAB3IL1
RGPD4-AS1	RGPD4-AS1
SALL4	SALL4
SLC2A10	SLC2A10
SPDYE8P	SPDYE8P
SSX2	SSX2
SYNE4	SYNE4
VGLL3	VGLL3
XKRX	XKRX
ZNF729	ZNF729
AARD	AARD
ABCC8	ABCC8
ACSM5	ACSM5
ADGRA1	ADGRA1
AGBL1	AGBL1
ARFGEF3	ARFGEF3
ARSE	ARSE
C1orf229	C1orf229
C1QTNF2	C1QTNF2
C4A	C4A
CASP14	CASP14
CFAP221	CFAP221
CLDN16	CLDN16
CLN6	CLN6
COL21A1	COL21A1
COL9A1	COL9A1
DCDC2	DCDC2
DZIP1	DZIP1
FAM110D	FAM110D
FBXO27	FBXO27
FOXI3	FOXI3
FRG2B	FRG2B
GABRE	GABRE
GRM4	GRM4
HNF4A	HNF4A
HNRNPCL1	HNRNPCL1
HPN	HPN
KIAA1210	KIAA1210
LINC00942	LINC00942
LINC01141	LINC01141
LINC02141	LINC02141
LMX1B	LMX1B
LUADT1	LUADT1
MAP2	MAP2
MAPK12	MAPK12
MARCH4	MARCH4
MASP1	MASP1
MGAT5B	MGAT5B
MYBPHL	MYBPHL
NOS1	NOS1
PCDH7	PCDH7
SEPT3	SEPT3
SIGLEC8	SIGLEC8
SYT8	SYT8
TDGF1	TDGF1
TEX36	TEX36
TMC7	TMC7
TMPRSS7	TMPRSS7
TRABD2B	TRABD2B
UCN3	UCN3
ZIM3	ZIM3
ZNF679	ZNF679
AADAT	AADAT
ALDH1L1	ALDH1L1
ANP32D	ANP32D
AQP6	AQP6
ARSF	ARSF
B3GALT1	B3GALT1
B3GALT5	B3GALT5
BEST3	BEST3
C13orf42	C13orf42
C17orf78	C17orf78
C2orf80	C2orf80
C7	C7
C8orf86	C8orf86
CACNA1E	CACNA1E
CASC20	CASC20
CCDC114	CCDC114
CDHR4	CDHR4
CELA2A	CELA2A
CFAP52	CFAP52
CLEC19A	CLEC19A
CNNM1	CNNM1
COL8A1	COL8A1
CPA2	CPA2
CTCFL	CTCFL
CYP2B6	CYP2B6
CYP3A43	CYP3A43
CYP4F8	CYP4F8
DCDC1	DCDC1
DEFB133	DEFB133
DGKB	DGKB
DIRAS3	DIRAS3
DNAH9	DNAH9
DNAJC22	DNAJC22
ELAVL2	ELAVL2
ELAVL3	ELAVL3
ELN	ELN
ERN2	ERN2
FAM107A	FAM107A
FAM9A	FAM9A
FGF13	FGF13
FMN2	FMN2
FOXL2NB	FOXL2NB
GABRG2	GABRG2
GALNT9	GALNT9
GAS1RR	GAS1RR
GRAMD2A	GRAMD2A
HCN1	HCN1
HNF4G	HNF4G
HRG	HRG
HTR1D	HTR1D
IGSF1	IGSF1
KIAA0087	KIAA0087
KLK7	KLK7
LDB3	LDB3
LEP	LEP
LINC-ROR	LINC-ROR
LINC00330	LINC00330
LINC00687	LINC00687
LINC00904	LINC00904
LINC00958	LINC00958
LINC01206	LINC01206
LINC01299	LINC01299
LINC01429	LINC01429
LINC01441	LINC01441
LINC01484	LINC01484
LINC01515	LINC01515
LINC01537	LINC01537
LINC01551	LINC01551
LINC01558	LINC01558
LINC01676	LINC01676
LINC01754	LINC01754
LINC01762	LINC01762
LINC01836	LINC01836
LINC01936	LINC01936
LINC01972	LINC01972
LINC02069	LINC02069
LINC02087	LINC02087
LINC02181	LINC02181
LINC02214	LINC02214
LINC02216	LINC02216
LINC02338	LINC02338
LINC02388	LINC02388
LINC02408	LINC02408
LINC02476	LINC02476
LINC02507	LINC02507
LINC02533	LINC02533
LINC02570	LINC02570
LRTM1	LRTM1
MARK1	MARK1
MFAP5	MFAP5
MINAR1	MINAR1
MIR34AHG	MIR34AHG
MIR4300HG	MIR4300HG
MS4A2	MS4A2
MYOM3	MYOM3
NANOS2	NANOS2
NFIB	NFIB
NLRP11	NLRP11
NPSR1	NPSR1
OLAH	OLAH
OR10G3	OR10G3
OR10J1	OR10J1
OR10K1	OR10K1
OR14J1	OR14J1
OR2AG2	OR2AG2
OR2AT4	OR2AT4
OR5AU1	OR5AU1
OR6C6	OR6C6
OR7D4	OR7D4
OR8A1	OR8A1
OR8H1	OR8H1
PCDHB11	PCDHB11
PDLIM3	PDLIM3
PDPN	PDPN
POTEH	POTEH
POU3F2	POU3F2
PRDM7	PRDM7
PSG2	PSG2
PSG5	PSG5
PTPN3	PTPN3
RAB42	RAB42
RP1L1	RP1L1
RSPH10B2	RSPH10B2
SCN1A	SCN1A
SCN7A	SCN7A
SCRT1	SCRT1
SEC14L4	SEC14L4
SEMA3F	SEMA3F
SHISA6	SHISA6
SLC25A21	SLC25A21
SLC2A4	SLC2A4
SLC30A8	SLC30A8
SLC47A2	SLC47A2
SLCO5A1	SLCO5A1
SMC2-AS1	SMC2-AS1
SMIM36	SMIM36
SPAAR	SPAAR
SPATA17	SPATA17
TMC2	TMC2
TMEM212	TMEM212
TNFAIP8L3	TNFAIP8L3
TOM1L1	TOM1L1
TRIM60	TRIM60
TRPM3	TRPM3
UGT2B4	UGT2B4
VAX1	VAX1
VWA5B1	VWA5B1
ZG16	ZG16
ZIC3	ZIC3
ADAM11	ADAM11
ADGRL3	ADGRL3
B3GNT9	B3GNT9
BMPR1B	BMPR1B
C1orf158	C1orf158
C8orf88	C8orf88
CHRNA6	CHRNA6
CST1	CST1
CST5	CST5
CXCL11	CXCL11
DCHS1	DCHS1
ELFN1	ELFN1
FAM133A	FAM133A
FAM155A	FAM155A
GABBR2	GABBR2
GABRD	GABRD
HHIP	HHIP
LINC01114	LINC01114
LINC01470	LINC01470
LINC02071	LINC02071
LINC02145	LINC02145
LINC02271	LINC02271
LINC02485	LINC02485
LYPD4	LYPD4
MYOCOS	MYOCOS
NPY1R	NPY1R
ONECUT2	ONECUT2
SCN2A	SCN2A
SHISAL2B	SHISAL2B
SLC16A12	SLC16A12
SLC6A2	SLC6A2
SOX11	SOX11
SPOCD1	SPOCD1
TBC1D3	TBC1D3
TBC1D3H	TBC1D3H
TBC1D3I	TBC1D3I
TCERG1L	TCERG1L
TMC5	TMC5
TPSAB1	TPSAB1
AICDA	AICDA
C10orf82	C10orf82
CCDC33	CCDC33
CCM2L	CCM2L
CHST9	CHST9
CPN1	CPN1
DCD	DCD
DPP6	DPP6
DRC7	DRC7
DRICH1	DRICH1
LINC00596	LINC00596
LINC01152	LINC01152
LINC01425	LINC01425
LINC02037	LINC02037
LINC02624	LINC02624
MOCOS	MOCOS
MYL10	MYL10
MYORG	MYORG
MYRFL	MYRFL
NAV3	NAV3
PPFIA2	PPFIA2
RAX	RAX
RTN4RL1	RTN4RL1
SERPINA10	SERPINA10
STRC	STRC
TBC1D3B	TBC1D3B
TEAD1	TEAD1
ANKRD45	ANKRD45
C19orf85	C19orf85
CSRNP3	CSRNP3
F8A3	F8A3
GPR25	GPR25
GRIK2	GRIK2
KRT84	KRT84
LINC01234	LINC01234
LINC01275	LINC01275
LINC01819	LINC01819
LINC02036	LINC02036
LINC02099	LINC02099
MATN1	MATN1
MEG8	MEG8
MYL1	MYL1
PTPRF	PTPRF
RALYL	RALYL
SCHLAP1	SCHLAP1
SRCIN1	SRCIN1
TP53RK	TP53RK
A2ML1	A2ML1
ABCG4	ABCG4
AMER3	AMER3
ART5	ART5
CHAD	CHAD
COX7B2	COX7B2
CXCR5	CXCR5
DERL3	DERL3
DSC3	DSC3
ECEL1	ECEL1
EMCN	EMCN
GPR1	GPR1
GRIA1	GRIA1
ILDR1	ILDR1
KIF25-AS1	KIF25-AS1
LINC00682	LINC00682
LINC00836	LINC00836
LINC02240	LINC02240
LRRC63	LRRC63
METTL1	METTL1
MGAT2	MGAT2
PAX1	PAX1
PLEKHG5	PLEKHG5
PRDM14	PRDM14
PURPL	PURPL
RAB23	RAB23
SOX30	SOX30
SPINK4	SPINK4
TRBV11-2	TRBV11-2
ZDHHC22	ZDHHC22
ZNF112	ZNF112
ZNF705A	ZNF705A
ZNF80	ZNF80
ABCB5	ABCB5
ACMSD	ACMSD
ACSM2B	ACSM2B
ADAM32	ADAM32
ADAMTSL3	ADAMTSL3
AFAP1L1	AFAP1L1
AK7	AK7
AMER2	AMER2
AQP7	AQP7
ARHGEF25	ARHGEF25
ARL5C	ARL5C
ATP1B4	ATP1B4
B3GNT6	B3GNT6
BCAR1	BCAR1
BMP3	BMP3
BMP4	BMP4
BMP7	BMP7
C1orf105	C1orf105
C1orf210	C1orf210
C1QL1	C1QL1
C8orf34	C8orf34
CABP1	CABP1
CBARP	CBARP
CCDC197	CCDC197
CCN5	CCN5
CD300LG	CD300LG
CDH11	CDH11
CEACAM5	CEACAM5
CFAP299	CFAP299
CFAP61	CFAP61
CLEC4M	CLEC4M
CNTNAP3	CNTNAP3
COL5A2	COL5A2
DAND5	DAND5
DCST1	DCST1
DCT	DCT
EBF2	EBF2
EFCAB6	EFCAB6
ELMOD1	ELMOD1
ENOX1	ENOX1
EPHA10	EPHA10
ERFE	ERFE
FABP3	FABP3
FAM47E	FAM47E
FAM83E	FAM83E
FAM9C	FAM9C
GAGE12F	GAGE12F
GALNT15	GALNT15
GALNT17	GALNT17
GAST	GAST
GAU1	GAU1
GFRAL	GFRAL
GGT2	GGT2
GGT6	GGT6
GGTLC1	GGTLC1
GNG3	GNG3
GOLT1A	GOLT1A
GRB7	GRB7
GRIK5	GRIK5
GSDMC	GSDMC
HMCN2	HMCN2
HTN3	HTN3
IRX4	IRX4
KAZN	KAZN
KBTBD12	KBTBD12
KCNE4	KCNE4
KCNV1	KCNV1
KLHDC7A	KLHDC7A
KNG1	KNG1
LAMB4	LAMB4
LAMC2	LAMC2
LINC00327	LINC00327
LINC00337	LINC00337
LINC00485	LINC00485
LINC00504	LINC00504
LINC00574	LINC00574
LINC00702	LINC00702
LINC00934	LINC00934
LINC00971	LINC00971
LINC00997	LINC00997
LINC01099	LINC01099
LINC01102	LINC01102
LINC01180	LINC01180
LINC01192	LINC01192
LINC01254	LINC01254
LINC01273	LINC01273
LINC01277	LINC01277
LINC01337	LINC01337
LINC01496	LINC01496
LINC01516	LINC01516
LINC01545	LINC01545
LINC01583	LINC01583
LINC01630	LINC01630
LINC01638	LINC01638
LINC01856	LINC01856
LINC01922	LINC01922
LINC01977	LINC01977
LINC02093	LINC02093
LINC02111	LINC02111
LINC02177	LINC02177
LINC02179	LINC02179
LINC02268	LINC02268
LINC02270	LINC02270
LINC02275	LINC02275
LINC02324	LINC02324
LINC02395	LINC02395
LINC02504	LINC02504
LINC02603	LINC02603
LINC02664	LINC02664
LMO7DN	LMO7DN
LRRC4C	LRRC4C
MAGEB10	MAGEB10
MAGI1	MAGI1
MIR122HG	MIR122HG
MIR548XHG	MIR548XHG
MMP13	MMP13
MPP4	MPP4
MRO	MRO
MSI1	MSI1
MTRNR2L7	MTRNR2L7
MUC20	MUC20
MYPN	MYPN
NPAS3	NPAS3
ODAPH	ODAPH
OOSP4B	OOSP4B
OPRK1	OPRK1
OR1A1	OR1A1
OR2T33	OR2T33
OR4K13	OR4K13
OR4K2	OR4K2
OR51M1	OR51M1
OR52I1	OR52I1
OSMR-AS1	OSMR-AS1
PAGE1	PAGE1
PALM2	PALM2
PAQR5	PAQR5
PBOV1	PBOV1
PCAT18	PCAT18
PCAT5	PCAT5
PCDH10	PCDH10
PCDHB13	PCDHB13
PHACTR3	PHACTR3
PIH1D2	PIH1D2
PLA2G10	PLA2G10
PLA2G5	PLA2G5
PRLHR	PRLHR
PTGER3	PTGER3
PURG	PURG
RAB11FIP5	RAB11FIP5
RCOR2	RCOR2
RD3	RD3
RGL3	RGL3
SAMD7	SAMD7
SCN2B	SCN2B
SEMA3D	SEMA3D
SEPT12	SEPT12
SHANK2	SHANK2
SHROOM4	SHROOM4
SIX3	SIX3
SLC22A31	SLC22A31
SLC25A41	SLC25A41
SLC25A48	SLC25A48
SLC26A4	SLC26A4
SLC6A14	SLC6A14
SPINK9	SPINK9
SPSB4	SPSB4
SV2B	SV2B
SVEP1	SVEP1
TAF7L	TAF7L
TCEAL5	TCEAL5
TEKT3	TEKT3
TEX11	TEX11
THSD4	THSD4
TMC1	TMC1
TMCO2	TMCO2
TMEM108	TMEM108
TNNI1	TNNI1
TPRX1	TPRX1
TPSB2	TPSB2
TRIM29	TRIM29
TRIML2	TRIML2
TTPA	TTPA
UGT2B11	UGT2B11
VWC2L	VWC2L
WEE2	WEE2
ZBED9	ZBED9
ZCCHC12	ZCCHC12
ZNF423	ZNF423
ARNT2	ARNT2
BDNF	BDNF
CAMK2B	CAMK2B
COL1A2	COL1A2
DLX6	DLX6
FIBCD1	FIBCD1
KCNQ2	KCNQ2
LGALS7B	LGALS7B
LINC00581	LINC00581
LINC00839	LINC00839
LINC01634	LINC01634
LINC01733	LINC01733
LINC01961	LINC01961
LINC02042	LINC02042
NTNG1	NTNG1
NXNL2	NXNL2
OR2M4	OR2M4
OR4K17	OR4K17
OTOG	OTOG
PRR20E	PRR20E
PTPRD-AS1	PTPRD-AS1
RGSL1	RGSL1
SCN4B	SCN4B
SERPINB11	SERPINB11
SIX4	SIX4
SLC38A3	SLC38A3
SLC7A9	SLC7A9
STRA6	STRA6
ADAMTSL2	ADAMTSL2
AGMO	AGMO
ALPP	ALPP
BARX2	BARX2
C12orf50	C12orf50
C12orf77	C12orf77
CASQ2	CASQ2
CASTOR2	CASTOR2
CELA3B	CELA3B
CLDN1	CLDN1
CLEC3A	CLEC3A
CTRB1	CTRB1
CYP4A22-AS1	CYP4A22-AS1
DAPL1	DAPL1
DCHS2	DCHS2
DCN	DCN
EFNA2	EFNA2
ESRRG	ESRRG
FXYD3	FXYD3
GPR12	GPR12
GSTT4	GSTT4
HUNK	HUNK
LINC00566	LINC00566
LINC01090	LINC01090
LINC01320	LINC01320
LINC01356	LINC01356
LINC01460	LINC01460
LINC01782	LINC01782
LINC01843	LINC01843
LINC02137	LINC02137
LINC02249	LINC02249
LINC02404	LINC02404
LINC02505	LINC02505
LMO3	LMO3
LSINCT5	LSINCT5
LYPD6	LYPD6
MAFTRR	MAFTRR
MB	MB
MC5R	MC5R
MLPH	MLPH
NOX4	NOX4
NTRK3	NTRK3
OR2A12	OR2A12
OR5V1	OR5V1
PAEP	PAEP
PLK5	PLK5
PLXNB1	PLXNB1
PPP1R14D	PPP1R14D
PPP1R36	PPP1R36
RBP1	RBP1
REEP2	REEP2
SEC14L6	SEC14L6
SHANK1	SHANK1
SHOX2	SHOX2
SLC17A7	SLC17A7
SRARP	SRARP
ST8SIA5	ST8SIA5
TARM1	TARM1
TEX15	TEX15
TMEM233	TMEM233
TRPM1	TRPM1
WFDC8	WFDC8
XKR5	XKR5
ABCC9	ABCC9
ACTG2	ACTG2
ADH1B	ADH1B
ANK2	ANK2
ANO7	ANO7
APOD	APOD
ASZ1	ASZ1
AVPR1A	AVPR1A
BMPER	BMPER
BMS1P14	BMS1P14
BTNL8	BTNL8
C10orf67	C10orf67
CA3	CA3
CACNG7	CACNG7
CCDC158	CCDC158
CCDC169-SOHLH2	CCDC169-SOHLH2
CFAP206	CFAP206
CHMP4C	CHMP4C
CNTN4	CNTN4
COL4A2	COL4A2
CPA4	CPA4
CRISPLD1	CRISPLD1
CSMD3	CSMD3
CSRP3	CSRP3
CTAGE4	CTAGE4
CYLC2	CYLC2
CYP3A4	CYP3A4
CYP4F11	CYP4F11
DDN	DDN
DIRAS1	DIRAS1
DNASE1L2	DNASE1L2
EPS8L3	EPS8L3
FAM169B	FAM169B
FBN3	FBN3
FBXW12	FBXW12
FGF18	FGF18
FGF2	FGF2
FGF5	FGF5
FOXE1	FOXE1
FREM2	FREM2
FUT9	FUT9
GALNT13	GALNT13
GDF5	GDF5
GLYATL2	GLYATL2
GOLGA6A	GOLGA6A
GRK7	GRK7
GRM8	GRM8
HIST1H2BO	HIST1H2BO
HTR3B	HTR3B
IGSF11	IGSF11
JCAD	JCAD
KCNH5	KCNH5
KCNK3	KCNK3
KCTD16	KCTD16
KLF17	KLF17
KY	KY
LGSN	LGSN
LINC00668	LINC00668
LINC01047	LINC01047
LINC01091	LINC01091
LINC01227	LINC01227
LINC01228	LINC01228
LINC01443	LINC01443
LINC01485	LINC01485
LINC01595	LINC01595
LINC01823	LINC01823
LINC01903	LINC01903
LINC02023	LINC02023
LINC02117	LINC02117
LINC02291	LINC02291
LINC02327	LINC02327
LINC02359	LINC02359
LINC02506	LINC02506
LINC02573	LINC02573
LINC02654	LINC02654
MEIS2	MEIS2
MIR4466	MIR4466
MUC4	MUC4
NCAM2	NCAM2
OR10K2	OR10K2
OR1D2	OR1D2
OR2M3	OR2M3
OR2V2	OR2V2
OR4P4	OR4P4
OR8J3	OR8J3
P4HA3-AS1	P4HA3-AS1
PIMREG	PIMREG
PIR	PIR
PLA2G1B	PLA2G1B
PLA2G4D	PLA2G4D
PLIN1	PLIN1
PODN	PODN
PPP4R1-AS1	PPP4R1-AS1
PRKAA2	PRKAA2
PRKCG	PRKCG
PRODH	PRODH
PRR26	PRR26
PRR36	PRR36
PRSS55	PRSS55
PWRN2	PWRN2
RUNX1T1	RUNX1T1
SCGB1B2P	SCGB1B2P
SEZ6L2	SEZ6L2
SGIP1	SGIP1
SLC34A2	SLC34A2
SLC6A7	SLC6A7
SMPDL3B	SMPDL3B
SNHG27	SNHG27
SPARCL1	SPARCL1
SPDYC	SPDYC
STAC2	STAC2
SUSD2	SUSD2
TAS2R42	TAS2R42
UBE2U	UBE2U
UNC13A	UNC13A
VWA7	VWA7
WNT3	WNT3
YAP1	YAP1
ZNF334	ZNF334
ZNF474	ZNF474
ZNF585B	ZNF585B
ADGRF2	ADGRF2
ATRNL1	ATRNL1
BARX1	BARX1
C22orf39	C22orf39
C8orf74	C8orf74
CAMK2A	CAMK2A
CEND1	CEND1
CHRD	CHRD
CILP	CILP
COX7A1	COX7A1
CXCL6	CXCL6
DGKI	DGKI
DIRAS2	DIRAS2
EFNB3	EFNB3
FAM180A	FAM180A
FOXI2	FOXI2
GADL1	GADL1
GALNT8	GALNT8
GRM5	GRM5
ILDR2	ILDR2
KIAA1549L	KIAA1549L
KIF25	KIF25
KLK2	KLK2
LINC00423	LINC00423
LINC00567	LINC00567
LINC01514	LINC01514
LINC01625	LINC01625
LINC01985	LINC01985
LINC02608	LINC02608
MEP1A	MEP1A
MT1HL1	MT1HL1
MUC16	MUC16
PANDAR	PANDAR
PCDHB14	PCDHB14
PGM5P4-AS1	PGM5P4-AS1
PPIAL4D	PPIAL4D
PPP2R2C	PPP2R2C
RIMS1	RIMS1
SLC6A11	SLC6A11
ST8SIA3	ST8SIA3
STK4-AS1	STK4-AS1
SYT3	SYT3
TLL2	TLL2
TMEM178B	TMEM178B
TMEM179	TMEM179
TPTE2	TPTE2
TULP1	TULP1
AMY1C	AMY1C
CLCA4	CLCA4
CPA6	CPA6
DIPK2B	DIPK2B
FAM135B	FAM135B
HNRNPCL3	HNRNPCL3
ITPKA	ITPKA
KLHL30	KLHL30
LINC02613	LINC02613
NRSN1	NRSN1
PHF21B	PHF21B
RGS7BP	RGS7BP
SLC30A3	SLC30A3
TECTB	TECTB
TFAP2A	TFAP2A
